order_id,product_name,category,subcategory,price,quantity,total_amount,order_date,customer_region,payment_method,order_status,customer_age,customer_gender
ORD000000,网易严选床垫,家居,家居家居,6964.58,3,20893.74,2024/06/03,华东,支付宝,completed,53,男
ORD000001,Kindle Paperwhite,电子产品,电子产品,830.99,1,830.99,2024/01/13,华中,银行卡,completed,59,男
ORD000002,德芙巧克力,食品,食品食品,6884.74,7,48193.18,2024/05/29,华北,信用卡,completed,23,男
ORD000003,iPad Air,电子产品,电子产品,9447.99,9,85031.91,2024/09/16,西南,支付宝,completed,41,女
ORD000004,宜家书架,家居,家居家居,5129.51,10,51295.1,2024/08/21,华东,支付宝,completed,25,男
ORD000005,AirPods Pro,电子产品,电子产品,2026.07,2,4052.14,2024/11/23,华南,支付宝,completed,45,男
ORD000006,Sony WH-1000XM5,电子产品,电子产品,3097.87,3,9293.61,2024/09/30,西南,信用卡,completed,33,男
ORD000007,Zara 西装外套,服装,服装服装,439.98,10,4399.8,2024/07/21,华中,信用卡,completed,32,
ORD000008,AirPods Pro,电子产品,电子产品,1663.94,7,11647.58,2025/03/04,华中,微信支付,completed,24,女
ORD000009,罗技 MX Master 3,电子产品,电子产品,9787.41,4,39149.64,2025/04/24,华北,微信支付,completed,47,
ORD000010,Python编程从入门到实践,图书,图书图书,7890.2,7,55231.4,2024/01/30,东北,支付宝,completed,37,
ORD000011,三体全集,图书,图书图书,5032.92,3,15098.76,2024/12/20,华北,信用卡,completed,56,
ORD000012,H&M 连衣裙,服装,服装服装,6239.37,8,49914.96,2024/02/19,东北,信用卡,completed,54,男
ORD000013,小米台灯,家居,家居家居,3135.76,5,15678.8,2024/10/11,华北,微信支付,pending,20,
ORD000014,优衣库羽绒服,服装,服装服装,4045.54,4,16182.16,2024/09/27,华北,信用卡,completed,24,
ORD000015,iPad Air,电子产品,电子产品,3492.36,9,31431.24,2024/09/20,东北,信用卡,completed,34,
ORD000016,iPad Air,电子产品,电子产品,1133.62,5,5668.1,2024/01/10,西北,微信支付,completed,58,男
ORD000017,Nike Air Max,服装,服装服装,90.48,8,723.84,2024/11/07,华中,微信支付,completed,57,
ORD000018,小熊加湿器,家居,家居家居,8454.85,5,42274.25,2024/10/04,华南,微信支付,refunded,32,女
ORD000019,AirPods Pro,电子产品,电子产品,5522.63,8,44181.04,2024/11/02,华南,微信支付,completed,19,女
ORD000020,原则,图书,图书图书,3030.3,3,9090.9,2024/11/03,华北,支付宝,cancelled,34,女
ORD000021,Nike Air Max,服装,服装服装,1229.38,5,6146.9,2024/10/03,西南,支付宝,completed,57,
ORD000022,原则,图书,图书图书,7075.48,8,56603.84,2024/11/14,华北,银行卡,pending,37,男
ORD000023,H&M 连衣裙,服装,服装服装,1743.85,3,5231.55,2024/04/26,华北,信用卡,completed,35,
ORD000024,Kindle Paperwhite,电子产品,电子产品,7078.21,7,49547.47,2024/06/06,西南,银行卡,completed,42,女
ORD000025,九阳豆浆机,家居,家居家居,3310.15,9,29791.35,2025/05/11,华中,信用卡,completed,24,男
ORD000026,百威啤酒,食品,食品食品,7636.1,4,30544.4,2024/03/30,华北,银行卡,pending,50,女
ORD000027,三只松鼠坚果礼盒,食品,食品食品,3502.06,6,21012.36,2024/08/26,华中,支付宝,completed,54,女
ORD000028,Dell XPS 15,电子产品,电子产品,1785.43,5,8927.15,2024/01/05,西南,银行卡,pending,56,
ORD000029,人类简史,图书,图书图书,9320.46,4,37281.84,2024/04/30,华东,微信支付,completed,43,女
ORD000030,九阳豆浆机,家居,家居家居,7663.13,7,53641.91,2024/09/11,华北,微信支付,completed,52,女
ORD000031,Sony WH-1000XM5,电子产品,电子产品,1901.22,1,1901.22,2024/03/26,西北,信用卡,pending,36,女
ORD000032,iPad Air,电子产品,电子产品,6603.74,6,39622.44,2024/03/01,西北,银行卡,refunded,24,男
ORD000033,人类简史,图书,图书图书,8912.08,4,35648.32,2024/10/09,华南,信用卡,completed,20,女
ORD000034,Dell XPS 15,电子产品,电子产品,5132.74,3,15398.22,2024/02/10,东北,微信支付,pending,62,女
ORD000035,iPhone 15,电子产品,电子产品,3519.63,5,17598.15,2025/03/09,东北,银行卡,completed,54,男
ORD000036,Zara 西装外套,服装,服装服装,8721.26,9,78491.34,2024/06/05,华南,支付宝,refunded,50,男
ORD000037,Nike Air Max,服装,服装服装,4166.63,4,16666.52,2024/06/12,华东,微信支付,completed,64,女
ORD000038,德芙巧克力,食品,食品食品,6170.52,7,43193.64,2024/08/30,东北,银行卡,pending,40,男
ORD000039,九阳豆浆机,家居,家居家居,6174.16,5,30870.8,2024/09/29,东北,支付宝,pending,21,男
ORD000040,百威啤酒,食品,食品食品,7897.83,2,15795.66,2024/12/25,华中,支付宝,completed,53,男
ORD000041,Adidas Ultraboost,服装,服装服装,3954.74,3,11864.22,2025/05/08,华南,支付宝,pending,58,女
ORD000042,人类简史,图书,图书图书,2108.28,7,14757.96,2024/10/19,西北,支付宝,completed,20,男
ORD000043,小米台灯,家居,家居家居,5865.68,6,35194.08,2025/02/07,东北,微信支付,completed,31,男
ORD000044,iPad Air,电子产品,电子产品,1455.2,1,1455.2,2024/02/16,东北,信用卡,completed,58,男
ORD000045,小米台灯,家居,家居家居,4455.93,10,44559.3,2025/03/16,华东,信用卡,pending,21,男
ORD000046,Apple Watch,电子产品,电子产品,2780.05,5,13900.25,2024/01/20,西北,银行卡,completed,56,男
ORD000047,九阳豆浆机,家居,家居家居,6354.0,3,19062.0,2025/03/31,华中,微信支付,completed,19,
ORD000048,罗技 MX Master 3,电子产品,电子产品,6153.12,1,6153.12,2025/05/01,西北,信用卡,refunded,59,男
ORD000049,思考快与慢,图书,图书图书,1006.84,10,10068.4,2024/06/28,西南,信用卡,completed,40,女
ORD000050,九阳豆浆机,家居,家居家居,4854.04,10,48540.4,2025/04/18,华东,支付宝,completed,23,
ORD000051,农夫山泉,食品,食品食品,9762.01,7,68334.07,2025/05/31,华中,银行卡,completed,35,男
ORD000052,AirPods Pro,电子产品,电子产品,3212.71,1,3212.71,2024/02/14,西北,支付宝,refunded,29,
ORD000053,原则,图书,图书图书,6362.79,6,38176.74,2025/03/08,西南,支付宝,refunded,36,女
ORD000054,良品铺子零食包,食品,食品食品,6668.32,8,53346.56,2024/11/06,华东,信用卡,completed,52,男
ORD000055,Dell XPS 15,电子产品,电子产品,7167.27,3,21501.81,2024/04/07,东北,信用卡,refunded,60,
ORD000056,Nike Air Max,服装,服装服装,869.74,2,1739.48,2024/04/22,西北,微信支付,pending,43,
ORD000057,原则,图书,图书图书,5056.6,9,45509.4,2024/06/30,东北,支付宝,completed,33,
ORD000058,Apple Watch,电子产品,电子产品,3547.69,8,28381.52,2024/02/26,华北,支付宝,completed,32,男
ORD000059,iPhone 15,电子产品,电子产品,4571.83,9,41146.47,2024/04/01,华北,微信支付,completed,36,女
ORD000060,Apple Watch,电子产品,电子产品,6418.74,2,12837.48,2024/09/09,西北,信用卡,completed,50,男
ORD000061,茅台酒,食品,食品食品,1038.82,1,1038.82,2025/02/25,华南,信用卡,cancelled,22,女
ORD000062,百威啤酒,食品,食品食品,7182.63,3,21547.89,2024/11/01,西南,支付宝,completed,52,女
ORD000063,德芙巧克力,食品,食品食品,6205.51,2,12411.02,2024/02/09,东北,微信支付,completed,28,女
ORD000064,Nike Air Max,服装,服装服装,2013.81,1,2013.81,2024/01/06,西北,信用卡,completed,55,
ORD000065,MacBook Air,电子产品,电子产品,7065.02,1,7065.02,2024/03/01,华中,支付宝,completed,33,男
ORD000066,茅台酒,食品,食品食品,1669.18,2,3338.36,2024/06/30,华东,微信支付,refunded,45,
ORD000067,Dell XPS 15,电子产品,电子产品,6046.91,9,54422.19,2024/01/08,华南,支付宝,completed,38,男
ORD000068,Samsung Galaxy S24,电子产品,电子产品,894.22,7,6259.54,2024/08/20,华中,信用卡,cancelled,30,男
ORD000069,三只松鼠坚果礼盒,食品,食品食品,1293.42,3,3880.26,2024/01/07,西南,支付宝,cancelled,23,男
ORD000070,Apple Watch,电子产品,电子产品,5543.1,10,55431.0,2024/06/14,华东,支付宝,cancelled,51,
ORD000071,Samsung Galaxy S24,电子产品,电子产品,3293.75,2,6587.5,2024/08/31,东北,微信支付,pending,33,女
ORD000072,Nike Air Max,服装,服装服装,7400.37,7,51802.59,2024/02/12,西北,信用卡,completed,47,男
ORD000073,Python编程从入门到实践,图书,图书图书,8920.06,4,35680.24,2024/05/13,华南,支付宝,completed,41,女
ORD000074,北面冲锋衣,服装,服装服装,214.25,1,214.25,2024/07/31,西北,微信支付,cancelled,56,男
ORD000075,三只松鼠坚果礼盒,食品,食品食品,1376.61,4,5506.44,2025/01/31,西北,信用卡,completed,25,女
ORD000076,农夫山泉,食品,食品食品,7864.6,5,39323.0,2024/10/09,西北,支付宝,completed,45,女
ORD000077,三只松鼠坚果礼盒,食品,食品食品,8413.93,3,25241.79,2025/03/15,华中,微信支付,pending,33,
ORD000078,Kindle Paperwhite,电子产品,电子产品,1156.64,6,6939.84,2025/01/25,西南,信用卡,completed,56,女
ORD000079,深入理解计算机系统,图书,图书图书,3008.96,10,30089.6,2024/12/19,华中,银行卡,pending,60,男
ORD000080,良品铺子零食包,食品,食品食品,3128.24,6,18769.44,2024/08/31,华中,支付宝,completed,61,
ORD000081,良品铺子零食包,食品,食品食品,4784.33,4,19137.32,2024/01/31,华南,微信支付,completed,20,女
ORD000082,德芙巧克力,食品,食品食品,6289.36,3,18868.08,2024/03/13,华东,信用卡,refunded,49,
ORD000083,算法导论,图书,图书图书,2434.81,7,17043.67,2025/05/24,西南,信用卡,cancelled,21,男
ORD000084,茅台酒,食品,食品食品,6402.44,4,25609.76,2024/06/20,华东,信用卡,completed,32,
ORD000085,小米台灯,家居,家居家居,4649.24,2,9298.48,2024/08/13,西北,银行卡,completed,42,女
ORD000086,Levi's 501,服装,服装服装,7873.62,9,70862.58,2025/02/25,西北,银行卡,completed,22,男
ORD000087,宜家书架,家居,家居家居,8199.32,1,8199.32,2024/06/28,西北,信用卡,completed,58,
ORD000088,戴森吸尘器,家居,家居家居,35.48,9,319.32,2025/03/17,华中,微信支付,completed,21,
ORD000089,优衣库羽绒服,服装,服装服装,294.38,1,294.38,2024/09/22,西北,银行卡,completed,58,
ORD000090,Python编程从入门到实践,图书,图书图书,1555.4,10,15554.0,2024/11/26,西南,微信支付,completed,53,
ORD000091,三体全集,图书,图书图书,559.53,6,3357.18,2025/03/13,西南,信用卡,completed,30,女
ORD000092,思考快与慢,图书,图书图书,2594.83,9,23353.47,2024/12/18,西南,支付宝,pending,43,
ORD000093,罗技 MX Master 3,电子产品,电子产品,6401.61,2,12803.22,2025/05/23,华中,支付宝,completed,38,男
ORD000094,北面冲锋衣,服装,服装服装,5933.43,7,41534.01,2024/02/08,西北,支付宝,pending,19,女
ORD000095,原则,图书,图书图书,7035.21,9,63316.89,2024/01/27,西南,支付宝,completed,19,女
ORD000096,Kindle Paperwhite,电子产品,电子产品,6317.72,4,25270.88,2024/05/09,华南,支付宝,completed,25,男
ORD000097,Dell XPS 15,电子产品,电子产品,4702.29,1,4702.29,2024/12/30,华东,银行卡,pending,39,
ORD000098,Levi's 501,服装,服装服装,5074.59,2,10149.18,2024/06/09,东北,支付宝,cancelled,32,
ORD000099,Sony WH-1000XM5,电子产品,电子产品,3791.6,8,30332.8,2025/02/28,华中,支付宝,completed,31,女
ORD000100,蒙牛纯牛奶,食品,食品食品,3661.07,5,18305.35,2024/07/22,华南,信用卡,pending,47,女
ORD000101,Kindle Paperwhite,电子产品,电子产品,1980.6,4,7922.4,2024/05/16,华北,信用卡,completed,26,
ORD000102,思考快与慢,图书,图书图书,94.63,9,851.67,2024/06/08,西南,银行卡,completed,32,男
ORD000103,美的电饭煲,家居,家居家居,4450.2,6,26701.2,2024/04/30,华南,微信支付,pending,28,女
ORD000104,小熊加湿器,家居,家居家居,7496.65,9,67469.85,2025/05/08,华北,信用卡,completed,60,女
ORD000105,网易严选床垫,家居,家居家居,2697.91,8,21583.28,2024/10/08,华东,银行卡,completed,20,男
ORD000106,iPhone 15,电子产品,电子产品,8547.16,3,25641.48,2024/05/16,华南,支付宝,refunded,19,
ORD000107,优衣库羽绒服,服装,服装服装,6164.7,8,49317.6,2024/07/22,华北,信用卡,completed,52,男
ORD000108,New Balance 574,服装,服装服装,7351.41,1,7351.41,2024/05/02,西北,信用卡,completed,54,
ORD000109,Samsung Galaxy S24,电子产品,电子产品,4643.67,5,23218.35,2024/05/31,西南,微信支付,cancelled,33,男
ORD000110,蒙牛纯牛奶,食品,食品食品,6567.7,8,52541.6,2025/03/21,华北,信用卡,completed,55,女
ORD000111,北面冲锋衣,服装,服装服装,7982.15,4,31928.6,2024/04/14,西南,银行卡,pending,56,男
ORD000112,良品铺子零食包,食品,食品食品,34.3,9,308.7,2024/09/28,华东,银行卡,completed,35,女
ORD000113,三体全集,图书,图书图书,1156.58,7,8096.06,2024/07/15,东北,信用卡,completed,26,男
ORD000114,小熊加湿器,家居,家居家居,2412.6,4,9650.4,2025/01/26,华北,支付宝,pending,21,女
ORD000115,美的电饭煲,家居,家居家居,1764.86,9,15883.74,2024/09/03,华北,银行卡,completed,63,
ORD000116,Python编程从入门到实践,图书,图书图书,8201.29,10,82012.9,2024/07/13,西南,微信支付,completed,64,男
ORD000117,iPhone 15,电子产品,电子产品,3538.24,9,31844.16,2024/02/06,华北,银行卡,completed,23,男
ORD000118,德芙巧克力,食品,食品食品,9621.78,10,96217.8,2024/07/21,华东,信用卡,completed,58,男
ORD000119,北面冲锋衣,服装,服装服装,7604.5,10,76045.0,2024/01/05,西北,信用卡,completed,32,男
ORD000120,Python编程从入门到实践,图书,图书图书,1267.15,9,11404.35,2025/04/06,华南,银行卡,cancelled,59,男
ORD000121,AirPods Pro,电子产品,电子产品,2959.74,8,23677.92,2024/08/08,西南,银行卡,completed,64,男
ORD000122,Apple Watch,电子产品,电子产品,8236.36,8,65890.88,2024/06/01,华中,银行卡,completed,45,
ORD000123,蒙牛纯牛奶,食品,食品食品,3062.81,9,27565.29,2024/08/18,西北,支付宝,cancelled,22,
ORD000124,Python编程从入门到实践,图书,图书图书,2622.39,9,23601.51,2024/10/01,华南,银行卡,completed,21,
ORD000125,小米台灯,家居,家居家居,6730.27,2,13460.54,2024/08/06,华东,支付宝,completed,64,男
ORD000126,宜家书架,家居,家居家居,2566.8,3,7700.4,2024/06/25,东北,信用卡,pending,30,男
ORD000127,Levi's 501,服装,服装服装,7393.87,9,66544.83,2024/07/19,华南,微信支付,completed,46,
ORD000128,星巴克咖啡豆,食品,食品食品,201.27,2,402.54,2024/04/29,西南,支付宝,completed,47,男
ORD000129,良品铺子零食包,食品,食品食品,6885.06,5,34425.3,2024/09/26,西南,银行卡,refunded,18,女
ORD000130,农夫山泉,食品,食品食品,6678.68,9,60108.12,2024/01/05,西北,信用卡,cancelled,60,男
ORD000131,Python编程从入门到实践,图书,图书图书,4639.11,6,27834.66,2025/01/02,西北,信用卡,completed,47,
ORD000132,Python编程从入门到实践,图书,图书图书,6354.55,7,44481.85,2024/08/10,华中,微信支付,cancelled,54,
ORD000133,Kindle Paperwhite,电子产品,电子产品,9369.38,7,65585.66,2024/08/28,东北,银行卡,pending,22,女
ORD000134,Levi's 501,服装,服装服装,2115.19,10,21151.9,2024/05/25,华北,支付宝,pending,51,男
ORD000135,罗技 MX Master 3,电子产品,电子产品,8650.92,5,43254.6,2024/10/10,华南,支付宝,completed,35,男
ORD000136,Dell XPS 15,电子产品,电子产品,2583.97,5,12919.85,2024/06/24,东北,支付宝,completed,36,女
ORD000137,星巴克咖啡豆,食品,食品食品,261.64,10,2616.4,2025/01/28,华中,支付宝,cancelled,43,女
ORD000138,Sony WH-1000XM5,电子产品,电子产品,7454.26,8,59634.08,2025/04/10,西南,微信支付,completed,61,男
ORD000139,小熊加湿器,家居,家居家居,8217.15,1,8217.15,2024/04/09,西北,支付宝,completed,20,女
ORD000140,美的电饭煲,家居,家居家居,3120.44,1,3120.44,2025/03/02,东北,信用卡,completed,40,
ORD000141,农夫山泉,食品,食品食品,9235.49,10,92354.9,2024/05/20,华中,信用卡,completed,58,
ORD000142,算法导论,图书,图书图书,6005.94,7,42041.58,2024/04/10,西南,银行卡,completed,59,女
ORD000143,Levi's 501,服装,服装服装,4728.67,6,28372.02,2025/05/24,西南,微信支付,pending,28,女
ORD000144,原则,图书,图书图书,5582.8,4,22331.2,2024/06/05,华南,信用卡,completed,53,女
ORD000145,Apple Watch,电子产品,电子产品,7300.5,3,21901.5,2024/03/31,华南,微信支付,completed,50,女
ORD000146,Python编程从入门到实践,图书,图书图书,71.57,9,644.13,2025/01/08,华东,信用卡,completed,42,女
ORD000147,农夫山泉,食品,食品食品,9376.56,9,84389.04,2024/04/01,华南,微信支付,completed,23,男
ORD000148,农夫山泉,食品,食品食品,9197.8,7,64384.6,2024/03/16,华中,微信支付,completed,40,
ORD000149,Zara 西装外套,服装,服装服装,7760.84,6,46565.04,2025/05/13,华北,信用卡,completed,58,女
ORD000150,北面冲锋衣,服装,服装服装,2469.24,4,9876.96,2024/07/30,西北,银行卡,pending,46,
ORD000151,小米台灯,家居,家居家居,5994.58,4,23978.32,2024/12/11,华东,信用卡,completed,45,女
ORD000152,百威啤酒,食品,食品食品,4266.75,6,25600.5,2024/05/13,华中,银行卡,pending,60,男
ORD000153,蒙牛纯牛奶,食品,食品食品,6921.85,10,69218.5,2024/08/29,华北,支付宝,completed,25,女
ORD000154,良品铺子零食包,食品,食品食品,4830.36,9,43473.24,2025/04/01,西南,银行卡,cancelled,40,女
ORD000155,iPhone 15,电子产品,电子产品,72.45,2,144.9,2025/05/14,华中,信用卡,completed,35,女
ORD000156,北面冲锋衣,服装,服装服装,-5918.61,7,-41430.27,2025/03/14,华北,支付宝,completed,35,男
ORD000157,Kindle Paperwhite,电子产品,电子产品,6925.34,5,34626.7,2024/11/06,东北,微信支付,completed,34,
ORD000158,Adidas Ultraboost,服装,服装服装,2666.04,1,2666.04,2024/01/08,西南,信用卡,pending,20,
ORD000159,三只松鼠坚果礼盒,食品,食品食品,1827.74,10,18277.4,2024/05/13,华北,信用卡,completed,30,
ORD000160,网易严选床垫,家居,家居家居,5679.94,2,11359.88,2025/04/06,西北,微信支付,completed,29,男
ORD000161,iPad Air,电子产品,电子产品,2926.98,7,20488.86,2024/07/25,华中,微信支付,completed,44,女
ORD000162,原则,图书,图书图书,2176.15,1,2176.15,2024/01/16,西南,银行卡,pending,62,女
ORD000163,优衣库羽绒服,服装,服装服装,4548.66,2,9097.32,2024/11/22,华北,信用卡,cancelled,43,
ORD000164,AirPods Pro,电子产品,电子产品,6981.3,4,27925.2,2025/02/06,华北,信用卡,completed,41,
ORD000165,三体全集,图书,图书图书,979.45,8,7835.6,2024/04/07,华北,支付宝,completed,19,
ORD000166,算法导论,图书,图书图书,5816.37,6,34898.22,2024/12/19,西北,支付宝,cancelled,28,女
ORD000167,美的电饭煲,家居,家居家居,-6454.33,2,-12908.66,2024/02/13,华南,微信支付,completed,50,男
ORD000168,Nike Air Max,服装,服装服装,3980.74,4,15922.96,2024/06/24,华东,支付宝,completed,35,女
ORD000169,茅台酒,食品,食品食品,8121.26,8,64970.08,2024/06/24,华北,微信支付,completed,65,女
ORD000170,美的电饭煲,家居,家居家居,2288.55,6,13731.3,2025/05/11,西北,信用卡,pending,27,男
ORD000171,三体全集,图书,图书图书,9816.79,4,39267.16,2025/04/25,华中,支付宝,cancelled,50,
ORD000172,思考快与慢,图书,图书图书,4903.31,6,29419.86,2025/05/25,华北,微信支付,completed,55,
ORD000173,蒙牛纯牛奶,食品,食品食品,8867.64,9,79808.76,2024/08/26,西北,信用卡,refunded,46,男
ORD000174,MacBook Air,电子产品,电子产品,4887.54,10,48875.4,2024/04/28,华北,银行卡,completed,31,
ORD000175,三只松鼠坚果礼盒,食品,食品食品,3952.37,4,15809.48,2025/05/27,西南,微信支付,completed,27,
ORD000176,良品铺子零食包,食品,食品食品,959.81,8,7678.48,2024/08/13,西南,银行卡,completed,19,男
ORD000177,星巴克咖啡豆,食品,食品食品,540.98,4,2163.92,2024/08/24,东北,信用卡,completed,52,男
ORD000178,AirPods Pro,电子产品,电子产品,5580.54,2,11161.08,2025/05/15,西北,银行卡,completed,23,
ORD000179,三体全集,图书,图书图书,8119.65,4,32478.6,2024/05/09,东北,微信支付,completed,50,男
ORD000180,原则,图书,图书图书,2580.44,10,25804.4,2025/01/11,华中,银行卡,pending,64,
ORD000181,Adidas Ultraboost,服装,服装服装,5192.39,6,31154.34,2024/07/21,西南,信用卡,completed,34,女
ORD000182,星巴克咖啡豆,食品,食品食品,1934.3,6,11605.8,2024/03/11,西南,银行卡,pending,31,
ORD000183,H&M 连衣裙,服装,服装服装,8100.41,1,8100.41,2024/07/24,华东,信用卡,refunded,49,
ORD000184,小米台灯,家居,家居家居,1502.81,7,10519.67,2025/01/10,华南,信用卡,completed,43,女
ORD000185,Zara 西装外套,服装,服装服装,7360.71,4,29442.84,2024/04/05,华中,微信支付,completed,21,男
ORD000186,Python编程从入门到实践,图书,图书图书,4997.79,10,49977.9,2025/02/11,华东,支付宝,refunded,42,
ORD000187,H&M 连衣裙,服装,服装服装,4656.09,8,37248.72,2024/06/24,华东,支付宝,refunded,63,
ORD000188,茅台酒,食品,食品食品,3964.88,4,15859.52,2025/03/15,西北,银行卡,refunded,51,
ORD000189,百威啤酒,食品,食品食品,5190.03,5,25950.15,2025/01/14,西北,微信支付,completed,29,女
ORD000190,宜家书架,家居,家居家居,7442.55,6,44655.3,2024/05/30,华南,信用卡,pending,31,
ORD000191,H&M 连衣裙,服装,服装服装,9966.67,7,69766.69,2024/02/20,华南,银行卡,completed,42,男
ORD000192,三体全集,图书,图书图书,2775.62,3,8326.86,2025/02/17,华南,信用卡,completed,26,
ORD000193,Zara 西装外套,服装,服装服装,6332.8,8,50662.4,2024/05/11,西南,微信支付,completed,64,女
ORD000194,Levi's 501,服装,服装服装,5829.93,8,46639.44,2024/08/07,华南,微信支付,pending,43,
ORD000195,星巴克咖啡豆,食品,食品食品,3917.16,9,35254.44,2025/01/04,西南,支付宝,completed,54,男
ORD000196,Sony WH-1000XM5,电子产品,电子产品,6775.89,6,40655.34,2024/01/14,西北,信用卡,refunded,19,
ORD000197,小熊加湿器,家居,家居家居,9583.13,6,57498.78,2024/03/14,西南,信用卡,cancelled,43,女
ORD000198,Apple Watch,电子产品,电子产品,9978.7,6,59872.2,2024/12/10,华南,支付宝,pending,40,男
ORD000199,戴森吸尘器,家居,家居家居,6030.89,7,42216.23,2024/01/27,西北,微信支付,completed,26,女
ORD000200,九阳豆浆机,家居,家居家居,2412.84,7,16889.88,2024/01/10,西北,银行卡,completed,23,
ORD000201,罗技 MX Master 3,电子产品,电子产品,8081.16,7,56568.12,2024/09/01,华南,信用卡,cancelled,50,女
ORD000202,MacBook Air,电子产品,电子产品,1214.3,5,6071.5,2024/04/15,华东,支付宝,pending,62,
ORD000203,罗技 MX Master 3,电子产品,电子产品,8058.52,10,80585.2,2024/02/22,东北,微信支付,completed,49,女
ORD000204,蒙牛纯牛奶,食品,食品食品,1213.52,8,9708.16,2025/04/23,华北,银行卡,cancelled,60,
ORD000205,Nike Air Max,服装,服装服装,2433.23,8,19465.84,2025/04/01,东北,信用卡,refunded,34,男
ORD000206,New Balance 574,服装,服装服装,7322.59,5,36612.95,2025/04/27,西北,信用卡,completed,43,男
ORD000207,优衣库羽绒服,服装,服装服装,5169.73,7,36188.11,2024/03/31,西南,银行卡,completed,33,男
ORD000208,Nike Air Max,服装,服装服装,2210.46,6,13262.76,2025/01/08,华中,支付宝,completed,40,男
ORD000209,美的电饭煲,家居,家居家居,1162.21,3,3486.63,2025/04/19,华北,微信支付,refunded,50,男
ORD000210,Zara 西装外套,服装,服装服装,1992.64,2,3985.28,2024/10/14,东北,支付宝,pending,24,女
ORD000211,Nike Air Max,服装,服装服装,9985.09,8,79880.72,2024/04/27,华北,支付宝,completed,21,
ORD000212,三只松鼠坚果礼盒,食品,食品食品,7910.9,4,31643.6,2024/05/17,华中,支付宝,cancelled,32,
ORD000213,优衣库羽绒服,服装,服装服装,152.48,9,1372.32,2024/10/01,西南,银行卡,pending,56,女
ORD000214,网易严选床垫,家居,家居家居,8249.85,3,24749.55,2025/04/20,西北,微信支付,completed,64,男
ORD000215,百威啤酒,食品,食品食品,7269.07,6,43614.42,2024/09/20,西北,信用卡,completed,30,男
ORD000216,MacBook Air,电子产品,电子产品,7975.56,2,15951.12,2024/08/12,西北,微信支付,cancelled,48,
ORD000217,良品铺子零食包,食品,食品食品,6396.96,9,57572.64,2024/10/18,华北,信用卡,completed,65,男
ORD000218,Zara 西装外套,服装,服装服装,8418.98,6,50513.88,2024/07/23,东北,银行卡,completed,63,
ORD000219,优衣库羽绒服,服装,服装服装,9728.17,9,87553.53,2024/04/04,华南,信用卡,completed,33,
ORD000220,百威啤酒,食品,食品食品,5922.08,10,59220.8,2025/02/13,西北,支付宝,cancelled,20,男
ORD000221,小米台灯,家居,家居家居,5300.27,1,5300.27,2024/10/13,华东,支付宝,refunded,47,男
ORD000222,iPad Air,电子产品,电子产品,766.48,5,3832.4,2024/09/07,华北,银行卡,completed,30,男
ORD000223,Nike Air Max,服装,服装服装,5108.87,1,5108.87,2024/07/09,华东,支付宝,pending,25,
ORD000224,Adidas Ultraboost,服装,服装服装,8228.49,6,49370.94,2024/10/27,西南,信用卡,refunded,55,
ORD000225,戴森吸尘器,家居,家居家居,4147.94,5,20739.7,2024/07/14,华中,微信支付,completed,41,
ORD000226,New Balance 574,服装,服装服装,3404.57,9,30641.13,2025/05/19,华东,支付宝,refunded,39,男
ORD000227,德芙巧克力,食品,食品食品,1400.24,7,9801.68,2025/02/03,华东,支付宝,completed,56,女
ORD000228,Dell XPS 15,电子产品,电子产品,3697.55,6,22185.3,2024/07/30,西北,信用卡,completed,47,女
ORD000229,iPhone 15,电子产品,电子产品,773.4,9,6960.6,2024/08/31,西北,信用卡,completed,43,女
ORD000230,美的电饭煲,家居,家居家居,2588.14,8,20705.12,2025/01/31,华南,信用卡,pending,47,女
ORD000231,小熊加湿器,家居,家居家居,8543.54,1,8543.54,2024/09/17,华北,信用卡,completed,45,
ORD000232,Dell XPS 15,电子产品,电子产品,3688.93,4,14755.72,2024/03/16,西北,微信支付,completed,47,女
ORD000233,Samsung Galaxy S24,电子产品,电子产品,8077.38,8,64619.04,2025/04/14,华北,支付宝,cancelled,42,男
ORD000234,深入理解计算机系统,图书,图书图书,7416.42,10,74164.2,2025/04/04,西北,微信支付,completed,44,女
ORD000235,深入理解计算机系统,图书,图书图书,6195.09,2,12390.18,2024/01/05,东北,银行卡,completed,62,女
ORD000236,原则,图书,图书图书,3626.41,3,10879.23,2024/08/25,东北,微信支付,cancelled,45,女
ORD000237,宜家书架,家居,家居家居,6368.45,7,44579.15,2025/02/26,华东,银行卡,refunded,52,男
ORD000238,三体全集,图书,图书图书,546.27,5,2731.35,2024/11/14,华南,微信支付,completed,46,女
ORD000239,小米台灯,家居,家居家居,8367.47,5,41837.35,2024/07/29,西南,信用卡,completed,37,女
ORD000240,深入理解计算机系统,图书,图书图书,2297.62,4,9190.48,2024/07/20,西北,信用卡,completed,22,
ORD000241,Dell XPS 15,电子产品,电子产品,6833.49,3,20500.47,2024/01/15,西南,银行卡,pending,44,女
ORD000242,宜家书架,家居,家居家居,3903.36,5,19516.8,2024/12/06,东北,微信支付,pending,62,男
ORD000243,Dell XPS 15,电子产品,电子产品,2055.95,7,14391.65,2024/11/14,华南,微信支付,cancelled,28,女
ORD000244,思考快与慢,图书,图书图书,4819.98,5,24099.9,2024/03/02,华东,信用卡,completed,52,男
ORD000245,美的电饭煲,家居,家居家居,507.61,7,3553.27,2024/01/23,华北,微信支付,pending,57,
ORD000246,小熊加湿器,家居,家居家居,8306.65,9,74759.85,2024/02/05,华南,微信支付,completed,33,女
ORD000247,美的电饭煲,家居,家居家居,9538.63,5,47693.15,2024/03/10,东北,信用卡,completed,65,男
ORD000248,H&M 连衣裙,服装,服装服装,8032.52,10,80325.2,2024/11/27,华北,支付宝,completed,26,
ORD000249,Python编程从入门到实践,图书,图书图书,9144.25,6,54865.5,2025/05/08,西南,银行卡,pending,48,男
ORD000250,小米台灯,家居,家居家居,6025.97,10,60259.7,2025/04/19,华南,银行卡,completed,25,
ORD000251,良品铺子零食包,食品,食品食品,3581.95,1,3581.95,2024/03/30,华东,微信支付,completed,28,男
ORD000252,农夫山泉,食品,食品食品,7149.42,6,42896.52,2024/02/01,西南,支付宝,completed,57,女
ORD000253,农夫山泉,食品,食品食品,9276.75,6,55660.5,2024/06/11,西南,微信支付,completed,31,
ORD000254,Zara 西装外套,服装,服装服装,6665.33,6,39991.98,2025/02/09,西南,信用卡,completed,60,女
ORD000255,MacBook Air,电子产品,电子产品,3674.65,6,22047.9,2025/04/07,东北,信用卡,cancelled,60,
ORD000256,Nike Air Max,服装,服装服装,3011.16,9,27100.44,2024/02/14,西南,支付宝,completed,36,
ORD000257,Adidas Ultraboost,服装,服装服装,208.91,2,417.82,2025/03/15,华东,银行卡,pending,63,女
ORD000258,Nike Air Max,服装,服装服装,877.2,3,2631.6,2024/05/30,华东,微信支付,completed,19,男
ORD000259,iPad Air,电子产品,电子产品,9872.68,7,69108.76,2024/08/11,华北,信用卡,completed,65,
ORD000260,小米台灯,家居,家居家居,6970.95,6,41825.7,2024/12/01,东北,微信支付,completed,21,女
ORD000261,人类简史,图书,图书图书,3848.03,6,23088.18,2024/08/09,华北,信用卡,completed,45,男
ORD000262,Zara 西装外套,服装,服装服装,2697.17,1,2697.17,2024/12/29,华东,银行卡,completed,62,女
ORD000263,H&M 连衣裙,服装,服装服装,6669.16,2,13338.32,2024/11/08,西北,支付宝,refunded,47,
ORD000264,茅台酒,食品,食品食品,2115.44,8,16923.52,2024/06/11,西北,信用卡,completed,57,女
ORD000265,MacBook Air,电子产品,电子产品,5584.07,3,16752.21,2024/03/10,华东,支付宝,completed,37,
ORD000266,H&M 连衣裙,服装,服装服装,2109.72,2,4219.44,2025/02/09,西南,微信支付,completed,21,男
ORD000267,小米台灯,家居,家居家居,5320.34,1,5320.34,2025/03/09,华北,信用卡,completed,38,女
ORD000268,Levi's 501,服装,服装服装,1955.26,10,19552.6,2025/05/16,西北,银行卡,completed,38,女
ORD000269,百威啤酒,食品,食品食品,1829.88,2,3659.76,2025/02/22,东北,银行卡,cancelled,49,
ORD000270,三只松鼠坚果礼盒,食品,食品食品,1653.62,4,6614.48,2024/08/17,东北,银行卡,refunded,23,男
ORD000271,美的电饭煲,家居,家居家居,6233.41,8,49867.28,2024/12/01,东北,微信支付,completed,42,男
ORD000272,宜家书架,家居,家居家居,5139.28,2,10278.56,2025/02/10,华南,信用卡,refunded,50,女
ORD000273,小米台灯,家居,家居家居,3462.14,4,13848.56,2024/10/30,华中,银行卡,completed,39,女
ORD000274,美的电饭煲,家居,家居家居,4339.49,2,8678.98,2024/08/25,西南,支付宝,completed,34,男
ORD000275,宜家书架,家居,家居家居,5102.36,1,5102.36,2025/03/23,西北,银行卡,completed,56,女
ORD000276,三只松鼠坚果礼盒,食品,食品食品,8199.6,8,65596.8,2025/04/09,华南,银行卡,completed,44,女
ORD000277,原则,图书,图书图书,2750.77,7,19255.39,2024/10/05,华东,支付宝,completed,56,女
ORD000278,Samsung Galaxy S24,电子产品,电子产品,69.76,8,558.08,2024/03/10,华南,信用卡,completed,59,女
ORD000279,三只松鼠坚果礼盒,食品,食品食品,7136.69,4,28546.76,2024/09/12,东北,支付宝,pending,23,女
ORD000280,百威啤酒,食品,食品食品,3712.93,4,14851.72,2024/01/11,华东,银行卡,refunded,45,
ORD000281,美的电饭煲,家居,家居家居,2408.75,10,24087.5,2024/05/07,华东,支付宝,pending,43,女
ORD000282,美的电饭煲,家居,家居家居,291.04,3,873.12,2024/03/10,华中,银行卡,pending,31,男
ORD000283,三只松鼠坚果礼盒,食品,食品食品,513.57,5,2567.85,2025/01/08,华北,微信支付,completed,48,男
ORD000284,农夫山泉,食品,食品食品,8872.81,7,62109.67,2024/01/07,西南,信用卡,completed,30,男
ORD000285,戴森吸尘器,家居,家居家居,156.9,6,941.4,2024/05/25,华北,信用卡,completed,39,男
ORD000286,宜家书架,家居,家居家居,3577.02,9,32193.18,2024/06/08,东北,微信支付,completed,45,男
ORD000287,Adidas Ultraboost,服装,服装服装,6681.33,1,6681.33,2025/02/21,西北,微信支付,cancelled,31,男
ORD000288,网易严选床垫,家居,家居家居,2134.95,6,12809.7,2024/05/23,华北,微信支付,cancelled,25,
ORD000289,小熊加湿器,家居,家居家居,3371.57,3,10114.71,2025/02/11,华北,微信支付,cancelled,26,男
ORD000290,九阳豆浆机,家居,家居家居,6386.88,9,57481.92,2024/04/12,东北,银行卡,cancelled,27,女
ORD000291,星巴克咖啡豆,食品,食品食品,7817.0,8,62536.0,2025/01/26,西南,支付宝,completed,43,男
ORD000292,三只松鼠坚果礼盒,食品,食品食品,8902.85,7,62319.95,2024/08/24,华北,支付宝,completed,51,
ORD000293,iPad Air,电子产品,电子产品,2226.15,7,15583.05,2024/06/24,华东,信用卡,completed,52,男
ORD000294,宜家书架,家居,家居家居,146.07,7,1022.49,2024/08/01,华东,支付宝,completed,23,
ORD000295,网易严选床垫,家居,家居家居,4354.89,8,34839.12,2024/09/01,华南,银行卡,pending,40,男
ORD000296,Zara 西装外套,服装,服装服装,8545.42,2,17090.84,2024/05/26,华北,微信支付,completed,58,男
ORD000297,Samsung Galaxy S24,电子产品,电子产品,9743.26,2,19486.52,2025/01/12,西南,信用卡,completed,26,
ORD000298,小米台灯,家居,家居家居,9497.74,4,37990.96,2024/04/06,东北,微信支付,completed,63,女
ORD000299,农夫山泉,食品,食品食品,1711.64,10,17116.4,2025/05/03,华东,支付宝,pending,34,
ORD000300,三体全集,图书,图书图书,5686.19,8,45489.52,2024/04/29,华东,微信支付,pending,61,
ORD000301,优衣库羽绒服,服装,服装服装,4196.8,10,41968.0,2024/10/03,华南,信用卡,refunded,61,女
ORD000302,H&M 连衣裙,服装,服装服装,2057.24,10,20572.4,2025/05/30,华北,支付宝,completed,58,
ORD000303,原则,图书,图书图书,4020.25,3,12060.75,2025/05/23,华南,信用卡,cancelled,57,男
ORD000304,戴森吸尘器,家居,家居家居,9364.88,10,93648.8,2024/05/13,东北,信用卡,pending,35,男
ORD000305,罗技 MX Master 3,电子产品,电子产品,123.24,9,1109.16,2024/12/14,华中,信用卡,completed,20,
ORD000306,Zara 西装外套,服装,服装服装,692.4,10,6924.0,2024/09/15,华南,银行卡,cancelled,30,男
ORD000307,Python编程从入门到实践,图书,图书图书,1440.82,9,12967.38,2024/02/21,华中,微信支付,pending,64,
ORD000308,网易严选床垫,家居,家居家居,634.3,8,5074.4,2024/06/15,华中,银行卡,cancelled,44,男
ORD000309,百威啤酒,食品,食品食品,3684.07,5,18420.35,2025/03/25,华中,支付宝,completed,26,男
ORD000310,茅台酒,食品,食品食品,3108.36,10,31083.6,2024/02/23,东北,银行卡,completed,46,女
ORD000311,小米台灯,家居,家居家居,3584.61,10,35846.1,2024/10/15,华中,银行卡,completed,20,
ORD000312,网易严选床垫,家居,家居家居,224.59,8,1796.72,2024/05/21,西北,支付宝,refunded,19,女
ORD000313,Adidas Ultraboost,服装,服装服装,3997.34,4,15989.36,2024/06/30,华中,支付宝,completed,40,
ORD000314,茅台酒,食品,食品食品,6214.58,5,31072.9,2024/09/24,华东,银行卡,completed,57,
ORD000315,罗技 MX Master 3,电子产品,电子产品,2744.48,4,10977.92,2024/10/28,华中,支付宝,completed,54,
ORD000316,小熊加湿器,家居,家居家居,8133.68,9,73203.12,2025/03/07,华南,微信支付,pending,18,男
ORD000317,Levi's 501,服装,服装服装,8804.67,6,52828.02,2024/06/26,东北,支付宝,pending,54,女
ORD000318,良品铺子零食包,食品,食品食品,3914.02,1,3914.02,2024/01/27,东北,银行卡,completed,20,女
ORD000319,网易严选床垫,家居,家居家居,3883.92,6,23303.52,2024/09/02,西南,银行卡,completed,56,女
ORD000320,iPhone 15,电子产品,电子产品,7686.87,7,53808.09,2024/02/20,华南,银行卡,pending,59,
ORD000321,小米台灯,家居,家居家居,9538.02,8,76304.16,2025/02/08,华中,信用卡,completed,60,男
ORD000322,宜家书架,家居,家居家居,1019.77,2,2039.54,2024/10/25,华中,信用卡,completed,54,
ORD000323,原则,图书,图书图书,8253.92,8,66031.36,2024/04/23,西北,支付宝,completed,34,男
ORD000324,蒙牛纯牛奶,食品,食品食品,8209.54,4,32838.16,2025/01/26,华东,信用卡,completed,36,
ORD000325,Levi's 501,服装,服装服装,8708.27,2,17416.54,2025/05/21,东北,信用卡,completed,53,女
ORD000326,Python编程从入门到实践,图书,图书图书,6410.84,3,19232.52,2025/04/15,华中,支付宝,completed,55,
ORD000327,星巴克咖啡豆,食品,食品食品,5906.83,2,11813.66,2024/01/17,华北,微信支付,pending,52,男
ORD000328,星巴克咖啡豆,食品,食品食品,687.0,2,1374.0,2025/03/11,华北,支付宝,cancelled,65,女
ORD000329,宜家书架,家居,家居家居,7957.9,9,71621.1,2024/10/05,华南,微信支付,completed,61,女
ORD000330,德芙巧克力,食品,食品食品,5732.2,2,11464.4,2025/05/18,华北,微信支付,pending,47,
ORD000331,优衣库羽绒服,服装,服装服装,8007.61,9,72068.49,2025/05/18,华中,支付宝,completed,51,男
ORD000332,三只松鼠坚果礼盒,食品,食品食品,6470.4,1,6470.4,2025/05/12,西北,支付宝,cancelled,52,女
ORD000333,Python编程从入门到实践,图书,图书图书,7133.51,8,57068.08,2024/12/18,西北,微信支付,pending,64,女
ORD000334,农夫山泉,食品,食品食品,8764.68,6,52588.08,2025/02/05,华中,信用卡,completed,36,男
ORD000335,小熊加湿器,家居,家居家居,6330.87,1,6330.87,2024/11/13,西北,支付宝,completed,63,女
ORD000336,网易严选床垫,家居,家居家居,1172.43,8,9379.44,2024/10/18,西北,微信支付,cancelled,58,男
ORD000337,Python编程从入门到实践,图书,图书图书,2129.06,5,10645.3,2024/03/25,华东,信用卡,completed,52,
ORD000338,iPad Air,电子产品,电子产品,3071.4,2,6142.8,2025/05/22,东北,支付宝,completed,56,
ORD000339,小熊加湿器,家居,家居家居,1718.35,10,17183.5,2024/01/11,华南,微信支付,completed,48,
ORD000340,Samsung Galaxy S24,电子产品,电子产品,2179.39,8,17435.12,2024/03/04,华中,支付宝,completed,24,
ORD000341,良品铺子零食包,食品,食品食品,3180.63,1,3180.63,2024/01/21,西北,信用卡,cancelled,41,
ORD000342,戴森吸尘器,家居,家居家居,70.7,4,282.8,2025/02/21,华东,信用卡,pending,41,男
ORD000343,德芙巧克力,食品,食品食品,2262.75,4,9051.0,2024/12/17,华南,微信支付,completed,65,女
ORD000344,优衣库羽绒服,服装,服装服装,7605.61,6,45633.66,2024/07/31,东北,微信支付,completed,45,女
ORD000345,Nike Air Max,服装,服装服装,2781.63,8,22253.04,2024/04/28,西南,微信支付,completed,25,
ORD000346,三体全集,图书,图书图书,571.0,4,2284.0,2024/04/01,华北,支付宝,pending,60,
ORD000347,Adidas Ultraboost,服装,服装服装,4301.63,1,4301.63,2024/03/09,华北,银行卡,pending,59,男
ORD000348,小米台灯,家居,家居家居,7922.53,9,71302.77,2025/01/19,西北,支付宝,completed,55,女
ORD000349,宜家书架,家居,家居家居,2439.74,3,7319.22,2024/03/02,华南,银行卡,refunded,33,男
ORD000350,人类简史,图书,图书图书,5411.58,8,43292.64,2025/04/19,华南,支付宝,cancelled,43,
ORD000351,网易严选床垫,家居,家居家居,5576.28,9,50186.52,2025/02/24,东北,银行卡,completed,61,女
ORD000352,算法导论,图书,图书图书,3307.93,2,6615.86,2025/05/06,东北,银行卡,pending,45,女
ORD000353,Python编程从入门到实践,图书,图书图书,2886.6,6,17319.6,2025/02/21,华南,支付宝,completed,56,
ORD000354,算法导论,图书,图书图书,4928.59,8,39428.72,2025/05/05,华中,银行卡,cancelled,32,男
ORD000355,茅台酒,食品,食品食品,4614.28,9,41528.52,2024/02/28,西北,微信支付,pending,60,
ORD000356,三体全集,图书,图书图书,138.47,2,276.94,2024/05/17,华中,微信支付,pending,36,
ORD000357,百威啤酒,食品,食品食品,5369.58,8,42956.64,2024/01/11,华北,微信支付,completed,50,男
ORD000358,Samsung Galaxy S24,电子产品,电子产品,3701.45,6,22208.7,2025/03/29,华东,银行卡,cancelled,45,
ORD000359,德芙巧克力,食品,食品食品,5048.71,9,45438.39,2025/01/27,华北,银行卡,pending,62,男
ORD000360,H&M 连衣裙,服装,服装服装,2535.5,4,10142.0,2024/04/18,西北,微信支付,completed,35,女
ORD000361,New Balance 574,服装,服装服装,9789.9,8,78319.2,2024/03/03,西北,支付宝,refunded,35,男
ORD000362,Apple Watch,电子产品,电子产品,4868.99,5,24344.95,2024/06/21,东北,银行卡,refunded,41,女
ORD000363,MacBook Air,电子产品,电子产品,204.46,10,2044.6,2024/10/23,西南,支付宝,completed,44,男
ORD000364,iPhone 15,电子产品,电子产品,6003.47,6,36020.82,2025/02/19,华北,微信支付,refunded,25,女
ORD000365,深入理解计算机系统,图书,图书图书,878.71,10,8787.1,2024/03/19,东北,支付宝,completed,35,女
ORD000366,农夫山泉,食品,食品食品,9921.77,2,19843.54,2025/03/10,西南,银行卡,completed,63,男
ORD000367,算法导论,图书,图书图书,1782.13,8,14257.04,2024/12/12,华南,信用卡,cancelled,64,女
ORD000368,Sony WH-1000XM5,电子产品,电子产品,2778.14,4,11112.56,2025/05/11,西南,信用卡,cancelled,50,
ORD000369,H&M 连衣裙,服装,服装服装,2662.44,8,21299.52,2024/07/15,华东,信用卡,completed,65,女
ORD000370,Levi's 501,服装,服装服装,7469.8,6,44818.8,2024/08/11,东北,银行卡,completed,41,男
ORD000371,北面冲锋衣,服装,服装服装,7864.99,3,23594.97,2024/08/19,华北,支付宝,completed,61,
ORD000372,原则,图书,图书图书,5699.32,9,51293.88,2025/01/24,华东,支付宝,completed,46,女
ORD000373,Zara 西装外套,服装,服装服装,7491.39,6,44948.34,2024/09/13,华中,银行卡,pending,22,女
ORD000374,美的电饭煲,家居,家居家居,1663.6,4,6654.4,2024/05/16,华东,信用卡,pending,62,男
ORD000375,优衣库羽绒服,服装,服装服装,6650.44,6,39902.64,2024/03/02,西北,微信支付,cancelled,64,
ORD000376,原则,图书,图书图书,2099.08,1,2099.08,2024/09/10,华东,微信支付,pending,37,男
ORD000377,Sony WH-1000XM5,电子产品,电子产品,8219.36,8,65754.88,2025/01/26,华东,微信支付,completed,50,女
ORD000378,优衣库羽绒服,服装,服装服装,4205.65,4,16822.6,2024/06/11,东北,信用卡,pending,41,
ORD000379,Zara 西装外套,服装,服装服装,6628.44,7,46399.08,2025/01/25,西南,微信支付,completed,46,
ORD000380,小熊加湿器,家居,家居家居,3611.19,10,36111.9,2024/03/01,东北,信用卡,completed,47,男
ORD000381,网易严选床垫,家居,家居家居,3591.94,9,32327.46,2024/04/14,华南,银行卡,completed,19,
ORD000382,Samsung Galaxy S24,电子产品,电子产品,6458.01,8,51664.08,2025/04/21,华中,微信支付,completed,41,女
ORD000383,Samsung Galaxy S24,电子产品,电子产品,2670.07,8,21360.56,2025/01/25,华北,支付宝,pending,36,女
ORD000384,蒙牛纯牛奶,食品,食品食品,5855.81,4,23423.24,2024/08/05,西南,银行卡,completed,59,女
ORD000385,茅台酒,食品,食品食品,1456.06,10,14560.6,2025/02/18,华中,微信支付,completed,43,男
ORD000386,深入理解计算机系统,图书,图书图书,8394.93,3,25184.79,2025/04/09,东北,银行卡,completed,50,
ORD000387,深入理解计算机系统,图书,图书图书,3283.39,8,26267.12,2024/06/28,华北,银行卡,pending,29,
ORD000388,深入理解计算机系统,图书,图书图书,4677.96,2,9355.92,2025/01/08,华中,银行卡,completed,58,女
ORD000389,Python编程从入门到实践,图书,图书图书,4567.86,4,18271.44,2024/06/03,西北,银行卡,completed,49,
ORD000390,MacBook Air,电子产品,电子产品,4205.16,3,12615.48,2024/01/12,华东,支付宝,pending,57,
ORD000391,Dell XPS 15,电子产品,电子产品,1565.9,1,1565.9,2024/08/27,西南,支付宝,refunded,31,女
ORD000392,算法导论,图书,图书图书,1152.22,2,2304.44,2024/04/08,华南,支付宝,cancelled,54,
ORD000393,New Balance 574,服装,服装服装,8491.83,9,76426.47,2024/10/11,华北,信用卡,completed,34,女
ORD000394,星巴克咖啡豆,食品,食品食品,7343.82,6,44062.92,2024/11/23,华中,支付宝,refunded,28,男
ORD000395,宜家书架,家居,家居家居,3624.22,8,28993.76,2024/07/01,西南,支付宝,completed,62,
ORD000396,iPad Air,电子产品,电子产品,9646.15,1,9646.15,2024/07/10,华南,银行卡,pending,23,
ORD000397,Adidas Ultraboost,服装,服装服装,692.3,3,2076.9,2025/04/26,华南,微信支付,completed,55,
ORD000398,农夫山泉,食品,食品食品,3273.71,9,29463.39,2024/06/25,华北,信用卡,completed,43,
ORD000399,AirPods Pro,电子产品,电子产品,7460.41,7,52222.87,2024/04/11,华中,信用卡,cancelled,28,
ORD000400,网易严选床垫,家居,家居家居,8424.4,2,16848.8,2024/09/08,华中,银行卡,completed,29,男
ORD000401,Nike Air Max,服装,服装服装,7295.44,5,36477.2,2024/07/14,西北,信用卡,completed,36,
ORD000402,茅台酒,食品,食品食品,1617.73,3,4853.19,2024/06/18,西北,支付宝,completed,59,男
ORD000403,Apple Watch,电子产品,电子产品,8987.05,7,62909.35,2024/04/07,华中,支付宝,pending,36,男
ORD000404,Nike Air Max,服装,服装服装,1974.3,9,17768.7,2024/01/31,华南,支付宝,cancelled,23,
ORD000405,良品铺子零食包,食品,食品食品,2109.69,5,10548.45,2024/06/30,华南,信用卡,pending,40,女
ORD000406,小米台灯,家居,家居家居,619.14,2,1238.28,2024/01/03,华东,微信支付,completed,19,女
ORD000407,深入理解计算机系统,图书,图书图书,727.71,7,5093.97,2024/09/22,华南,微信支付,completed,22,女
ORD000408,算法导论,图书,图书图书,4598.31,8,36786.48,2025/03/13,华南,信用卡,completed,45,
ORD000409,网易严选床垫,家居,家居家居,5942.55,1,5942.55,2024/02/23,西南,银行卡,completed,28,
ORD000410,iPad Air,电子产品,电子产品,9229.85,10,92298.5,2025/02/27,华东,银行卡,completed,41,男
ORD000411,New Balance 574,服装,服装服装,6721.78,6,40330.68,2024/10/02,华中,微信支付,completed,37,
ORD000412,Python编程从入门到实践,图书,图书图书,6627.4,6,39764.4,2025/03/30,西南,微信支付,completed,28,女
ORD000413,AirPods Pro,电子产品,电子产品,1554.94,5,7774.7,2024/05/02,华东,信用卡,completed,28,男
ORD000414,小米台灯,家居,家居家居,5889.9,2,11779.8,2024/02/15,华中,信用卡,refunded,52,
ORD000415,MacBook Air,电子产品,电子产品,3647.59,1,3647.59,2024/02/05,华北,微信支付,pending,42,男
ORD000416,农夫山泉,食品,食品食品,625.94,5,3129.7,2024/05/15,西南,银行卡,completed,34,
ORD000417,优衣库羽绒服,服装,服装服装,8581.25,7,60068.75,2024/12/27,西南,微信支付,completed,34,男
ORD000418,茅台酒,食品,食品食品,8367.36,10,83673.6,2024/09/28,华北,支付宝,completed,48,女
ORD000419,iPhone 15,电子产品,电子产品,1811.49,4,7245.96,2024/04/16,东北,信用卡,refunded,34,女
ORD000420,百威啤酒,食品,食品食品,3477.98,10,34779.8,2025/02/13,东北,银行卡,refunded,30,女
ORD000421,Sony WH-1000XM5,电子产品,电子产品,4832.2,1,4832.2,2024/08/12,东北,微信支付,completed,62,
ORD000422,深入理解计算机系统,图书,图书图书,7278.12,4,29112.48,2024/01/06,华东,信用卡,completed,50,男
ORD000423,九阳豆浆机,家居,家居家居,5040.39,2,10080.78,2024/07/10,东北,信用卡,pending,44,男
ORD000424,罗技 MX Master 3,电子产品,电子产品,1145.22,9,10306.98,2024/06/11,华北,微信支付,pending,35,
ORD000425,算法导论,图书,图书图书,7286.56,3,21859.68,2025/03/27,西北,银行卡,completed,57,女
ORD000426,优衣库羽绒服,服装,服装服装,4826.58,1,4826.58,2025/02/01,华中,微信支付,completed,26,男
ORD000427,小米台灯,家居,家居家居,1765.3,3,5295.9,2024/11/01,华北,信用卡,completed,20,
ORD000428,美的电饭煲,家居,家居家居,5369.48,10,53694.8,2024/08/02,华南,银行卡,completed,27,
ORD000429,九阳豆浆机,家居,家居家居,4403.88,2,8807.76,2024/07/09,华中,支付宝,completed,44,
ORD000430,小熊加湿器,家居,家居家居,1436.58,8,11492.64,2024/11/19,华南,支付宝,refunded,22,
ORD000431,星巴克咖啡豆,食品,食品食品,2395.73,1,2395.73,2025/04/22,华中,微信支付,completed,35,男
ORD000432,MacBook Air,电子产品,电子产品,5206.4,6,31238.4,2024/11/26,华北,信用卡,completed,56,
ORD000433,三体全集,图书,图书图书,4415.78,3,13247.34,2024/11/23,华东,支付宝,completed,20,男
ORD000434,小米台灯,家居,家居家居,9236.08,3,27708.24,2025/04/04,华南,信用卡,refunded,48,
ORD000435,宜家书架,家居,家居家居,893.64,1,893.64,2024/12/05,华北,微信支付,pending,35,女
ORD000436,Nike Air Max,服装,服装服装,702.69,2,1405.38,2024/09/21,西北,信用卡,pending,20,女
ORD000437,人类简史,图书,图书图书,2634.85,5,13174.25,2025/03/26,西北,信用卡,pending,42,男
ORD000438,德芙巧克力,食品,食品食品,9515.11,1,9515.11,2025/04/21,西北,支付宝,cancelled,41,
ORD000439,农夫山泉,食品,食品食品,1234.76,2,2469.52,2024/03/22,华中,银行卡,completed,46,男
ORD000440,宜家书架,家居,家居家居,3573.95,4,14295.8,2024/07/17,西南,支付宝,completed,31,女
ORD000441,Samsung Galaxy S24,电子产品,电子产品,3044.66,10,30446.6,2025/01/08,西南,微信支付,cancelled,29,女
ORD000442,Zara 西装外套,服装,服装服装,2109.78,9,18988.02,2024/03/27,华东,银行卡,completed,20,女
ORD000443,北面冲锋衣,服装,服装服装,1039.43,10,10394.3,2024/12/04,华东,银行卡,completed,65,男
ORD000444,AirPods Pro,电子产品,电子产品,4115.29,4,16461.16,2025/02/20,西南,银行卡,completed,35,男
ORD000445,H&M 连衣裙,服装,服装服装,2229.73,9,20067.57,2025/01/14,华北,信用卡,pending,28,男
ORD000446,三体全集,图书,图书图书,5491.81,8,43934.48,2024/06/25,华北,信用卡,pending,28,女
ORD000447,小熊加湿器,家居,家居家居,5468.29,5,27341.45,2025/04/06,西南,支付宝,pending,60,男
ORD000448,小米台灯,家居,家居家居,5010.12,8,40080.96,2024/10/11,华南,信用卡,completed,35,女
ORD000449,三只松鼠坚果礼盒,食品,食品食品,3989.6,10,39896.0,2024/05/19,西北,信用卡,refunded,61,女
ORD000450,三只松鼠坚果礼盒,食品,食品食品,6243.23,6,37459.38,2024/05/13,西北,微信支付,cancelled,58,男
ORD000451,人类简史,图书,图书图书,2983.02,3,8949.06,2024/08/06,华东,银行卡,completed,30,女
ORD000452,New Balance 574,服装,服装服装,9543.01,6,57258.06,2024/12/12,华中,微信支付,completed,29,男
ORD000453,小熊加湿器,家居,家居家居,5238.44,7,36669.08,2024/04/02,华南,支付宝,pending,47,
ORD000454,Sony WH-1000XM5,电子产品,电子产品,6626.4,4,26505.6,2024/10/22,西北,微信支付,cancelled,63,女
ORD000455,思考快与慢,图书,图书图书,7919.79,4,31679.16,2024/09/18,东北,信用卡,pending,42,女
ORD000456,宜家书架,家居,家居家居,4019.46,8,32155.68,2024/06/20,华东,微信支付,completed,41,女
ORD000457,德芙巧克力,食品,食品食品,9767.06,9,87903.54,2024/06/20,西南,银行卡,completed,65,男
ORD000458,德芙巧克力,食品,食品食品,3284.21,7,22989.47,2024/03/30,西北,信用卡,completed,53,男
ORD000459,蒙牛纯牛奶,食品,食品食品,7634.53,4,30538.12,2024/07/04,华中,支付宝,completed,47,
ORD000460,网易严选床垫,家居,家居家居,2620.29,2,5240.58,2024/07/01,东北,支付宝,completed,54,男
ORD000461,茅台酒,食品,食品食品,6542.55,8,52340.4,2024/12/16,华北,支付宝,pending,44,女
ORD000462,九阳豆浆机,家居,家居家居,9870.62,10,98706.2,2024/04/06,东北,信用卡,completed,64,男
ORD000463,良品铺子零食包,食品,食品食品,2113.61,3,6340.83,2024/02/23,西北,支付宝,completed,47,
ORD000464,良品铺子零食包,食品,食品食品,2761.66,2,5523.32,2025/01/19,华南,支付宝,completed,33,男
ORD000465,深入理解计算机系统,图书,图书图书,4089.14,8,32713.12,2024/05/28,华南,信用卡,completed,51,男
ORD000466,德芙巧克力,食品,食品食品,9891.57,9,89024.13,2024/04/06,东北,微信支付,cancelled,42,女
ORD000467,Python编程从入门到实践,图书,图书图书,2739.63,10,27396.3,2024/01/22,华南,微信支付,cancelled,41,男
ORD000468,宜家书架,家居,家居家居,6259.34,7,43815.38,2024/11/18,西南,微信支付,completed,30,女
ORD000469,网易严选床垫,家居,家居家居,698.25,7,4887.75,2024/06/09,华南,支付宝,completed,47,
ORD000470,美的电饭煲,家居,家居家居,7514.81,5,37574.05,2024/01/20,华南,银行卡,pending,33,
ORD000471,Adidas Ultraboost,服装,服装服装,9792.83,6,58756.98,2024/04/04,华南,支付宝,completed,43,男
ORD000472,网易严选床垫,家居,家居家居,6307.55,7,44152.85,2024/01/21,西北,银行卡,completed,36,
ORD000473,Zara 西装外套,服装,服装服装,1658.04,2,3316.08,2025/02/21,华南,微信支付,cancelled,64,女
ORD000474,思考快与慢,图书,图书图书,9598.97,8,76791.76,2025/03/08,西北,信用卡,refunded,24,男
ORD000475,Nike Air Max,服装,服装服装,7339.11,6,44034.66,2025/01/26,华中,支付宝,cancelled,37,男
ORD000476,Python编程从入门到实践,图书,图书图书,2963.43,7,20744.01,2025/02/07,东北,微信支付,refunded,42,
ORD000477,网易严选床垫,家居,家居家居,7040.41,10,70404.1,2024/09/24,华北,信用卡,completed,30,女
ORD000478,良品铺子零食包,食品,食品食品,3412.11,9,30708.99,2024/09/20,华南,银行卡,completed,50,
ORD000479,深入理解计算机系统,图书,图书图书,2279.21,2,4558.42,2024/02/18,东北,信用卡,pending,37,男
ORD000480,蒙牛纯牛奶,食品,食品食品,8978.1,6,53868.6,2024/08/23,西南,银行卡,completed,54,女
ORD000481,三体全集,图书,图书图书,1901.52,2,3803.04,2024/01/27,华中,银行卡,completed,44,
ORD000482,Kindle Paperwhite,电子产品,电子产品,6699.64,6,40197.84,2025/02/23,西北,支付宝,pending,58,男
ORD000483,戴森吸尘器,家居,家居家居,6226.54,8,49812.32,2024/04/08,西南,支付宝,refunded,53,
ORD000484,Python编程从入门到实践,图书,图书图书,6213.33,4,24853.32,2024/03/10,华东,微信支付,completed,19,男
ORD000485,iPhone 15,电子产品,电子产品,8160.26,9,73442.34,2025/01/26,华东,银行卡,completed,19,
ORD000486,三体全集,图书,图书图书,9586.72,1,9586.72,2025/03/16,华南,微信支付,completed,49,男
ORD000487,深入理解计算机系统,图书,图书图书,3105.25,3,9315.75,2024/03/10,华中,银行卡,completed,35,男
ORD000488,戴森吸尘器,家居,家居家居,2527.76,1,2527.76,2025/02/18,东北,信用卡,pending,39,女
ORD000489,茅台酒,食品,食品食品,2308.54,8,18468.32,2024/04/03,华南,支付宝,completed,48,男
ORD000490,Sony WH-1000XM5,电子产品,电子产品,6696.99,4,26787.96,2024/04/06,华中,微信支付,completed,64,男
ORD000491,三体全集,图书,图书图书,7511.22,1,7511.22,2025/05/06,华东,信用卡,completed,60,男
ORD000492,罗技 MX Master 3,电子产品,电子产品,4127.04,6,24762.24,2024/12/25,华北,微信支付,completed,56,男
ORD000493,Zara 西装外套,服装,服装服装,9337.61,7,65363.27,2024/01/08,东北,银行卡,pending,57,
ORD000494,戴森吸尘器,家居,家居家居,4850.25,8,38802.0,2025/03/17,华北,微信支付,completed,38,
ORD000495,Samsung Galaxy S24,电子产品,电子产品,2099.32,6,12595.92,2024/08/18,华北,支付宝,cancelled,34,女
ORD000496,AirPods Pro,电子产品,电子产品,8360.78,5,41803.9,2024/06/12,华北,银行卡,completed,30,男
ORD000497,三只松鼠坚果礼盒,食品,食品食品,78.71,1,78.71,2024/08/01,华北,支付宝,completed,18,女
ORD000498,iPhone 15,电子产品,电子产品,7317.0,3,21951.0,2024/01/06,华中,支付宝,completed,63,女
ORD000499,网易严选床垫,家居,家居家居,6566.39,1,6566.39,2024/02/16,华中,银行卡,pending,35,
ORD000500,Python编程从入门到实践,图书,图书图书,4149.28,5,20746.4,2025/01/30,华南,微信支付,completed,37,男
ORD000501,Levi's 501,服装,服装服装,1880.15,7,13161.05,2024/04/30,华南,信用卡,cancelled,35,男
ORD000502,良品铺子零食包,食品,食品食品,6460.99,9,58148.91,2025/05/27,西北,微信支付,completed,57,女
ORD000503,iPad Air,电子产品,电子产品,8631.32,3,25893.96,2025/04/30,西南,微信支付,completed,26,女
ORD000504,良品铺子零食包,食品,食品食品,9358.06,7,65506.42,2024/09/24,华东,支付宝,pending,31,男
ORD000505,三体全集,图书,图书图书,5034.66,6,30207.96,2024/05/09,华北,微信支付,completed,23,男
ORD000506,人类简史,图书,图书图书,769.22,6,4615.32,2025/05/21,东北,微信支付,completed,40,男
ORD000507,iPhone 15,电子产品,电子产品,8865.97,10,88659.7,2024/05/31,华东,银行卡,completed,52,女
ORD000508,Nike Air Max,服装,服装服装,3309.33,9,29783.97,2025/01/19,西北,支付宝,completed,62,女
ORD000509,人类简史,图书,图书图书,7696.9,9,69272.1,2024/08/11,华中,银行卡,pending,57,
ORD000510,优衣库羽绒服,服装,服装服装,7867.14,10,78671.4,2024/10/27,华北,信用卡,completed,30,
ORD000511,网易严选床垫,家居,家居家居,7010.27,8,56082.16,2024/11/05,华中,信用卡,completed,30,女
ORD000512,良品铺子零食包,食品,食品食品,3515.72,3,10547.16,2024/09/22,西南,支付宝,completed,31,
ORD000513,Levi's 501,服装,服装服装,1362.58,2,2725.16,2024/02/04,西南,信用卡,cancelled,35,女
ORD000514,Dell XPS 15,电子产品,电子产品,6326.28,6,37957.68,2024/12/17,东北,银行卡,completed,40,男
ORD000515,网易严选床垫,家居,家居家居,3823.22,2,7646.44,2024/11/06,华北,银行卡,completed,62,
ORD000516,人类简史,图书,图书图书,2786.59,6,16719.54,2024/07/08,西北,支付宝,refunded,29,男
ORD000517,蒙牛纯牛奶,食品,食品食品,3090.63,2,6181.26,2024/02/23,东北,微信支付,completed,33,男
ORD000518,Python编程从入门到实践,图书,图书图书,4049.03,6,24294.18,2024/04/27,东北,支付宝,cancelled,56,
ORD000519,良品铺子零食包,食品,食品食品,6297.41,9,56676.69,2024/04/20,西北,信用卡,pending,53,男
ORD000520,Samsung Galaxy S24,电子产品,电子产品,2955.82,3,8867.46,2024/03/29,华南,银行卡,completed,55,女
ORD000521,北面冲锋衣,服装,服装服装,7743.67,3,23231.01,2024/02/18,华中,信用卡,refunded,38,女
ORD000522,蒙牛纯牛奶,食品,食品食品,7204.7,4,28818.8,2024/10/25,西南,支付宝,completed,47,男
ORD000523,九阳豆浆机,家居,家居家居,7551.68,4,30206.72,2024/05/13,华东,银行卡,cancelled,43,女
ORD000524,Nike Air Max,服装,服装服装,6097.79,7,42684.53,2024/11/10,华中,信用卡,completed,41,男
ORD000525,Zara 西装外套,服装,服装服装,6949.64,3,20848.92,2024/04/13,西南,支付宝,cancelled,43,男
ORD000526,德芙巧克力,食品,食品食品,2584.93,1,2584.93,2024/10/06,西南,信用卡,completed,42,女
ORD000527,戴森吸尘器,家居,家居家居,8290.81,4,33163.24,2024/01/13,华中,信用卡,completed,53,男
ORD000528,三体全集,图书,图书图书,1044.69,10,10446.9,2024/11/23,西南,银行卡,pending,30,男
ORD000529,Levi's 501,服装,服装服装,1624.14,2,3248.28,2024/10/05,华北,银行卡,completed,63,女
ORD000530,Zara 西装外套,服装,服装服装,153.84,7,1076.88,2025/02/19,华东,支付宝,completed,30,女
ORD000531,百威啤酒,食品,食品食品,4458.63,2,8917.26,2024/12/25,西南,银行卡,completed,54,男
ORD000532,iPad Air,电子产品,电子产品,6650.18,7,46551.26,2024/09/08,东北,微信支付,completed,52,女
ORD000533,宜家书架,家居,家居家居,8212.19,5,41060.95,2024/01/26,华东,银行卡,refunded,58,男
ORD000534,思考快与慢,图书,图书图书,4415.79,8,35326.32,2024/03/19,华南,信用卡,cancelled,50,女
ORD000535,优衣库羽绒服,服装,服装服装,9747.11,3,29241.33,2024/10/29,华东,支付宝,completed,61,男
ORD000536,三体全集,图书,图书图书,2292.15,9,20629.35,2024/10/16,西北,支付宝,completed,23,女
ORD000537,良品铺子零食包,食品,食品食品,6425.17,10,64251.7,2024/07/01,华中,信用卡,completed,37,女
ORD000538,三体全集,图书,图书图书,5106.08,4,20424.32,2025/04/11,华东,支付宝,completed,57,男
ORD000539,小熊加湿器,家居,家居家居,8775.79,8,70206.32,2024/09/20,华南,信用卡,refunded,26,男
ORD000540,人类简史,图书,图书图书,5378.33,4,21513.32,2025/03/03,西北,信用卡,completed,32,
ORD000541,iPad Air,电子产品,电子产品,9685.2,1,9685.2,2024/07/01,东北,支付宝,pending,50,
ORD000542,蒙牛纯牛奶,食品,食品食品,8376.91,3,25130.73,2024/08/20,华北,银行卡,cancelled,21,
ORD000543,Dell XPS 15,电子产品,电子产品,8428.73,10,84287.3,2025/02/13,华南,信用卡,pending,24,男
ORD000544,Zara 西装外套,服装,服装服装,2956.74,8,23653.92,2024/06/23,华中,信用卡,completed,60,
ORD000545,Zara 西装外套,服装,服装服装,-9984.67,6,-59908.02,2024/12/31,华东,微信支付,refunded,24,女
ORD000546,三体全集,图书,图书图书,1939.66,4,7758.64,2024/09/01,华南,银行卡,completed,30,女
ORD000547,H&M 连衣裙,服装,服装服装,987.7,4,3950.8,2024/05/13,西北,银行卡,refunded,27,女
ORD000548,北面冲锋衣,服装,服装服装,8590.47,4,34361.88,2025/05/21,华东,支付宝,completed,43,
ORD000549,Python编程从入门到实践,图书,图书图书,1252.5,9,11272.5,2024/06/06,华中,微信支付,pending,36,男
ORD000550,北面冲锋衣,服装,服装服装,9516.13,8,76129.04,2025/04/10,华北,微信支付,completed,46,女
ORD000551,美的电饭煲,家居,家居家居,4704.93,5,23524.65,2025/05/18,西北,信用卡,completed,63,女
ORD000552,原则,图书,图书图书,4324.85,6,25949.1,2024/08/10,东北,银行卡,completed,21,女
ORD000553,百威啤酒,食品,食品食品,7205.92,7,50441.44,2025/03/29,西南,微信支付,completed,53,
ORD000554,美的电饭煲,家居,家居家居,8603.55,9,77431.95,2025/02/24,东北,支付宝,pending,48,
ORD000555,戴森吸尘器,家居,家居家居,4478.54,2,8957.08,2024/09/16,华南,支付宝,completed,40,男
ORD000556,戴森吸尘器,家居,家居家居,5033.35,6,30200.1,2024/10/07,东北,微信支付,cancelled,45,
ORD000557,九阳豆浆机,家居,家居家居,2396.4,2,4792.8,2024/04/22,西南,信用卡,pending,65,女
ORD000558,思考快与慢,图书,图书图书,1767.53,1,1767.53,2024/10/07,华南,信用卡,pending,30,
ORD000559,戴森吸尘器,家居,家居家居,5005.23,7,35036.61,2024/11/15,华东,支付宝,completed,63,
ORD000560,思考快与慢,图书,图书图书,9939.68,8,79517.44,2024/03/13,华东,银行卡,completed,34,男
ORD000561,蒙牛纯牛奶,食品,食品食品,6788.36,6,40730.16,2024/09/07,西南,微信支付,cancelled,48,
ORD000562,良品铺子零食包,食品,食品食品,7134.88,9,64213.92,2024/10/03,华北,支付宝,completed,21,
ORD000563,原则,图书,图书图书,6468.43,8,51747.44,2024/05/02,华南,支付宝,completed,27,
ORD000564,星巴克咖啡豆,食品,食品食品,3923.85,10,39238.5,2024/08/04,西南,支付宝,completed,25,
ORD000565,德芙巧克力,食品,食品食品,5274.51,7,36921.57,2025/05/17,华南,银行卡,refunded,36,
ORD000566,人类简史,图书,图书图书,3718.95,5,18594.75,2024/02/02,东北,信用卡,completed,50,
ORD000567,算法导论,图书,图书图书,8800.17,3,26400.51,2025/02/27,华中,信用卡,completed,47,男
ORD000568,罗技 MX Master 3,电子产品,电子产品,8936.07,5,44680.35,2025/05/17,西北,信用卡,completed,58,男
ORD000569,H&M 连衣裙,服装,服装服装,2193.68,2,4387.36,2024/11/14,东北,银行卡,pending,34,女
ORD000570,百威啤酒,食品,食品食品,1457.49,10,14574.9,2024/12/01,西南,银行卡,pending,31,女
ORD000571,Dell XPS 15,电子产品,电子产品,2812.51,4,11250.04,2024/03/09,西北,支付宝,completed,32,
ORD000572,三体全集,图书,图书图书,3684.53,2,7369.06,2024/02/02,华东,微信支付,pending,42,
ORD000573,Apple Watch,电子产品,电子产品,3114.43,4,12457.72,2024/06/01,华东,银行卡,completed,46,男
ORD000574,原则,图书,图书图书,1343.7,5,6718.5,2024/01/29,华东,银行卡,pending,41,男
ORD000575,Sony WH-1000XM5,电子产品,电子产品,7034.12,9,63307.08,2025/05/06,西北,信用卡,completed,44,女
ORD000576,三体全集,图书,图书图书,1684.52,3,5053.56,2025/01/11,华南,支付宝,refunded,30,
ORD000577,北面冲锋衣,服装,服装服装,6473.48,8,51787.84,2025/05/22,华南,银行卡,pending,32,
ORD000578,良品铺子零食包,食品,食品食品,3253.67,8,26029.36,2025/01/14,华东,银行卡,pending,45,男
ORD000579,算法导论,图书,图书图书,2741.33,7,19189.31,2024/04/13,华东,银行卡,completed,46,
ORD000580,小米台灯,家居,家居家居,4090.43,8,32723.44,2025/01/08,华南,微信支付,completed,21,
ORD000581,思考快与慢,图书,图书图书,1634.7,9,14712.3,2025/02/10,华东,微信支付,pending,22,男
ORD000582,Sony WH-1000XM5,电子产品,电子产品,8422.56,9,75803.04,2024/02/01,西南,支付宝,completed,20,女
ORD000583,星巴克咖啡豆,食品,食品食品,8540.47,3,25621.41,2024/01/28,华东,微信支付,cancelled,60,女
ORD000584,三只松鼠坚果礼盒,食品,食品食品,2473.49,10,24734.9,2024/04/25,华北,微信支付,cancelled,52,男
ORD000585,原则,图书,图书图书,9793.55,5,48967.75,2024/09/23,东北,支付宝,completed,55,
ORD000586,Python编程从入门到实践,图书,图书图书,5552.3,2,11104.6,2025/01/30,东北,支付宝,completed,42,男
ORD000587,Adidas Ultraboost,服装,服装服装,4605.13,4,18420.52,2024/03/22,华中,信用卡,completed,50,
ORD000588,Nike Air Max,服装,服装服装,9913.6,9,89222.4,2024/10/07,华中,微信支付,completed,31,男
ORD000589,德芙巧克力,食品,食品食品,8909.0,8,71272.0,2024/07/04,西北,银行卡,completed,59,男
ORD000590,优衣库羽绒服,服装,服装服装,947.35,4,3789.4,2024/06/13,华东,支付宝,completed,42,女
ORD000591,小熊加湿器,家居,家居家居,2339.42,4,9357.68,2025/03/16,东北,支付宝,completed,47,
ORD000592,算法导论,图书,图书图书,7559.65,9,68036.85,2024/06/01,西北,信用卡,completed,25,男
ORD000593,北面冲锋衣,服装,服装服装,7147.18,8,57177.44,2024/10/05,西北,支付宝,pending,33,
ORD000594,北面冲锋衣,服装,服装服装,8638.35,3,25915.05,2025/02/08,华东,银行卡,completed,55,
ORD000595,德芙巧克力,食品,食品食品,8609.25,7,60264.75,2025/04/28,西北,微信支付,cancelled,39,
ORD000596,三只松鼠坚果礼盒,食品,食品食品,2704.7,8,21637.6,2025/02/17,西北,银行卡,completed,22,女
ORD000597,深入理解计算机系统,图书,图书图书,6092.1,5,30460.5,2024/10/14,华南,支付宝,completed,29,男
ORD000598,iPad Air,电子产品,电子产品,852.45,6,5114.7,2024/07/10,华南,信用卡,pending,28,男
ORD000599,小米台灯,家居,家居家居,412.95,7,2890.65,2025/03/12,华中,支付宝,completed,57,男
ORD000600,MacBook Air,电子产品,电子产品,4561.06,4,18244.24,2025/01/21,西北,微信支付,completed,29,女
ORD000601,三只松鼠坚果礼盒,食品,食品食品,1490.97,9,13418.73,2024/08/01,华东,银行卡,completed,43,女
ORD000602,Sony WH-1000XM5,电子产品,电子产品,8103.38,6,48620.28,2025/05/11,西南,银行卡,completed,34,女
ORD000603,原则,图书,图书图书,2371.04,7,16597.28,2024/10/31,东北,信用卡,pending,55,
ORD000604,H&M 连衣裙,服装,服装服装,1122.45,7,7857.15,2024/07/24,西北,信用卡,completed,55,男
ORD000605,Nike Air Max,服装,服装服装,3127.82,1,3127.82,2024/10/02,华南,微信支付,completed,24,男
ORD000606,蒙牛纯牛奶,食品,食品食品,4931.14,2,9862.28,2024/12/31,华中,银行卡,cancelled,18,女
ORD000607,良品铺子零食包,食品,食品食品,9036.04,3,27108.12,2024/05/12,西北,微信支付,completed,60,
ORD000608,宜家书架,家居,家居家居,4746.11,4,18984.44,2024/12/17,华南,微信支付,completed,47,
ORD000609,罗技 MX Master 3,电子产品,电子产品,2985.64,7,20899.48,2024/07/23,华中,银行卡,completed,39,男
ORD000610,蒙牛纯牛奶,食品,食品食品,2563.67,9,23073.03,2024/11/27,华中,微信支付,completed,29,女
ORD000611,宜家书架,家居,家居家居,288.04,2,576.08,2025/05/09,华南,信用卡,completed,35,女
ORD000612,AirPods Pro,电子产品,电子产品,7457.14,3,22371.42,2025/03/16,华中,支付宝,pending,18,男
ORD000613,AirPods Pro,电子产品,电子产品,6007.92,3,18023.76,2025/01/23,华东,银行卡,pending,46,男
ORD000614,Zara 西装外套,服装,服装服装,9391.04,3,28173.12,2025/05/19,西南,微信支付,completed,47,男
ORD000615,宜家书架,家居,家居家居,6040.64,9,54365.76,2025/03/20,东北,信用卡,completed,20,男
ORD000616,人类简史,图书,图书图书,6746.91,8,53975.28,2024/02/01,西南,支付宝,pending,42,男
ORD000617,人类简史,图书,图书图书,6273.39,7,43913.73,2025/03/08,华中,信用卡,completed,29,男
ORD000618,思考快与慢,图书,图书图书,576.32,6,3457.92,2024/12/11,华北,信用卡,refunded,20,男
ORD000619,农夫山泉,食品,食品食品,2324.0,8,18592.0,2024/07/21,华中,微信支付,cancelled,19,女
ORD000620,Samsung Galaxy S24,电子产品,电子产品,5183.82,9,46654.38,2025/04/25,华南,支付宝,completed,32,女
ORD000621,三只松鼠坚果礼盒,食品,食品食品,2787.73,1,2787.73,2025/03/27,西南,微信支付,completed,22,男
ORD000622,美的电饭煲,家居,家居家居,7562.48,3,22687.44,2025/01/19,西南,微信支付,completed,51,
ORD000623,Samsung Galaxy S24,电子产品,电子产品,8023.66,2,16047.32,2025/05/12,西北,信用卡,cancelled,22,
ORD000624,星巴克咖啡豆,食品,食品食品,9871.35,5,49356.75,2024/03/04,华北,支付宝,refunded,45,男
ORD000625,H&M 连衣裙,服装,服装服装,2119.57,9,19076.13,2024/09/28,东北,信用卡,cancelled,43,女
ORD000626,iPhone 15,电子产品,电子产品,5755.88,9,51802.92,2024/12/24,华中,信用卡,pending,56,女
ORD000627,茅台酒,食品,食品食品,1493.46,9,13441.14,2024/04/21,东北,信用卡,cancelled,56,男
ORD000628,宜家书架,家居,家居家居,6305.26,2,12610.52,2025/05/21,华东,微信支付,cancelled,60,
ORD000629,算法导论,图书,图书图书,634.32,10,6343.2,2024/01/02,华东,支付宝,pending,49,男
ORD000630,农夫山泉,食品,食品食品,5205.82,8,41646.56,2024/04/12,西北,银行卡,completed,52,男
ORD000631,iPhone 15,电子产品,电子产品,9980.67,2,19961.34,2024/03/12,西南,银行卡,completed,60,女
ORD000632,iPhone 15,电子产品,电子产品,7846.47,1,7846.47,2025/02/24,西南,微信支付,completed,65,女
ORD000633,九阳豆浆机,家居,家居家居,6014.08,5,30070.4,2025/02/23,华东,微信支付,pending,33,女
ORD000634,Sony WH-1000XM5,电子产品,电子产品,127.47,1,127.47,2024/03/18,华南,支付宝,completed,37,女
ORD000635,九阳豆浆机,家居,家居家居,9416.49,5,47082.45,2024/11/29,东北,银行卡,refunded,22,男
ORD000636,Zara 西装外套,服装,服装服装,6971.6,10,69716.0,2024/04/18,华南,信用卡,completed,21,
ORD000637,三体全集,图书,图书图书,9354.23,5,46771.15,2024/04/08,华东,支付宝,pending,47,
ORD000638,北面冲锋衣,服装,服装服装,4229.82,4,16919.28,2024/07/27,西北,微信支付,completed,57,男
ORD000639,H&M 连衣裙,服装,服装服装,2034.68,8,16277.44,2025/04/04,华南,支付宝,cancelled,23,
ORD000640,Python编程从入门到实践,图书,图书图书,5189.62,4,20758.48,2024/12/29,华北,支付宝,cancelled,25,
ORD000641,Python编程从入门到实践,图书,图书图书,5359.26,7,37514.82,2024/06/08,西北,支付宝,completed,55,男
ORD000642,Python编程从入门到实践,图书,图书图书,4494.65,10,44946.5,2024/03/16,华东,支付宝,cancelled,54,女
ORD000643,算法导论,图书,图书图书,1590.89,1,1590.89,2024/01/16,东北,银行卡,refunded,54,男
ORD000644,AirPods Pro,电子产品,电子产品,388.23,7,2717.61,2025/01/27,华南,银行卡,pending,55,
ORD000645,原则,图书,图书图书,319.78,7,2238.46,2025/03/22,华东,支付宝,completed,55,男
ORD000646,MacBook Air,电子产品,电子产品,5149.15,4,20596.6,2024/12/23,东北,信用卡,completed,65,
ORD000647,深入理解计算机系统,图书,图书图书,1536.44,9,13827.96,2024/09/06,华东,信用卡,pending,27,男
ORD000648,蒙牛纯牛奶,食品,食品食品,9936.82,7,69557.74,2024/08/25,华中,微信支付,pending,61,男
ORD000649,Kindle Paperwhite,电子产品,电子产品,6973.37,3,20920.11,2025/05/15,东北,微信支付,completed,24,
ORD000650,三只松鼠坚果礼盒,食品,食品食品,6787.48,6,40724.88,2025/02/12,东北,信用卡,completed,29,女
ORD000651,Apple Watch,电子产品,电子产品,4347.49,3,13042.47,2025/04/23,华东,微信支付,completed,65,
ORD000652,三只松鼠坚果礼盒,食品,食品食品,6952.06,2,13904.12,2024/11/10,华北,信用卡,pending,45,女
ORD000653,MacBook Air,电子产品,电子产品,4187.49,5,20937.45,2024/02/02,华中,微信支付,completed,51,
ORD000654,AirPods Pro,电子产品,电子产品,5252.45,9,47272.05,2024/06/20,西南,信用卡,completed,56,
ORD000655,原则,图书,图书图书,154.12,10,1541.2,2024/10/25,东北,微信支付,pending,36,女
ORD000656,农夫山泉,食品,食品食品,8382.47,5,41912.35,2024/08/25,华南,支付宝,pending,30,男
ORD000657,网易严选床垫,家居,家居家居,9763.97,7,68347.79,2025/05/18,西南,微信支付,refunded,57,
ORD000658,良品铺子零食包,食品,食品食品,3971.6,2,7943.2,2025/02/04,西北,支付宝,completed,41,女
ORD000659,原则,图书,图书图书,7271.57,1,7271.57,2024/11/21,华北,支付宝,cancelled,25,男
ORD000660,百威啤酒,食品,食品食品,8437.0,10,84370.0,2024/03/19,西南,支付宝,pending,59,
ORD000661,德芙巧克力,食品,食品食品,1255.9,5,6279.5,2024/09/04,西北,银行卡,cancelled,62,女
ORD000662,Adidas Ultraboost,服装,服装服装,4777.39,4,19109.56,2024/12/09,华中,银行卡,pending,24,男
ORD000663,AirPods Pro,电子产品,电子产品,746.25,7,5223.75,2024/05/12,华东,信用卡,completed,37,
ORD000664,Kindle Paperwhite,电子产品,电子产品,9731.64,4,38926.56,2024/09/05,华南,支付宝,pending,44,女
ORD000665,Python编程从入门到实践,图书,图书图书,5013.55,7,35094.85,2024/07/26,西北,银行卡,completed,26,男
ORD000666,三只松鼠坚果礼盒,食品,食品食品,9482.62,3,28447.86,2024/03/14,华中,银行卡,completed,18,女
ORD000667,戴森吸尘器,家居,家居家居,4890.69,6,29344.14,2024/04/13,华中,信用卡,completed,40,女
ORD000668,Kindle Paperwhite,电子产品,电子产品,3651.13,9,32860.17,2025/01/23,华北,信用卡,cancelled,40,男
ORD000669,蒙牛纯牛奶,食品,食品食品,4531.77,8,36254.16,2025/03/13,西南,银行卡,completed,41,
ORD000670,星巴克咖啡豆,食品,食品食品,31.93,5,159.65,2025/04/02,西北,微信支付,pending,26,
ORD000671,Sony WH-1000XM5,电子产品,电子产品,3760.44,10,37604.4,2024/06/23,华南,微信支付,pending,48,男
ORD000672,Nike Air Max,服装,服装服装,2081.19,7,14568.33,2024/12/30,华北,支付宝,completed,42,
ORD000673,美的电饭煲,家居,家居家居,8435.55,8,67484.4,2025/02/06,华南,银行卡,completed,62,男
ORD000674,Zara 西装外套,服装,服装服装,4439.33,7,31075.31,2024/04/09,西南,支付宝,pending,42,
ORD000675,人类简史,图书,图书图书,7752.93,1,7752.93,2024/01/21,东北,微信支付,completed,22,
ORD000676,深入理解计算机系统,图书,图书图书,2543.03,9,22887.27,2024/10/22,西北,微信支付,completed,27,女
ORD000677,Python编程从入门到实践,图书,图书图书,8021.39,8,64171.12,2024/09/01,西北,微信支付,completed,55,
ORD000678,Nike Air Max,服装,服装服装,8236.11,10,82361.1,2025/01/24,华北,微信支付,completed,24,
ORD000679,德芙巧克力,食品,食品食品,1089.91,2,2179.82,2024/06/05,西南,银行卡,completed,57,女
ORD000680,人类简史,图书,图书图书,2124.87,10,21248.7,2024/01/03,西南,银行卡,completed,41,男
ORD000681,iPad Air,电子产品,电子产品,8516.43,7,59615.01,2024/01/17,西南,微信支付,pending,36,
ORD000682,北面冲锋衣,服装,服装服装,1899.58,4,7598.32,2024/03/18,华中,微信支付,refunded,46,男
ORD000683,德芙巧克力,食品,食品食品,4170.11,2,8340.22,2025/02/17,华中,银行卡,cancelled,47,女
ORD000684,戴森吸尘器,家居,家居家居,9642.31,5,48211.55,2025/04/18,华东,支付宝,pending,46,
ORD000685,小米台灯,家居,家居家居,8940.89,2,17881.78,2024/07/23,东北,微信支付,pending,47,女
ORD000686,H&M 连衣裙,服装,服装服装,8045.94,4,32183.76,2024/11/09,西北,微信支付,refunded,54,
ORD000687,北面冲锋衣,服装,服装服装,2819.53,6,16917.18,2024/05/20,东北,支付宝,refunded,29,女
ORD000688,九阳豆浆机,家居,家居家居,11.41,3,34.23,2025/01/14,华南,支付宝,pending,38,
ORD000689,Nike Air Max,服装,服装服装,1590.9,6,9545.4,2024/02/20,华东,银行卡,completed,21,女
ORD000690,思考快与慢,图书,图书图书,4710.2,7,32971.4,2024/06/22,华南,支付宝,pending,65,
ORD000691,人类简史,图书,图书图书,5411.33,1,5411.33,2024/06/16,华中,微信支付,completed,21,
ORD000692,百威啤酒,食品,食品食品,6926.22,10,69262.2,2024/07/12,东北,微信支付,refunded,53,
ORD000693,蒙牛纯牛奶,食品,食品食品,2815.46,5,14077.3,2025/03/25,西南,银行卡,completed,36,
ORD000694,Zara 西装外套,服装,服装服装,9083.62,4,36334.48,2025/03/22,华东,微信支付,pending,22,
ORD000695,宜家书架,家居,家居家居,9447.99,1,9447.99,2024/01/24,华北,银行卡,cancelled,52,女
ORD000696,算法导论,图书,图书图书,6750.9,2,13501.8,2025/04/10,华中,微信支付,completed,57,
ORD000697,Zara 西装外套,服装,服装服装,7181.08,5,35905.4,2024/08/04,西北,微信支付,pending,63,女
ORD000698,Kindle Paperwhite,电子产品,电子产品,2528.03,8,20224.24,2024/06/15,华北,支付宝,completed,22,女
ORD000699,美的电饭煲,家居,家居家居,7981.89,9,71837.01,2024/10/15,东北,信用卡,pending,39,男
ORD000700,MacBook Air,电子产品,电子产品,5570.21,4,22280.84,2024/05/08,东北,信用卡,refunded,50,女
ORD000701,深入理解计算机系统,图书,图书图书,6390.02,5,31950.1,2025/03/15,华东,微信支付,completed,36,
ORD000702,深入理解计算机系统,图书,图书图书,6669.73,2,13339.46,2024/03/27,西南,支付宝,pending,18,
ORD000703,农夫山泉,食品,食品食品,4879.06,2,9758.12,2024/02/25,华东,信用卡,pending,65,
ORD000704,Python编程从入门到实践,图书,图书图书,1344.42,3,4033.26,2025/02/05,西北,支付宝,refunded,37,
ORD000705,H&M 连衣裙,服装,服装服装,562.83,7,3939.81,2025/02/27,华中,信用卡,completed,20,
ORD000706,九阳豆浆机,家居,家居家居,7575.83,9,68182.47,2024/03/15,华中,银行卡,completed,40,女
ORD000707,New Balance 574,服装,服装服装,7959.28,3,23877.84,2024/04/20,华北,银行卡,pending,41,女
ORD000708,Zara 西装外套,服装,服装服装,5716.73,4,22866.92,2024/12/07,华南,银行卡,refunded,41,女
ORD000709,iPhone 15,电子产品,电子产品,852.68,9,7674.12,2025/02/20,西北,支付宝,completed,64,女
ORD000710,算法导论,图书,图书图书,9510.45,5,47552.25,2024/05/11,东北,微信支付,completed,37,
ORD000711,网易严选床垫,家居,家居家居,2341.54,8,18732.32,2024/09/11,东北,信用卡,completed,33,女
ORD000712,人类简史,图书,图书图书,4746.99,6,28481.94,2024/03/08,华北,微信支付,completed,41,女
ORD000713,算法导论,图书,图书图书,5809.53,8,46476.24,2024/05/08,西北,银行卡,completed,44,女
ORD000714,网易严选床垫,家居,家居家居,4134.26,1,4134.26,2024/07/27,华北,信用卡,completed,46,男
ORD000715,三体全集,图书,图书图书,6911.21,8,55289.68,2024/01/31,西南,微信支付,cancelled,65,
ORD000716,三只松鼠坚果礼盒,食品,食品食品,9425.46,5,47127.3,2025/03/06,华南,银行卡,refunded,65,
ORD000717,良品铺子零食包,食品,食品食品,1226.4,3,3679.2,2024/06/10,华南,银行卡,completed,18,女
ORD000718,Adidas Ultraboost,服装,服装服装,3556.83,2,7113.66,2024/01/25,华中,微信支付,completed,50,男
ORD000719,思考快与慢,图书,图书图书,3706.15,10,37061.5,2025/03/19,西南,微信支付,pending,32,女
ORD000720,宜家书架,家居,家居家居,9365.36,2,18730.72,2024/11/12,华南,微信支付,completed,39,女
ORD000721,九阳豆浆机,家居,家居家居,4581.61,6,27489.66,2024/04/05,东北,支付宝,completed,23,女
ORD000722,罗技 MX Master 3,电子产品,电子产品,3931.39,9,35382.51,2024/02/26,华北,信用卡,completed,32,男
ORD000723,优衣库羽绒服,服装,服装服装,7298.66,8,58389.28,2024/03/27,华中,支付宝,completed,60,
ORD000724,深入理解计算机系统,图书,图书图书,457.26,8,3658.08,2024/11/16,华南,银行卡,completed,61,女
ORD000725,Nike Air Max,服装,服装服装,3315.06,4,13260.24,2025/02/06,华中,支付宝,completed,31,男
ORD000726,Samsung Galaxy S24,电子产品,电子产品,963.99,1,963.99,2024/04/11,东北,信用卡,cancelled,30,
ORD000727,戴森吸尘器,家居,家居家居,8611.35,4,34445.4,2025/02/15,华南,银行卡,cancelled,60,女
ORD000728,百威啤酒,食品,食品食品,4308.86,10,43088.6,2024/08/11,西南,银行卡,refunded,28,
ORD000729,优衣库羽绒服,服装,服装服装,5202.04,4,20808.16,2024/03/05,华中,银行卡,cancelled,42,男
ORD000730,三体全集,图书,图书图书,1195.02,4,4780.08,2025/03/16,西北,支付宝,completed,28,男
ORD000731,Adidas Ultraboost,服装,服装服装,2699.41,3,8098.23,2024/09/01,华北,信用卡,completed,33,
ORD000732,蒙牛纯牛奶,食品,食品食品,6412.22,8,51297.76,2024/06/21,东北,信用卡,cancelled,37,女
ORD000733,New Balance 574,服装,服装服装,6321.88,1,6321.88,2024/04/23,东北,信用卡,completed,53,女
ORD000734,宜家书架,家居,家居家居,8223.31,7,57563.17,2024/05/23,东北,微信支付,pending,25,
ORD000735,Nike Air Max,服装,服装服装,5425.17,5,27125.85,2024/02/12,华东,支付宝,completed,39,
ORD000736,Nike Air Max,服装,服装服装,2819.49,3,8458.47,2025/04/19,华东,银行卡,completed,37,
ORD000737,Kindle Paperwhite,电子产品,电子产品,949.13,8,7593.04,2024/03/14,华东,信用卡,refunded,65,女
ORD000738,优衣库羽绒服,服装,服装服装,361.21,5,1806.05,2024/08/05,东北,银行卡,completed,42,男
ORD000739,美的电饭煲,家居,家居家居,6077.95,4,24311.8,2024/04/23,西南,信用卡,pending,39,男
ORD000740,Samsung Galaxy S24,电子产品,电子产品,3336.11,8,26688.88,2024/03/19,西南,支付宝,completed,20,女
ORD000741,New Balance 574,服装,服装服装,6292.56,6,37755.36,2024/05/03,华南,微信支付,pending,21,男
ORD000742,九阳豆浆机,家居,家居家居,706.33,8,5650.64,2024/10/02,西北,支付宝,cancelled,45,男
ORD000743,小米台灯,家居,家居家居,4123.32,8,32986.56,2024/03/07,西南,支付宝,completed,55,女
ORD000744,德芙巧克力,食品,食品食品,956.69,6,5740.14,2024/10/06,东北,微信支付,completed,27,女
ORD000745,人类简史,图书,图书图书,4198.23,8,33585.84,2024/01/08,西南,银行卡,pending,20,女
ORD000746,Levi's 501,服装,服装服装,8204.65,2,16409.3,2024/02/06,西南,微信支付,pending,53,男
ORD000747,MacBook Air,电子产品,电子产品,8126.93,4,32507.72,2024/10/04,华东,支付宝,completed,61,女
ORD000748,思考快与慢,图书,图书图书,435.5,3,1306.5,2024/12/22,西南,支付宝,cancelled,55,男
ORD000749,思考快与慢,图书,图书图书,343.28,9,3089.52,2024/07/24,西北,支付宝,completed,61,女
ORD000750,小米台灯,家居,家居家居,8618.23,7,60327.61,2025/03/01,华东,信用卡,pending,64,男
ORD000751,蒙牛纯牛奶,食品,食品食品,650.1,3,1950.3,2024/04/29,西南,信用卡,completed,38,
ORD000752,小熊加湿器,家居,家居家居,642.51,1,642.51,2024/09/24,东北,信用卡,completed,50,
ORD000753,罗技 MX Master 3,电子产品,电子产品,756.84,1,756.84,2024/04/20,华北,银行卡,completed,33,
ORD000754,九阳豆浆机,家居,家居家居,1072.82,4,4291.28,2024/08/11,华东,信用卡,cancelled,47,
ORD000755,Sony WH-1000XM5,电子产品,电子产品,2099.28,7,14694.96,2025/01/20,华南,支付宝,completed,27,男
ORD000756,美的电饭煲,家居,家居家居,8559.8,2,17119.6,2024/06/20,东北,微信支付,pending,61,女
ORD000757,美的电饭煲,家居,家居家居,7137.26,3,21411.78,2025/03/01,西北,信用卡,completed,35,
ORD000758,茅台酒,食品,食品食品,6067.98,4,24271.92,2024/05/01,西南,微信支付,pending,30,男
ORD000759,优衣库羽绒服,服装,服装服装,6417.74,2,12835.48,2024/09/14,华北,信用卡,completed,49,
ORD000760,Levi's 501,服装,服装服装,7396.46,6,44378.76,2024/09/11,华东,信用卡,completed,25,男
ORD000761,德芙巧克力,食品,食品食品,7541.28,8,60330.24,2024/12/18,华南,银行卡,completed,24,男
ORD000762,百威啤酒,食品,食品食品,7069.36,6,42416.16,2024/05/27,东北,银行卡,completed,49,男
ORD000763,AirPods Pro,电子产品,电子产品,9172.4,3,27517.2,2024/01/19,西北,支付宝,completed,42,女
ORD000764,Apple Watch,电子产品,电子产品,1022.18,3,3066.54,2024/08/25,东北,微信支付,completed,43,
ORD000765,农夫山泉,食品,食品食品,801.43,4,3205.72,2024/03/08,华南,银行卡,completed,57,女
ORD000766,三体全集,图书,图书图书,4510.87,7,31576.09,2025/01/31,西北,支付宝,pending,38,
ORD000767,AirPods Pro,电子产品,电子产品,5017.1,3,15051.3,2025/04/05,西南,银行卡,cancelled,38,男
ORD000768,H&M 连衣裙,服装,服装服装,8650.94,10,86509.4,2024/07/01,华中,银行卡,pending,64,男
ORD000769,农夫山泉,食品,食品食品,8357.96,10,83579.6,2024/11/21,华南,支付宝,completed,40,
ORD000770,Samsung Galaxy S24,电子产品,电子产品,6894.98,5,34474.9,2024/09/04,西北,支付宝,completed,64,
ORD000771,罗技 MX Master 3,电子产品,电子产品,408.4,1,408.4,2024/08/28,东北,银行卡,pending,18,
ORD000772,茅台酒,食品,食品食品,8080.73,4,32322.92,2024/01/24,华东,支付宝,refunded,44,男
ORD000773,Apple Watch,电子产品,电子产品,7522.72,8,60181.76,2025/03/15,华南,微信支付,cancelled,60,
ORD000774,思考快与慢,图书,图书图书,2769.52,6,16617.12,2025/04/27,华南,微信支付,completed,45,
ORD000775,小熊加湿器,家居,家居家居,6413.66,8,51309.28,2024/08/18,华北,微信支付,completed,43,男
ORD000776,思考快与慢,图书,图书图书,6304.48,6,37826.88,2024/10/02,华北,信用卡,completed,32,
ORD000777,美的电饭煲,家居,家居家居,4082.07,7,28574.49,2024/11/22,华北,银行卡,completed,64,
ORD000778,Dell XPS 15,电子产品,电子产品,6263.29,2,12526.58,2024/09/07,华北,信用卡,completed,22,女
ORD000779,美的电饭煲,家居,家居家居,5488.59,4,21954.36,2024/12/10,华北,银行卡,completed,59,女
ORD000780,New Balance 574,服装,服装服装,7826.46,6,46958.76,2024/12/05,华中,银行卡,pending,54,
ORD000781,Zara 西装外套,服装,服装服装,9108.78,8,72870.24,2025/01/24,华南,支付宝,pending,45,女
ORD000782,iPad Air,电子产品,电子产品,5507.55,7,38552.85,2024/06/03,东北,微信支付,completed,18,男
ORD000783,Sony WH-1000XM5,电子产品,电子产品,5994.28,9,53948.52,2025/05/26,东北,银行卡,completed,54,女
ORD000784,Adidas Ultraboost,服装,服装服装,9881.27,5,49406.35,2025/04/15,华北,银行卡,pending,64,男
ORD000785,戴森吸尘器,家居,家居家居,9231.42,1,9231.42,2024/01/24,东北,支付宝,completed,65,男
ORD000786,Nike Air Max,服装,服装服装,1866.86,9,16801.74,2024/08/13,华北,微信支付,refunded,28,男
ORD000787,iPad Air,电子产品,电子产品,3700.05,9,33300.45,2025/03/28,西北,微信支付,cancelled,36,男
ORD000788,深入理解计算机系统,图书,图书图书,6407.36,8,51258.88,2024/04/10,东北,微信支付,completed,49,男
ORD000789,思考快与慢,图书,图书图书,140.81,3,422.43,2025/01/30,华东,支付宝,completed,27,女
ORD000790,Adidas Ultraboost,服装,服装服装,9169.32,1,9169.32,2024/09/18,东北,支付宝,refunded,56,女
ORD000791,Python编程从入门到实践,图书,图书图书,9050.26,6,54301.56,2025/04/29,华东,支付宝,completed,24,女
ORD000792,思考快与慢,图书,图书图书,7147.89,8,57183.12,2024/10/15,华南,信用卡,completed,20,
ORD000793,美的电饭煲,家居,家居家居,7922.41,2,15844.82,2024/04/21,华南,信用卡,completed,60,女
ORD000794,算法导论,图书,图书图书,9766.78,2,19533.56,2024/02/11,东北,支付宝,pending,28,
ORD000795,茅台酒,食品,食品食品,4172.37,8,33378.96,2024/10/02,西南,支付宝,completed,32,男
ORD000796,人类简史,图书,图书图书,7276.58,5,36382.9,2025/03/13,华东,银行卡,refunded,37,女
ORD000797,良品铺子零食包,食品,食品食品,6516.81,9,58651.29,2024/08/09,华北,微信支付,completed,37,女
ORD000798,小米台灯,家居,家居家居,5582.73,10,55827.3,2024/10/30,西北,银行卡,pending,18,女
ORD000799,小米台灯,家居,家居家居,2061.9,2,4123.8,2024/12/17,华北,银行卡,completed,37,男
ORD000800,MacBook Air,电子产品,电子产品,6057.34,4,24229.36,2024/09/18,华南,银行卡,pending,49,
ORD000801,美的电饭煲,家居,家居家居,2043.87,7,14307.09,2024/12/12,西北,银行卡,pending,65,男
ORD000802,人类简史,图书,图书图书,6424.16,8,51393.28,2024/03/23,华南,信用卡,cancelled,29,
ORD000803,H&M 连衣裙,服装,服装服装,4520.27,9,40682.43,2024/08/07,华中,支付宝,completed,65,女
ORD000804,深入理解计算机系统,图书,图书图书,30.2,8,241.6,2024/03/09,华中,微信支付,completed,44,女
ORD000805,北面冲锋衣,服装,服装服装,3194.89,7,22364.23,2025/05/05,华北,支付宝,completed,52,男
ORD000806,北面冲锋衣,服装,服装服装,5960.14,6,35760.84,2025/02/12,西北,支付宝,completed,59,
ORD000807,Nike Air Max,服装,服装服装,4979.42,6,29876.52,2024/09/21,东北,支付宝,cancelled,63,男
ORD000808,New Balance 574,服装,服装服装,8343.74,10,83437.4,2024/10/04,西南,信用卡,completed,18,女
ORD000809,九阳豆浆机,家居,家居家居,3650.19,8,29201.52,2025/03/04,华北,信用卡,completed,26,男
ORD000810,Nike Air Max,服装,服装服装,2691.07,1,2691.07,2024/06/08,华中,银行卡,completed,22,男
ORD000811,Samsung Galaxy S24,电子产品,电子产品,8136.4,2,16272.8,2024/06/17,西北,信用卡,completed,53,男
ORD000812,Apple Watch,电子产品,电子产品,138.37,2,276.74,2025/03/27,东北,信用卡,pending,55,女
ORD000813,思考快与慢,图书,图书图书,3498.91,1,3498.91,2025/03/06,西北,支付宝,completed,47,女
ORD000814,九阳豆浆机,家居,家居家居,9627.36,5,48136.8,2024/01/27,西南,微信支付,pending,40,女
ORD000815,蒙牛纯牛奶,食品,食品食品,5750.47,8,46003.76,2025/02/02,华南,银行卡,refunded,40,
ORD000816,小米台灯,家居,家居家居,5840.61,9,52565.49,2025/03/10,东北,银行卡,pending,24,男
ORD000817,Nike Air Max,服装,服装服装,2339.17,10,23391.7,2024/09/14,华南,支付宝,pending,63,女
ORD000818,Sony WH-1000XM5,电子产品,电子产品,329.05,10,3290.5,2024/07/16,华南,信用卡,completed,58,女
ORD000819,iPad Air,电子产品,电子产品,5321.58,3,15964.74,2024/06/07,东北,信用卡,completed,47,男
ORD000820,iPhone 15,电子产品,电子产品,4024.82,7,28173.74,2024/01/11,西南,信用卡,pending,30,男
ORD000821,星巴克咖啡豆,食品,食品食品,4917.37,7,34421.59,2024/02/24,西南,银行卡,completed,18,男
ORD000822,戴森吸尘器,家居,家居家居,9533.61,2,19067.22,2024/11/23,东北,支付宝,refunded,58,女
ORD000823,北面冲锋衣,服装,服装服装,3001.91,6,18011.46,2024/09/11,东北,信用卡,refunded,55,
ORD000824,蒙牛纯牛奶,食品,食品食品,9201.38,8,73611.04,2025/02/24,西南,信用卡,completed,23,男
ORD000825,Levi's 501,服装,服装服装,1801.35,1,1801.35,2025/04/22,西北,微信支付,completed,64,
ORD000826,Sony WH-1000XM5,电子产品,电子产品,7649.8,7,53548.6,2024/09/30,华东,信用卡,completed,27,男
ORD000827,Dell XPS 15,电子产品,电子产品,5294.65,5,26473.25,2025/05/23,西北,微信支付,pending,56,
ORD000828,德芙巧克力,食品,食品食品,2445.46,10,24454.6,2025/04/19,华中,支付宝,completed,49,
ORD000829,人类简史,图书,图书图书,7876.95,9,70892.55,2025/03/31,华东,信用卡,cancelled,34,男
ORD000830,Apple Watch,电子产品,电子产品,8198.07,1,8198.07,2025/04/04,华东,微信支付,completed,28,
ORD000831,iPhone 15,电子产品,电子产品,1889.78,10,18897.8,2024/10/05,华北,银行卡,pending,36,女
ORD000832,三体全集,图书,图书图书,9942.6,9,89483.4,2025/05/29,西南,微信支付,completed,30,男
ORD000833,宜家书架,家居,家居家居,7810.69,2,15621.38,2024/03/19,西北,信用卡,cancelled,26,
ORD000834,iPhone 15,电子产品,电子产品,2658.04,5,13290.2,2024/02/15,华北,支付宝,completed,39,女
ORD000835,小米台灯,家居,家居家居,6033.18,8,48265.44,2024/01/19,西南,微信支付,completed,32,女
ORD000836,星巴克咖啡豆,食品,食品食品,1933.74,4,7734.96,2025/04/17,华南,支付宝,completed,48,
ORD000837,网易严选床垫,家居,家居家居,3408.54,2,6817.08,2024/03/03,东北,银行卡,cancelled,52,
ORD000838,三只松鼠坚果礼盒,食品,食品食品,7734.13,8,61873.04,2025/01/19,华东,银行卡,completed,20,女
ORD000839,百威啤酒,食品,食品食品,1326.58,4,5306.32,2024/05/12,西北,支付宝,completed,61,男
ORD000840,Nike Air Max,服装,服装服装,7349.94,2,14699.88,2025/02/06,西南,支付宝,refunded,39,
ORD000841,AirPods Pro,电子产品,电子产品,4714.28,1,4714.28,2024/11/07,华东,银行卡,completed,23,男
ORD000842,Sony WH-1000XM5,电子产品,电子产品,5241.9,1,5241.9,2024/03/07,华北,支付宝,completed,46,男
ORD000843,宜家书架,家居,家居家居,5277.96,7,36945.72,2024/01/08,东北,微信支付,completed,33,男
ORD000844,人类简史,图书,图书图书,7787.76,5,38938.8,2024/02/18,西北,银行卡,refunded,20,男
ORD000845,百威啤酒,食品,食品食品,2742.16,8,21937.28,2024/10/19,华南,支付宝,completed,29,男
ORD000846,宜家书架,家居,家居家居,6056.66,9,54509.94,2025/05/25,华北,银行卡,refunded,38,女
ORD000847,Sony WH-1000XM5,电子产品,电子产品,9498.25,6,56989.5,2024/11/11,华中,银行卡,completed,43,男
ORD000848,九阳豆浆机,家居,家居家居,5762.5,4,23050.0,2025/03/03,华南,微信支付,pending,38,男
ORD000849,美的电饭煲,家居,家居家居,9990.6,6,59943.6,2024/01/22,华北,支付宝,completed,33,男
ORD000850,AirPods Pro,电子产品,电子产品,4670.25,5,23351.25,2024/05/14,西南,微信支付,completed,39,
ORD000851,Zara 西装外套,服装,服装服装,6797.88,5,33989.4,2024/03/03,华北,信用卡,completed,50,女
ORD000852,北面冲锋衣,服装,服装服装,3617.89,6,21707.34,2025/03/30,东北,支付宝,cancelled,28,男
ORD000853,戴森吸尘器,家居,家居家居,7664.11,6,45984.66,2025/02/01,华中,银行卡,completed,33,
ORD000854,Apple Watch,电子产品,电子产品,3050.62,3,9151.86,2024/01/30,西北,银行卡,completed,31,男
ORD000855,人类简史,图书,图书图书,5099.49,7,35696.43,2024/06/16,华南,微信支付,completed,45,女
ORD000856,人类简史,图书,图书图书,9239.32,9,83153.88,2024/02/29,西北,支付宝,pending,59,男
ORD000857,网易严选床垫,家居,家居家居,5869.42,5,29347.1,2025/03/04,华东,微信支付,completed,18,
ORD000858,人类简史,图书,图书图书,4269.15,3,12807.45,2025/03/03,华南,银行卡,completed,57,女
ORD000859,百威啤酒,食品,食品食品,9252.99,4,37011.96,2024/10/08,西北,信用卡,completed,35,男
ORD000860,AirPods Pro,电子产品,电子产品,7250.62,8,58004.96,2024/12/03,西南,信用卡,pending,47,
ORD000861,北面冲锋衣,服装,服装服装,4772.05,4,19088.2,2024/08/20,华南,支付宝,completed,19,男
ORD000862,农夫山泉,食品,食品食品,141.84,4,567.36,2024/11/24,华东,信用卡,completed,34,男
ORD000863,Samsung Galaxy S24,电子产品,电子产品,757.12,4,3028.48,2024/12/30,华北,信用卡,completed,55,女
ORD000864,iPhone 15,电子产品,电子产品,3084.91,10,30849.1,2024/03/18,华南,信用卡,completed,59,女
ORD000865,美的电饭煲,家居,家居家居,2456.82,3,7370.46,2025/02/08,华东,银行卡,refunded,18,女
ORD000866,Levi's 501,服装,服装服装,995.6,6,5973.6,2025/04/24,华北,银行卡,refunded,42,男
ORD000867,Kindle Paperwhite,电子产品,电子产品,9893.65,5,49468.25,2024/05/30,西南,银行卡,completed,50,男
ORD000868,iPhone 15,电子产品,电子产品,9421.82,2,18843.64,2024/08/10,华东,支付宝,refunded,51,男
ORD000869,人类简史,图书,图书图书,4200.31,7,29402.17,2024/04/22,东北,信用卡,completed,37,男
ORD000870,深入理解计算机系统,图书,图书图书,503.39,4,2013.56,2025/02/02,华中,信用卡,completed,37,
ORD000871,Dell XPS 15,电子产品,电子产品,2683.22,7,18782.54,2024/05/28,东北,银行卡,pending,57,
ORD000872,百威啤酒,食品,食品食品,2041.67,2,4083.34,2025/02/19,华东,微信支付,pending,54,女
ORD000873,优衣库羽绒服,服装,服装服装,6623.7,10,66237.0,2024/06/26,西南,支付宝,completed,43,女
ORD000874,农夫山泉,食品,食品食品,6681.99,8,53455.92,2024/05/05,西北,信用卡,refunded,62,
ORD000875,星巴克咖啡豆,食品,食品食品,8009.73,7,56068.11,2024/11/18,东北,支付宝,completed,42,女
ORD000876,茅台酒,食品,食品食品,6395.12,1,6395.12,2024/12/19,华东,微信支付,completed,44,
ORD000877,Adidas Ultraboost,服装,服装服装,9571.87,4,38287.48,2024/12/01,东北,信用卡,completed,50,
ORD000878,New Balance 574,服装,服装服装,4759.04,3,14277.12,2025/05/19,华南,微信支付,completed,43,
ORD000879,iPad Air,电子产品,电子产品,6803.09,8,54424.72,2024/08/25,西北,银行卡,refunded,24,
ORD000880,人类简史,图书,图书图书,1567.18,9,14104.62,2025/01/10,华中,微信支付,completed,55,男
ORD000881,Adidas Ultraboost,服装,服装服装,7684.64,8,61477.12,2025/04/23,东北,银行卡,completed,48,女
ORD000882,人类简史,图书,图书图书,2731.92,5,13659.6,2024/03/19,华中,微信支付,refunded,27,男
ORD000883,MacBook Air,电子产品,电子产品,3556.91,6,21341.46,2024/03/19,西北,银行卡,completed,59,女
ORD000884,茅台酒,食品,食品食品,4295.06,1,4295.06,2024/08/25,西南,银行卡,completed,61,男
ORD000885,Levi's 501,服装,服装服装,6231.4,6,37388.4,2025/01/17,华南,信用卡,pending,36,女
ORD000886,北面冲锋衣,服装,服装服装,142.95,1,142.95,2024/07/11,华中,信用卡,completed,61,
ORD000887,Python编程从入门到实践,图书,图书图书,6818.46,5,34092.3,2024/09/23,华东,微信支付,pending,30,
ORD000888,原则,图书,图书图书,8293.7,6,49762.2,2025/04/25,华北,信用卡,pending,56,女
ORD000889,Zara 西装外套,服装,服装服装,9894.47,6,59366.82,2024/10/17,华北,银行卡,cancelled,23,
ORD000890,Python编程从入门到实践,图书,图书图书,4600.18,10,46001.8,2024/11/14,华南,支付宝,pending,56,男
ORD000891,百威啤酒,食品,食品食品,9484.39,3,28453.17,2024/11/09,华北,微信支付,pending,32,男
ORD000892,罗技 MX Master 3,电子产品,电子产品,3159.75,10,31597.5,2024/06/05,西南,银行卡,cancelled,62,男
ORD000893,Zara 西装外套,服装,服装服装,6178.87,9,55609.83,2024/06/24,东北,微信支付,completed,59,女
ORD000894,Nike Air Max,服装,服装服装,5572.69,10,55726.9,2024/05/11,华中,微信支付,completed,60,男
ORD000895,良品铺子零食包,食品,食品食品,585.81,7,4100.67,2025/04/09,华南,支付宝,pending,19,男
ORD000896,New Balance 574,服装,服装服装,6573.36,5,32866.8,2025/04/11,华北,信用卡,refunded,34,女
ORD000897,蒙牛纯牛奶,食品,食品食品,8558.97,3,25676.91,2025/03/15,华中,银行卡,completed,21,
ORD000898,AirPods Pro,电子产品,电子产品,7220.29,3,21660.87,2024/03/13,华南,微信支付,cancelled,43,女
ORD000899,Zara 西装外套,服装,服装服装,5236.15,2,10472.3,2025/03/29,东北,银行卡,completed,41,女
ORD000900,小熊加湿器,家居,家居家居,3557.22,5,17786.1,2024/03/27,西南,支付宝,refunded,24,男
ORD000901,北面冲锋衣,服装,服装服装,1797.7,4,7190.8,2024/02/02,华南,信用卡,pending,39,女
ORD000902,Adidas Ultraboost,服装,服装服装,5638.27,8,45106.16,2024/02/05,华东,银行卡,pending,53,女
ORD000903,Sony WH-1000XM5,电子产品,电子产品,4583.18,7,32082.26,2024/05/07,东北,信用卡,completed,18,
ORD000904,网易严选床垫,家居,家居家居,9811.38,6,58868.28,2024/05/02,东北,信用卡,completed,25,女
ORD000905,美的电饭煲,家居,家居家居,608.18,2,1216.36,2024/08/23,华南,微信支付,completed,56,男
ORD000906,人类简史,图书,图书图书,1889.18,1,1889.18,2024/04/27,西北,微信支付,completed,34,女
ORD000907,Kindle Paperwhite,电子产品,电子产品,1884.53,8,15076.24,2024/10/27,东北,支付宝,completed,56,男
ORD000908,九阳豆浆机,家居,家居家居,7802.45,7,54617.15,2025/01/02,华南,银行卡,pending,45,女
ORD000909,Adidas Ultraboost,服装,服装服装,7001.63,1,7001.63,2025/02/10,西南,银行卡,completed,65,男
ORD000910,农夫山泉,食品,食品食品,5352.13,9,48169.17,2025/01/09,东北,银行卡,refunded,26,
ORD000911,Samsung Galaxy S24,电子产品,电子产品,7228.1,8,57824.8,2024/03/20,西南,信用卡,completed,63,
ORD000912,Apple Watch,电子产品,电子产品,9893.55,10,98935.5,2024/09/27,华北,信用卡,pending,40,男
ORD000913,三只松鼠坚果礼盒,食品,食品食品,3663.76,9,32973.84,2025/01/24,华中,支付宝,completed,37,女
ORD000914,原则,图书,图书图书,6117.42,10,61174.2,2025/02/25,华中,信用卡,completed,29,男
ORD000915,小米台灯,家居,家居家居,5125.98,1,5125.98,2024/04/17,华南,信用卡,pending,32,女
ORD000916,MacBook Air,电子产品,电子产品,2694.5,1,2694.5,2024/05/13,西北,支付宝,cancelled,38,女
ORD000917,深入理解计算机系统,图书,图书图书,6729.2,9,60562.8,2024/02/21,西南,银行卡,pending,20,男
ORD000918,美的电饭煲,家居,家居家居,3881.75,4,15527.0,2024/07/04,华北,信用卡,completed,53,
ORD000919,iPad Air,电子产品,电子产品,8644.09,8,69152.72,2024/06/10,东北,微信支付,completed,60,
ORD000920,茅台酒,食品,食品食品,6558.43,2,13116.86,2024/11/15,华中,信用卡,refunded,42,
ORD000921,人类简史,图书,图书图书,4740.87,4,18963.48,2024/04/09,西北,支付宝,refunded,39,女
ORD000922,三体全集,图书,图书图书,9491.22,2,18982.44,2025/04/02,东北,信用卡,completed,22,女
ORD000923,良品铺子零食包,食品,食品食品,8857.29,6,53143.74,2024/01/30,华南,支付宝,completed,61,
ORD000924,iPhone 15,电子产品,电子产品,752.69,8,6021.52,2024/10/28,华中,微信支付,completed,41,
ORD000925,New Balance 574,服装,服装服装,5273.83,9,47464.47,2024/03/06,西南,银行卡,completed,29,女
ORD000926,百威啤酒,食品,食品食品,4784.16,3,14352.48,2024/05/07,西北,微信支付,pending,47,女
ORD000927,百威啤酒,食品,食品食品,5314.15,7,37199.05,2025/04/10,华东,支付宝,pending,50,男
ORD000928,思考快与慢,图书,图书图书,1149.22,5,5746.1,2024/04/27,东北,微信支付,cancelled,61,女
ORD000929,深入理解计算机系统,图书,图书图书,7289.88,6,43739.28,2024/08/31,华中,微信支付,refunded,42,
ORD000930,德芙巧克力,食品,食品食品,324.76,3,974.28,2024/01/09,华北,微信支付,completed,35,男
ORD000931,算法导论,图书,图书图书,8262.3,4,33049.2,2025/03/01,东北,银行卡,completed,40,男
ORD000932,罗技 MX Master 3,电子产品,电子产品,5635.63,6,33813.78,2024/09/24,西南,信用卡,cancelled,35,男
ORD000933,农夫山泉,食品,食品食品,9389.89,5,46949.45,2024/10/01,华东,微信支付,completed,43,
ORD000934,Samsung Galaxy S24,电子产品,电子产品,9116.46,8,72931.68,2025/01/08,华北,支付宝,completed,35,女
ORD000935,Dell XPS 15,电子产品,电子产品,3161.67,2,6323.34,2025/04/22,东北,支付宝,completed,40,男
ORD000936,罗技 MX Master 3,电子产品,电子产品,2314.05,1,2314.05,2024/08/25,西南,银行卡,completed,32,女
ORD000937,Python编程从入门到实践,图书,图书图书,9917.48,10,99174.8,2025/03/01,西北,支付宝,completed,25,
ORD000938,北面冲锋衣,服装,服装服装,3441.29,10,34412.9,2025/05/11,华中,银行卡,cancelled,37,男
ORD000939,深入理解计算机系统,图书,图书图书,3335.85,2,6671.7,2024/07/09,华中,银行卡,completed,64,女
ORD000940,小熊加湿器,家居,家居家居,6517.24,1,6517.24,2025/02/15,西北,支付宝,completed,27,男
ORD000941,北面冲锋衣,服装,服装服装,1434.95,10,14349.5,2025/01/20,华中,银行卡,completed,30,女
ORD000942,百威啤酒,食品,食品食品,870.0,8,6960.0,2024/05/15,华北,信用卡,completed,24,女
ORD000943,九阳豆浆机,家居,家居家居,8444.77,4,33779.08,2024/06/13,华中,支付宝,completed,19,女
ORD000944,优衣库羽绒服,服装,服装服装,1540.31,8,12322.48,2024/06/24,华北,银行卡,completed,35,女
ORD000945,德芙巧克力,食品,食品食品,9944.16,4,39776.64,2025/01/23,西南,微信支付,completed,42,
ORD000946,算法导论,图书,图书图书,2283.67,9,20553.03,2024/11/19,西北,信用卡,completed,44,男
ORD000947,New Balance 574,服装,服装服装,2695.41,10,26954.1,2024/04/10,华北,银行卡,pending,44,男
ORD000948,星巴克咖啡豆,食品,食品食品,2399.91,8,19199.28,2025/04/27,华中,支付宝,completed,59,男
ORD000949,宜家书架,家居,家居家居,4407.13,6,26442.78,2024/05/24,华北,支付宝,completed,34,女
ORD000950,思考快与慢,图书,图书图书,1479.07,10,14790.7,2025/03/23,华中,信用卡,pending,24,
ORD000951,Sony WH-1000XM5,电子产品,电子产品,555.24,6,3331.44,2025/03/22,西南,银行卡,pending,55,女
ORD000952,AirPods Pro,电子产品,电子产品,8635.9,5,43179.5,2024/04/26,西北,信用卡,completed,23,女
ORD000953,Apple Watch,电子产品,电子产品,9545.11,4,38180.44,2024/09/28,华东,银行卡,cancelled,64,男
ORD000954,美的电饭煲,家居,家居家居,3633.47,7,25434.29,2025/02/10,东北,信用卡,completed,59,女
ORD000955,H&M 连衣裙,服装,服装服装,1150.07,7,8050.49,2024/02/05,西北,银行卡,completed,36,男
ORD000956,星巴克咖啡豆,食品,食品食品,9960.55,5,49802.75,2025/03/18,华南,支付宝,completed,57,男
ORD000957,三体全集,图书,图书图书,6624.98,2,13249.96,2024/10/17,西南,信用卡,completed,59,女
ORD000958,Apple Watch,电子产品,电子产品,9684.23,9,87158.07,2024/03/03,东北,微信支付,completed,50,女
ORD000959,百威啤酒,食品,食品食品,4774.97,10,47749.7,2024/05/24,华东,信用卡,completed,24,男
ORD000960,良品铺子零食包,食品,食品食品,9072.07,5,45360.35,2025/03/06,华南,微信支付,completed,21,女
ORD000961,良品铺子零食包,食品,食品食品,7301.18,10,73011.8,2024/12/25,东北,银行卡,cancelled,25,女
ORD000962,农夫山泉,食品,食品食品,106.79,9,961.11,2024/05/10,东北,银行卡,completed,23,男
ORD000963,良品铺子零食包,食品,食品食品,8565.21,1,8565.21,2024/10/22,华中,微信支付,completed,23,
ORD000964,New Balance 574,服装,服装服装,5622.55,8,44980.4,2024/09/18,西北,微信支付,completed,55,
ORD000965,戴森吸尘器,家居,家居家居,7488.24,4,29952.96,2024/02/03,西北,银行卡,completed,41,男
ORD000966,Levi's 501,服装,服装服装,9463.15,7,66242.05,2025/04/26,华北,支付宝,completed,29,
ORD000967,Python编程从入门到实践,图书,图书图书,2495.36,2,4990.72,2024/01/21,华中,银行卡,completed,59,女
ORD000968,Dell XPS 15,电子产品,电子产品,8145.42,6,48872.52,2024/05/22,华东,信用卡,pending,51,男
ORD000969,Dell XPS 15,电子产品,电子产品,919.07,3,2757.21,2024/05/04,西南,银行卡,completed,44,男
ORD000970,Python编程从入门到实践,图书,图书图书,5067.66,8,40541.28,2024/02/29,西北,微信支付,completed,41,女
ORD000971,农夫山泉,食品,食品食品,5205.26,8,41642.08,2024/01/11,东北,银行卡,completed,45,
ORD000972,茅台酒,食品,食品食品,5567.88,1,5567.88,2024/09/20,华北,支付宝,completed,34,女
ORD000973,茅台酒,食品,食品食品,7292.66,9,65633.94,2024/10/20,华南,信用卡,completed,56,女
ORD000974,北面冲锋衣,服装,服装服装,5122.8,8,40982.4,2024/08/15,华东,微信支付,completed,47,男
ORD000975,良品铺子零食包,食品,食品食品,8554.53,10,85545.3,2024/07/18,西北,支付宝,completed,37,
ORD000976,小米台灯,家居,家居家居,4281.04,3,12843.12,2024/02/28,华东,支付宝,completed,34,
ORD000977,Nike Air Max,服装,服装服装,9585.52,9,86269.68,2024/06/12,华北,微信支付,pending,29,女
ORD000978,Dell XPS 15,电子产品,电子产品,5742.93,8,45943.44,2025/01/21,华东,支付宝,completed,38,男
ORD000979,Dell XPS 15,电子产品,电子产品,2836.8,9,25531.2,2024/10/04,西南,银行卡,completed,53,女
ORD000980,良品铺子零食包,食品,食品食品,5492.91,8,43943.28,2024/11/17,华北,银行卡,pending,37,
ORD000981,农夫山泉,食品,食品食品,5478.74,10,54787.4,2025/04/10,西南,银行卡,cancelled,43,男
ORD000982,宜家书架,家居,家居家居,3197.67,9,28779.03,2024/08/13,华北,支付宝,completed,43,
ORD000983,原则,图书,图书图书,4096.67,3,12290.01,2025/02/20,华东,微信支付,refunded,45,女
ORD000984,三体全集,图书,图书图书,8310.74,2,16621.48,2024/01/09,华中,支付宝,pending,56,女
ORD000985,三只松鼠坚果礼盒,食品,食品食品,622.2,8,4977.6,2024/12/31,华东,微信支付,pending,57,
ORD000986,星巴克咖啡豆,食品,食品食品,6155.02,3,18465.06,2024/12/21,西南,信用卡,cancelled,44,女
ORD000987,戴森吸尘器,家居,家居家居,8146.95,10,81469.5,2024/01/21,西南,信用卡,completed,28,男
ORD000988,宜家书架,家居,家居家居,2189.96,6,13139.76,2024/06/18,华中,微信支付,cancelled,61,
ORD000989,Adidas Ultraboost,服装,服装服装,7790.86,4,31163.44,2024/12/05,华中,信用卡,completed,29,
ORD000990,深入理解计算机系统,图书,图书图书,3443.89,10,34438.9,2024/12/05,西北,信用卡,completed,64,男
ORD000991,Apple Watch,电子产品,电子产品,1889.09,10,18890.9,2024/01/16,华南,微信支付,cancelled,40,女
ORD000992,三体全集,图书,图书图书,4725.33,3,14175.99,2024/10/14,西南,支付宝,completed,56,男
ORD000993,Levi's 501,服装,服装服装,8041.69,4,32166.76,2025/01/23,西南,支付宝,completed,58,男
ORD000994,H&M 连衣裙,服装,服装服装,7109.34,2,14218.68,2024/06/17,西北,微信支付,pending,63,女
ORD000995,Sony WH-1000XM5,电子产品,电子产品,909.16,5,4545.8,2025/05/21,华中,银行卡,completed,47,女
ORD000996,星巴克咖啡豆,食品,食品食品,2828.09,4,11312.36,2024/05/10,华南,微信支付,pending,47,
ORD000997,Kindle Paperwhite,电子产品,电子产品,6342.67,10,63426.7,2024/08/16,西北,微信支付,completed,46,女
ORD000998,原则,图书,图书图书,5362.62,10,53626.2,2024/02/20,华中,银行卡,pending,19,女
ORD000999,算法导论,图书,图书图书,368.93,1,368.93,2024/01/30,西北,银行卡,completed,24,
ORD001000,德芙巧克力,食品,食品食品,4456.76,6,26740.56,2024/01/20,华东,支付宝,completed,51,女
ORD001001,茅台酒,食品,食品食品,5239.28,8,41914.24,2024/08/27,华中,微信支付,completed,63,女
ORD001002,三只松鼠坚果礼盒,食品,食品食品,2613.7,3,7841.1,2024/12/21,东北,信用卡,completed,65,女
ORD001003,Sony WH-1000XM5,电子产品,电子产品,4522.14,10,45221.4,2024/05/14,华南,微信支付,completed,27,
ORD001004,小米台灯,家居,家居家居,9020.6,1,9020.6,2024/04/11,华南,支付宝,pending,22,女
ORD001005,优衣库羽绒服,服装,服装服装,6297.87,6,37787.22,2024/03/09,西南,微信支付,completed,58,男
ORD001006,小熊加湿器,家居,家居家居,9533.22,9,85798.98,2024/10/13,华东,支付宝,cancelled,24,
ORD001007,网易严选床垫,家居,家居家居,9533.3,6,57199.8,2024/09/07,华中,支付宝,completed,32,女
ORD001008,深入理解计算机系统,图书,图书图书,732.83,7,5129.81,2024/10/11,西北,信用卡,completed,24,女
ORD001009,思考快与慢,图书,图书图书,1502.37,5,7511.85,2025/03/17,华东,信用卡,completed,43,男
ORD001010,三只松鼠坚果礼盒,食品,食品食品,346.24,8,2769.92,2024/02/11,华东,微信支付,refunded,59,女
ORD001011,Python编程从入门到实践,图书,图书图书,1991.47,6,11948.82,2024/03/22,华南,微信支付,completed,42,女
ORD001012,九阳豆浆机,家居,家居家居,5502.81,10,55028.1,2024/06/08,华南,微信支付,completed,32,
ORD001013,德芙巧克力,食品,食品食品,5114.54,3,15343.62,2025/04/25,华北,微信支付,completed,29,男
ORD001014,深入理解计算机系统,图书,图书图书,2759.91,7,19319.37,2024/12/13,华南,信用卡,completed,59,男
ORD001015,Adidas Ultraboost,服装,服装服装,2271.92,5,11359.6,2025/05/04,华中,微信支付,completed,51,
ORD001016,思考快与慢,图书,图书图书,7854.83,1,7854.83,2024/11/08,西北,信用卡,completed,58,男
ORD001017,iPhone 15,电子产品,电子产品,7062.58,8,56500.64,2024/10/09,西南,银行卡,completed,49,
ORD001018,小熊加湿器,家居,家居家居,7204.05,1,7204.05,2024/06/17,华南,银行卡,completed,64,
ORD001019,德芙巧克力,食品,食品食品,8507.19,4,34028.76,2024/12/03,华中,微信支付,completed,55,男
ORD001020,Kindle Paperwhite,电子产品,电子产品,444.66,1,444.66,2025/03/06,华中,银行卡,completed,43,男
ORD001021,Nike Air Max,服装,服装服装,1229.59,8,9836.72,2024/12/21,西北,微信支付,refunded,41,男
ORD001022,Dell XPS 15,电子产品,电子产品,1379.23,10,13792.3,2025/02/04,华中,支付宝,completed,34,
ORD001023,小熊加湿器,家居,家居家居,5991.99,8,47935.92,2025/05/19,华东,微信支付,pending,55,女
ORD001024,良品铺子零食包,食品,食品食品,8089.57,3,24268.71,2025/01/17,华中,信用卡,pending,48,女
ORD001025,Apple Watch,电子产品,电子产品,8115.76,4,32463.04,2024/01/07,华南,微信支付,completed,42,女
ORD001026,算法导论,图书,图书图书,4599.38,6,27596.28,2024/10/12,华东,微信支付,completed,42,男
ORD001027,思考快与慢,图书,图书图书,6025.47,6,36152.82,2024/07/16,西北,信用卡,pending,62,女
ORD001028,Python编程从入门到实践,图书,图书图书,1469.94,4,5879.76,2025/02/22,西北,银行卡,pending,40,女
ORD001029,蒙牛纯牛奶,食品,食品食品,67.92,7,475.44,2024/08/28,西南,银行卡,completed,34,女
ORD001030,小米台灯,家居,家居家居,357.87,7,2505.09,2025/02/28,华北,银行卡,completed,38,男
ORD001031,网易严选床垫,家居,家居家居,798.78,8,6390.24,2024/01/04,华北,微信支付,refunded,57,
ORD001032,Adidas Ultraboost,服装,服装服装,1163.1,8,9304.8,2024/07/06,华南,微信支付,pending,48,女
ORD001033,北面冲锋衣,服装,服装服装,8491.24,2,16982.48,2024/06/02,西南,银行卡,pending,51,
ORD001034,Zara 西装外套,服装,服装服装,2262.24,1,2262.24,2024/08/12,西北,银行卡,completed,46,男
ORD001035,人类简史,图书,图书图书,7916.17,3,23748.51,2024/03/05,西北,银行卡,completed,40,女
ORD001036,人类简史,图书,图书图书,1209.05,6,7254.3,2024/12/10,华南,信用卡,pending,19,
ORD001037,茅台酒,食品,食品食品,5928.06,8,47424.48,2024/05/25,华北,微信支付,completed,58,
ORD001038,百威啤酒,食品,食品食品,5843.42,9,52590.78,2025/03/20,华中,银行卡,completed,55,男
ORD001039,美的电饭煲,家居,家居家居,7158.83,7,50111.81,2024/12/07,华中,支付宝,completed,43,男
ORD001040,罗技 MX Master 3,电子产品,电子产品,3869.46,5,19347.3,2025/01/31,西南,信用卡,pending,19,男
ORD001041,算法导论,图书,图书图书,5061.56,9,45554.04,2025/02/22,西南,银行卡,pending,55,男
ORD001042,星巴克咖啡豆,食品,食品食品,877.63,10,8776.3,2024/12/11,华东,微信支付,cancelled,39,男
ORD001043,Adidas Ultraboost,服装,服装服装,2262.79,6,13576.74,2024/12/25,华南,银行卡,completed,56,
ORD001044,Dell XPS 15,电子产品,电子产品,3458.81,9,31129.29,2024/02/01,华东,银行卡,completed,49,
ORD001045,Levi's 501,服装,服装服装,7172.3,2,14344.6,2024/03/16,华中,微信支付,refunded,24,
ORD001046,思考快与慢,图书,图书图书,154.29,3,462.87,2024/08/18,华北,信用卡,cancelled,40,男
ORD001047,iPad Air,电子产品,电子产品,5804.36,9,52239.24,2025/04/10,西南,信用卡,completed,48,
ORD001048,美的电饭煲,家居,家居家居,2992.91,8,23943.28,2024/12/25,华北,微信支付,cancelled,40,女
ORD001049,星巴克咖啡豆,食品,食品食品,8706.68,8,69653.44,2024/04/26,西北,信用卡,completed,56,
ORD001050,良品铺子零食包,食品,食品食品,4796.19,4,19184.76,2024/06/09,华南,支付宝,completed,23,女
ORD001051,百威啤酒,食品,食品食品,5204.51,5,26022.55,2025/03/05,华东,微信支付,pending,22,女
ORD001052,Samsung Galaxy S24,电子产品,电子产品,5401.43,6,32408.58,2024/01/06,华中,微信支付,completed,42,女
ORD001053,美的电饭煲,家居,家居家居,9682.5,1,9682.5,2024/03/12,华南,微信支付,completed,31,
ORD001054,Nike Air Max,服装,服装服装,132.38,5,661.9,2024/10/23,东北,银行卡,completed,36,男
ORD001055,百威啤酒,食品,食品食品,3786.78,2,7573.56,2024/08/10,华东,信用卡,completed,18,女
ORD001056,思考快与慢,图书,图书图书,7382.36,2,14764.72,2024/04/07,西南,微信支付,completed,40,
ORD001057,算法导论,图书,图书图书,7024.5,2,14049.0,2024/05/09,东北,支付宝,completed,19,女
ORD001058,Samsung Galaxy S24,电子产品,电子产品,5508.49,10,55084.9,2024/09/01,华南,银行卡,pending,19,
ORD001059,网易严选床垫,家居,家居家居,1778.95,8,14231.6,2024/05/02,华北,支付宝,cancelled,32,
ORD001060,Apple Watch,电子产品,电子产品,8002.59,6,48015.54,2024/06/29,华南,信用卡,pending,43,男
ORD001061,九阳豆浆机,家居,家居家居,293.68,2,587.36,2024/06/12,华北,微信支付,completed,42,
ORD001062,深入理解计算机系统,图书,图书图书,9084.97,2,18169.94,2024/10/04,西北,微信支付,completed,50,男
ORD001063,星巴克咖啡豆,食品,食品食品,5265.86,9,47392.74,2024/11/22,华北,银行卡,completed,54,
ORD001064,九阳豆浆机,家居,家居家居,7551.62,6,45309.72,2024/04/10,华中,微信支付,completed,54,男
ORD001065,iPhone 15,电子产品,电子产品,1376.81,4,5507.24,2025/05/17,西南,信用卡,completed,32,女
ORD001066,农夫山泉,食品,食品食品,1412.31,3,4236.93,2024/01/26,华东,信用卡,completed,62,
ORD001067,戴森吸尘器,家居,家居家居,6146.97,4,24587.88,2025/05/23,西北,银行卡,completed,36,女
ORD001068,良品铺子零食包,食品,食品食品,1374.13,3,4122.39,2024/09/07,华南,支付宝,completed,28,男
ORD001069,三体全集,图书,图书图书,9028.63,4,36114.52,2024/01/17,华南,微信支付,completed,49,
ORD001070,罗技 MX Master 3,电子产品,电子产品,1754.12,3,5262.36,2024/08/16,华南,支付宝,completed,34,
ORD001071,原则,图书,图书图书,6651.12,2,13302.24,2024/06/14,华中,银行卡,completed,33,女
ORD001072,星巴克咖啡豆,食品,食品食品,421.74,8,3373.92,2025/05/31,西南,微信支付,completed,54,女
ORD001073,德芙巧克力,食品,食品食品,8684.9,10,86849.0,2025/03/10,西南,银行卡,refunded,65,女
ORD001074,人类简史,图书,图书图书,2215.89,1,2215.89,2024/10/05,华北,银行卡,completed,63,
ORD001075,网易严选床垫,家居,家居家居,37.36,1,37.36,2025/05/15,华东,银行卡,completed,25,女
ORD001076,深入理解计算机系统,图书,图书图书,1522.36,3,4567.08,2024/12/06,东北,银行卡,pending,64,女
ORD001077,Nike Air Max,服装,服装服装,4735.56,6,28413.36,2024/09/24,西南,银行卡,completed,32,女
ORD001078,罗技 MX Master 3,电子产品,电子产品,910.78,8,7286.24,2024/06/26,华东,支付宝,completed,54,男
ORD001079,Zara 西装外套,服装,服装服装,3955.69,5,19778.45,2025/04/14,华东,银行卡,completed,40,男
ORD001080,MacBook Air,电子产品,电子产品,896.15,2,1792.3,2024/12/04,东北,信用卡,completed,40,男
ORD001081,宜家书架,家居,家居家居,8830.55,2,17661.1,2024/10/07,东北,支付宝,cancelled,29,女
ORD001082,iPad Air,电子产品,电子产品,4352.09,2,8704.18,2024/04/30,东北,支付宝,completed,37,女
ORD001083,三体全集,图书,图书图书,6560.15,10,65601.5,2025/02/15,西北,微信支付,completed,60,女
ORD001084,三只松鼠坚果礼盒,食品,食品食品,6739.78,2,13479.56,2024/03/20,西南,银行卡,completed,46,女
ORD001085,优衣库羽绒服,服装,服装服装,8861.38,2,17722.76,2024/11/05,西南,银行卡,refunded,63,女
ORD001086,罗技 MX Master 3,电子产品,电子产品,7165.37,3,21496.11,2024/09/09,华中,信用卡,completed,59,
ORD001087,美的电饭煲,家居,家居家居,6806.56,9,61259.04,2024/02/19,华南,银行卡,refunded,32,男
ORD001088,Dell XPS 15,电子产品,电子产品,3717.59,5,18587.95,2024/01/31,西北,微信支付,completed,43,女
ORD001089,小熊加湿器,家居,家居家居,9936.4,6,59618.4,2024/04/22,西北,微信支付,completed,65,
ORD001090,宜家书架,家居,家居家居,1698.36,6,10190.16,2024/05/12,华北,支付宝,cancelled,22,男
ORD001091,德芙巧克力,食品,食品食品,7370.93,2,14741.86,2024/02/02,华北,信用卡,refunded,43,女
ORD001092,北面冲锋衣,服装,服装服装,344.28,10,3442.8,2024/04/05,华南,支付宝,completed,32,
ORD001093,农夫山泉,食品,食品食品,8416.13,8,67329.04,2024/05/20,西南,银行卡,pending,34,女
ORD001094,优衣库羽绒服,服装,服装服装,958.56,6,5751.36,2024/08/12,华北,微信支付,completed,36,女
ORD001095,优衣库羽绒服,服装,服装服装,1249.04,8,9992.32,2024/05/14,华南,信用卡,completed,42,
ORD001096,百威啤酒,食品,食品食品,402.18,10,4021.8,2024/12/22,华中,微信支付,cancelled,36,男
ORD001097,H&M 连衣裙,服装,服装服装,9484.2,4,37936.8,2024/11/10,华南,支付宝,refunded,38,女
ORD001098,星巴克咖啡豆,食品,食品食品,5811.36,1,5811.36,2024/07/02,西南,支付宝,completed,57,男
ORD001099,人类简史,图书,图书图书,8672.41,4,34689.64,2024/09/25,东北,银行卡,refunded,53,男
ORD001100,深入理解计算机系统,图书,图书图书,4105.47,6,24632.82,2025/01/20,东北,微信支付,completed,19,女
ORD001101,美的电饭煲,家居,家居家居,4868.02,3,14604.06,2024/01/19,西南,微信支付,refunded,52,男
ORD001102,Zara 西装外套,服装,服装服装,3697.91,2,7395.82,2025/02/16,西南,信用卡,cancelled,42,女
ORD001103,宜家书架,家居,家居家居,5061.95,6,30371.7,2024/01/17,西北,支付宝,completed,62,男
ORD001104,小米台灯,家居,家居家居,143.33,4,573.32,2025/01/27,华南,支付宝,cancelled,46,女
ORD001105,美的电饭煲,家居,家居家居,3551.92,4,14207.68,2025/01/19,华北,信用卡,completed,38,
ORD001106,算法导论,图书,图书图书,8477.39,4,33909.56,2025/01/07,华北,银行卡,refunded,57,男
ORD001107,德芙巧克力,食品,食品食品,6294.36,5,31471.8,2025/03/25,华北,信用卡,refunded,37,女
ORD001108,Nike Air Max,服装,服装服装,8052.99,7,56370.93,2025/02/08,西北,支付宝,completed,22,男
ORD001109,蒙牛纯牛奶,食品,食品食品,2100.18,5,10500.9,2024/10/20,西南,支付宝,pending,36,
ORD001110,德芙巧克力,食品,食品食品,9379.28,3,28137.84,2024/11/18,华北,信用卡,pending,21,男
ORD001111,Dell XPS 15,电子产品,电子产品,8493.86,6,50963.16,2024/06/26,华南,银行卡,completed,32,男
ORD001112,茅台酒,食品,食品食品,128.33,8,1026.64,2024/09/05,西北,支付宝,completed,49,女
ORD001113,网易严选床垫,家居,家居家居,1907.87,10,19078.7,2024/08/01,西北,支付宝,completed,39,女
ORD001114,iPhone 15,电子产品,电子产品,7968.41,4,31873.64,2025/05/31,西北,银行卡,completed,56,男
ORD001115,MacBook Air,电子产品,电子产品,4114.84,5,20574.2,2025/04/28,东北,微信支付,completed,46,
ORD001116,Nike Air Max,服装,服装服装,7782.26,10,77822.6,2025/03/01,华南,支付宝,completed,40,男
ORD001117,Kindle Paperwhite,电子产品,电子产品,1698.56,1,1698.56,2025/01/28,西北,微信支付,completed,24,
ORD001118,美的电饭煲,家居,家居家居,7517.22,1,7517.22,2024/09/21,西南,支付宝,completed,21,男
ORD001119,Python编程从入门到实践,图书,图书图书,8730.17,5,43650.85,2024/07/12,华东,微信支付,completed,46,男
ORD001120,Samsung Galaxy S24,电子产品,电子产品,5755.99,5,28779.95,2024/08/02,华南,银行卡,pending,49,女
ORD001121,美的电饭煲,家居,家居家居,6732.35,4,26929.4,2024/08/24,华南,银行卡,pending,34,女
ORD001122,Adidas Ultraboost,服装,服装服装,8434.74,4,33738.96,2024/09/10,华南,微信支付,refunded,58,女
ORD001123,思考快与慢,图书,图书图书,5015.76,2,10031.52,2024/08/12,东北,微信支付,completed,65,男
ORD001124,小熊加湿器,家居,家居家居,478.6,9,4307.4,2024/06/10,西北,银行卡,completed,64,
ORD001125,人类简史,图书,图书图书,7777.03,1,7777.03,2025/01/23,东北,信用卡,pending,33,男
ORD001126,iPhone 15,电子产品,电子产品,5845.82,7,40920.74,2024/11/22,华中,微信支付,pending,29,女
ORD001127,Nike Air Max,服装,服装服装,9214.39,2,18428.78,2025/01/25,东北,微信支付,completed,37,女
ORD001128,MacBook Air,电子产品,电子产品,722.51,2,1445.02,2024/06/29,西南,信用卡,completed,18,
ORD001129,小熊加湿器,家居,家居家居,7639.37,5,38196.85,2024/07/31,西北,微信支付,completed,19,
ORD001130,思考快与慢,图书,图书图书,4947.22,10,49472.2,2024/08/21,西北,信用卡,cancelled,33,
ORD001131,戴森吸尘器,家居,家居家居,7804.12,3,23412.36,2024/11/01,华中,微信支付,refunded,33,男
ORD001132,茅台酒,食品,食品食品,26.96,4,107.84,2024/10/05,西南,支付宝,completed,40,
ORD001133,思考快与慢,图书,图书图书,6823.31,10,68233.1,2024/02/29,华东,微信支付,pending,57,男
ORD001134,iPhone 15,电子产品,电子产品,1280.39,1,1280.39,2024/11/15,西南,支付宝,completed,19,女
ORD001135,农夫山泉,食品,食品食品,2162.22,3,6486.66,2024/07/30,西南,支付宝,refunded,64,女
ORD001136,戴森吸尘器,家居,家居家居,4152.56,1,4152.56,2024/05/09,西北,银行卡,completed,54,男
ORD001137,深入理解计算机系统,图书,图书图书,4994.08,9,44946.72,2025/03/19,华东,银行卡,completed,63,女
ORD001138,小米台灯,家居,家居家居,8145.86,8,65166.88,2025/01/09,西南,支付宝,completed,26,男
ORD001139,网易严选床垫,家居,家居家居,3806.68,10,38066.8,2024/08/23,西北,微信支付,completed,64,
ORD001140,小熊加湿器,家居,家居家居,8555.57,7,59888.99,2025/05/03,东北,银行卡,pending,34,男
ORD001141,Samsung Galaxy S24,电子产品,电子产品,5758.11,3,17274.33,2025/04/23,华南,银行卡,completed,46,男
ORD001142,算法导论,图书,图书图书,9593.98,6,57563.88,2025/04/04,华中,信用卡,refunded,29,
ORD001143,人类简史,图书,图书图书,1579.24,10,15792.4,2024/05/13,东北,银行卡,refunded,29,
ORD001144,Samsung Galaxy S24,电子产品,电子产品,641.3,10,6413.0,2025/02/01,东北,支付宝,completed,65,男
ORD001145,H&M 连衣裙,服装,服装服装,4518.8,8,36150.4,2024/06/02,西南,支付宝,cancelled,46,
ORD001146,美的电饭煲,家居,家居家居,445.55,8,3564.4,2025/05/25,东北,微信支付,completed,54,女
ORD001147,小米台灯,家居,家居家居,2157.4,8,17259.2,2024/04/29,华南,支付宝,pending,51,
ORD001148,H&M 连衣裙,服装,服装服装,6467.49,1,6467.49,2024/04/20,西北,银行卡,pending,53,女
ORD001149,Nike Air Max,服装,服装服装,3083.6,7,21585.2,2024/05/02,西南,银行卡,completed,59,男
ORD001150,Zara 西装外套,服装,服装服装,2492.53,3,7477.59,2025/05/08,华北,微信支付,cancelled,39,男
ORD001151,宜家书架,家居,家居家居,7144.19,9,64297.71,2024/07/29,华东,银行卡,cancelled,65,
ORD001152,Python编程从入门到实践,图书,图书图书,3286.37,6,19718.22,2025/05/01,西北,支付宝,completed,46,男
ORD001153,深入理解计算机系统,图书,图书图书,3153.3,5,15766.5,2024/05/29,华中,信用卡,completed,23,女
ORD001154,星巴克咖啡豆,食品,食品食品,4667.98,8,37343.84,2025/03/16,东北,银行卡,refunded,19,女
ORD001155,优衣库羽绒服,服装,服装服装,2221.53,2,4443.06,2025/04/05,华东,支付宝,pending,43,男
ORD001156,三体全集,图书,图书图书,6930.01,4,27720.04,2024/06/13,华中,微信支付,completed,64,男
ORD001157,宜家书架,家居,家居家居,2804.86,9,25243.74,2024/02/27,华北,信用卡,cancelled,53,女
ORD001158,优衣库羽绒服,服装,服装服装,5240.8,4,20963.2,2024/05/18,华北,银行卡,completed,54,女
ORD001159,iPhone 15,电子产品,电子产品,9449.04,3,28347.12,2024/01/27,华中,微信支付,refunded,29,女
ORD001160,Apple Watch,电子产品,电子产品,2362.32,2,4724.64,2024/06/09,西北,银行卡,pending,65,女
ORD001161,茅台酒,食品,食品食品,5359.97,7,37519.79,2025/04/09,华北,银行卡,completed,54,女
ORD001162,Python编程从入门到实践,图书,图书图书,5961.3,2,11922.6,2025/04/18,华北,支付宝,refunded,31,
ORD001163,iPad Air,电子产品,电子产品,2423.84,4,9695.36,2024/11/26,华南,信用卡,completed,60,男
ORD001164,北面冲锋衣,服装,服装服装,9671.59,1,9671.59,2024/07/08,华南,支付宝,completed,22,
ORD001165,New Balance 574,服装,服装服装,6398.22,1,6398.22,2024/06/02,华中,微信支付,completed,59,
ORD001166,茅台酒,食品,食品食品,2594.78,5,12973.9,2024/01/13,华北,支付宝,completed,47,男
ORD001167,农夫山泉,食品,食品食品,2716.19,9,24445.71,2024/01/15,华南,微信支付,refunded,37,女
ORD001168,Python编程从入门到实践,图书,图书图书,4906.08,4,19624.32,2025/02/18,华东,微信支付,completed,27,
ORD001169,小熊加湿器,家居,家居家居,8835.27,4,35341.08,2025/01/03,华东,支付宝,pending,22,男
ORD001170,德芙巧克力,食品,食品食品,6237.28,4,24949.12,2024/02/10,华中,支付宝,completed,47,女
ORD001171,iPhone 15,电子产品,电子产品,5912.79,4,23651.16,2024/08/05,西北,支付宝,completed,64,男
ORD001172,蒙牛纯牛奶,食品,食品食品,3737.29,4,14949.16,2024/03/09,华南,信用卡,completed,34,
ORD001173,良品铺子零食包,食品,食品食品,2475.5,2,4951.0,2024/06/07,西南,银行卡,cancelled,32,
ORD001174,良品铺子零食包,食品,食品食品,1973.33,8,15786.64,2024/06/08,华北,信用卡,completed,38,男
ORD001175,原则,图书,图书图书,1123.97,4,4495.88,2025/05/22,华中,微信支付,completed,36,女
ORD001176,网易严选床垫,家居,家居家居,2706.24,6,16237.44,2024/05/11,华中,信用卡,completed,62,女
ORD001177,人类简史,图书,图书图书,3572.82,1,3572.82,2024/01/15,西北,信用卡,completed,64,男
ORD001178,宜家书架,家居,家居家居,581.97,7,4073.79,2025/05/10,东北,微信支付,completed,48,男
ORD001179,Zara 西装外套,服装,服装服装,6580.61,10,65806.1,2024/09/30,华南,信用卡,pending,51,
ORD001180,良品铺子零食包,食品,食品食品,2921.78,7,20452.46,2024/12/14,东北,微信支付,completed,48,
ORD001181,小米台灯,家居,家居家居,54.95,9,494.55,2025/03/04,西南,支付宝,completed,57,男
ORD001182,小米台灯,家居,家居家居,7762.09,9,69858.81,2024/07/10,华北,银行卡,completed,52,
ORD001183,Nike Air Max,服装,服装服装,1600.91,9,14408.19,2024/02/15,华北,支付宝,completed,27,女
ORD001184,Zara 西装外套,服装,服装服装,3326.74,2,6653.48,2024/01/05,西南,支付宝,completed,54,男
ORD001185,小熊加湿器,家居,家居家居,2011.3,4,8045.2,2024/04/15,华南,信用卡,completed,65,
ORD001186,戴森吸尘器,家居,家居家居,9497.05,10,94970.5,2025/03/21,华北,支付宝,cancelled,36,男
ORD001187,百威啤酒,食品,食品食品,3623.44,10,36234.4,2025/02/27,西北,微信支付,completed,33,男
ORD001188,思考快与慢,图书,图书图书,8871.73,9,79845.57,2024/09/19,西南,支付宝,completed,42,男
ORD001189,思考快与慢,图书,图书图书,5929.54,8,47436.32,2024/05/11,西南,微信支付,completed,62,女
ORD001190,九阳豆浆机,家居,家居家居,5599.19,3,16797.57,2024/08/12,华北,支付宝,completed,28,男
ORD001191,MacBook Air,电子产品,电子产品,1157.79,5,5788.95,2024/06/08,西北,信用卡,cancelled,31,女
ORD001192,iPad Air,电子产品,电子产品,6342.1,9,57078.9,2024/06/22,西北,支付宝,completed,34,男
ORD001193,小米台灯,家居,家居家居,6113.0,4,24452.0,2024/11/06,华南,信用卡,pending,46,男
ORD001194,AirPods Pro,电子产品,电子产品,2431.13,3,7293.39,2024/09/15,东北,支付宝,completed,35,男
ORD001195,三体全集,图书,图书图书,8076.22,9,72685.98,2024/06/06,华东,信用卡,completed,29,
ORD001196,思考快与慢,图书,图书图书,870.38,6,5222.28,2024/06/28,华北,信用卡,pending,57,女
ORD001197,Adidas Ultraboost,服装,服装服装,3608.29,10,36082.9,2025/03/11,西北,支付宝,completed,55,男
ORD001198,思考快与慢,图书,图书图书,3009.02,1,3009.02,2024/08/21,华中,微信支付,completed,28,
ORD001199,北面冲锋衣,服装,服装服装,1234.23,10,12342.3,2025/02/20,西北,信用卡,completed,26,男
ORD001200,原则,图书,图书图书,9790.11,4,39160.44,2024/08/04,西南,支付宝,completed,41,女
ORD001201,Nike Air Max,服装,服装服装,4451.38,10,44513.8,2024/12/30,西南,支付宝,refunded,44,男
ORD001202,iPad Air,电子产品,电子产品,5968.7,10,59687.0,2024/06/28,华北,信用卡,pending,60,
ORD001203,戴森吸尘器,家居,家居家居,5438.96,5,27194.8,2025/05/11,华东,信用卡,completed,23,男
ORD001204,Dell XPS 15,电子产品,电子产品,4892.22,4,19568.88,2024/10/03,华东,微信支付,cancelled,23,男
ORD001205,网易严选床垫,家居,家居家居,1875.45,7,13128.15,2025/04/28,西北,支付宝,pending,41,女
ORD001206,Kindle Paperwhite,电子产品,电子产品,8544.17,6,51265.02,2024/10/21,华中,微信支付,completed,23,女
ORD001207,宜家书架,家居,家居家居,6888.09,1,6888.09,2024/07/11,华东,支付宝,completed,32,男
ORD001208,Adidas Ultraboost,服装,服装服装,2386.12,3,7158.36,2024/07/31,华北,银行卡,pending,26,女
ORD001209,Kindle Paperwhite,电子产品,电子产品,866.51,1,866.51,2024/10/04,华北,银行卡,refunded,42,
ORD001210,小米台灯,家居,家居家居,3884.65,7,27192.55,2024/12/19,华中,支付宝,completed,30,男
ORD001211,Dell XPS 15,电子产品,电子产品,9262.08,7,64834.56,2025/01/01,华东,信用卡,completed,51,女
ORD001212,小米台灯,家居,家居家居,772.31,7,5406.17,2025/03/25,西北,支付宝,completed,39,女
ORD001213,Samsung Galaxy S24,电子产品,电子产品,48.2,7,337.4,2024/02/10,西南,信用卡,refunded,19,男
ORD001214,蒙牛纯牛奶,食品,食品食品,7084.76,2,14169.52,2024/01/02,西北,微信支付,pending,18,
ORD001215,iPhone 15,电子产品,电子产品,5919.77,2,11839.54,2024/04/19,西北,信用卡,completed,55,女
ORD001216,三只松鼠坚果礼盒,食品,食品食品,4965.36,3,14896.08,2024/12/26,西北,银行卡,pending,32,男
ORD001217,北面冲锋衣,服装,服装服装,1221.28,2,2442.56,2024/03/03,华南,微信支付,refunded,37,
ORD001218,Levi's 501,服装,服装服装,2561.56,8,20492.48,2024/11/24,华南,信用卡,completed,52,
ORD001219,New Balance 574,服装,服装服装,9280.59,10,92805.9,2024/11/20,华北,微信支付,completed,34,女
ORD001220,思考快与慢,图书,图书图书,6268.08,5,31340.4,2024/10/15,西北,微信支付,completed,56,男
ORD001221,Python编程从入门到实践,图书,图书图书,8822.54,6,52935.24,2024/04/26,东北,信用卡,cancelled,39,男
ORD001222,Sony WH-1000XM5,电子产品,电子产品,9572.65,5,47863.25,2025/03/31,华东,支付宝,refunded,41,
ORD001223,北面冲锋衣,服装,服装服装,3972.59,6,23835.54,2024/11/25,华东,支付宝,completed,18,
ORD001224,蒙牛纯牛奶,食品,食品食品,2352.57,6,14115.42,2024/09/12,华南,微信支付,completed,39,
ORD001225,戴森吸尘器,家居,家居家居,2928.48,5,14642.4,2025/02/18,西北,银行卡,refunded,24,女
ORD001226,Levi's 501,服装,服装服装,6366.13,9,57295.17,2024/12/14,西南,信用卡,cancelled,37,
ORD001227,Apple Watch,电子产品,电子产品,1816.91,9,16352.19,2025/01/13,华南,微信支付,completed,28,
ORD001228,iPad Air,电子产品,电子产品,29.56,9,266.04,2024/03/07,华东,支付宝,cancelled,65,男
ORD001229,思考快与慢,图书,图书图书,2371.09,9,21339.81,2024/04/04,华北,信用卡,refunded,48,男
ORD001230,原则,图书,图书图书,4658.63,7,32610.41,2024/08/16,华南,信用卡,cancelled,61,女
ORD001231,深入理解计算机系统,图书,图书图书,4301.56,7,30110.92,2025/03/12,华北,微信支付,pending,35,女
ORD001232,Python编程从入门到实践,图书,图书图书,1859.53,7,13016.71,2024/04/03,华南,支付宝,completed,64,女
ORD001233,Zara 西装外套,服装,服装服装,4774.04,4,19096.16,2025/03/14,西北,支付宝,completed,22,男
ORD001234,戴森吸尘器,家居,家居家居,4592.33,6,27553.98,2024/12/30,西北,微信支付,pending,49,男
ORD001235,茅台酒,食品,食品食品,3582.44,3,10747.32,2024/11/10,东北,微信支付,cancelled,22,
ORD001236,深入理解计算机系统,图书,图书图书,1524.58,7,10672.06,2025/05/02,华南,银行卡,completed,58,男
ORD001237,戴森吸尘器,家居,家居家居,9528.95,9,85760.55,2025/05/29,华中,微信支付,completed,50,男
ORD001238,Nike Air Max,服装,服装服装,7122.74,5,35613.7,2024/09/20,华南,信用卡,completed,62,男
ORD001239,三只松鼠坚果礼盒,食品,食品食品,9245.68,5,46228.4,2025/03/19,华南,银行卡,pending,38,男
ORD001240,小熊加湿器,家居,家居家居,6636.39,4,26545.56,2024/02/20,华北,支付宝,refunded,44,
ORD001241,小米台灯,家居,家居家居,5076.74,2,10153.48,2024/10/04,西北,银行卡,cancelled,63,
ORD001242,深入理解计算机系统,图书,图书图书,5572.34,4,22289.36,2024/12/31,华东,支付宝,cancelled,33,男
ORD001243,德芙巧克力,食品,食品食品,4119.11,1,4119.11,2024/05/23,西南,微信支付,completed,33,
ORD001244,农夫山泉,食品,食品食品,2996.0,2,5992.0,2024/12/29,西北,银行卡,completed,26,女
ORD001245,Levi's 501,服装,服装服装,3727.41,3,11182.23,2025/02/08,西南,银行卡,completed,35,男
ORD001246,Samsung Galaxy S24,电子产品,电子产品,9743.55,1,9743.55,2024/04/05,华东,信用卡,pending,43,女
ORD001247,宜家书架,家居,家居家居,6827.13,7,47789.91,2024/04/23,西南,支付宝,completed,60,
ORD001248,蒙牛纯牛奶,食品,食品食品,3490.11,3,10470.33,2024/08/21,华南,银行卡,refunded,38,
ORD001249,北面冲锋衣,服装,服装服装,2352.66,2,4705.32,2024/07/15,西北,银行卡,pending,34,女
ORD001250,人类简史,图书,图书图书,7917.56,6,47505.36,2025/04/02,华中,支付宝,completed,45,男
ORD001251,三体全集,图书,图书图书,4140.61,5,20703.05,2024/08/21,华南,信用卡,completed,41,
ORD001252,原则,图书,图书图书,9853.49,1,9853.49,2024/05/02,华南,支付宝,completed,46,
ORD001253,美的电饭煲,家居,家居家居,5072.66,3,15217.98,2025/03/12,华东,银行卡,completed,20,女
ORD001254,九阳豆浆机,家居,家居家居,8308.82,5,41544.1,2025/03/04,东北,银行卡,completed,46,男
ORD001255,人类简史,图书,图书图书,3126.85,7,21887.95,2025/05/21,东北,微信支付,pending,63,男
ORD001256,Adidas Ultraboost,服装,服装服装,8595.4,6,51572.4,2025/03/02,华北,银行卡,pending,23,男
ORD001257,Adidas Ultraboost,服装,服装服装,7362.93,6,44177.58,2025/05/11,西南,银行卡,pending,38,男
ORD001258,Adidas Ultraboost,服装,服装服装,3127.47,3,9382.41,2025/02/16,华南,信用卡,cancelled,58,男
ORD001259,Zara 西装外套,服装,服装服装,7283.95,6,43703.7,2025/03/17,华北,银行卡,completed,54,女
ORD001260,三体全集,图书,图书图书,6457.8,4,25831.2,2024/05/02,华东,微信支付,completed,55,男
ORD001261,小熊加湿器,家居,家居家居,2238.37,3,6715.11,2024/10/30,华南,微信支付,cancelled,62,女
ORD001262,德芙巧克力,食品,食品食品,9303.29,5,46516.45,2024/09/24,华北,银行卡,refunded,23,女
ORD001263,农夫山泉,食品,食品食品,1744.14,4,6976.56,2025/03/22,华中,支付宝,completed,19,男
ORD001264,小熊加湿器,家居,家居家居,6383.69,6,38302.14,2024/12/20,西北,银行卡,completed,21,
ORD001265,戴森吸尘器,家居,家居家居,8445.13,4,33780.52,2024/02/18,华南,支付宝,refunded,20,
ORD001266,百威啤酒,食品,食品食品,111.28,6,667.68,2024/07/16,西北,微信支付,pending,41,女
ORD001267,深入理解计算机系统,图书,图书图书,2943.76,5,14718.8,2024/03/12,华南,支付宝,completed,34,
ORD001268,New Balance 574,服装,服装服装,6015.81,8,48126.48,2024/11/04,东北,银行卡,completed,64,女
ORD001269,Nike Air Max,服装,服装服装,5923.69,2,11847.38,2024/04/29,西南,支付宝,completed,44,
ORD001270,iPhone 15,电子产品,电子产品,3186.59,3,9559.77,2025/03/20,西南,支付宝,completed,55,女
ORD001271,思考快与慢,图书,图书图书,2794.01,8,22352.08,2024/03/15,华北,支付宝,completed,55,女
ORD001272,优衣库羽绒服,服装,服装服装,2220.92,8,17767.36,2024/06/13,华北,信用卡,completed,57,男
ORD001273,罗技 MX Master 3,电子产品,电子产品,4968.38,6,29810.28,2025/03/18,西北,微信支付,completed,37,
ORD001274,德芙巧克力,食品,食品食品,1815.88,7,12711.16,2024/11/10,西北,微信支付,completed,55,男
ORD001275,三只松鼠坚果礼盒,食品,食品食品,549.59,2,1099.18,2024/10/27,西北,银行卡,cancelled,25,女
ORD001276,九阳豆浆机,家居,家居家居,6653.72,8,53229.76,2025/04/06,西南,银行卡,completed,43,男
ORD001277,Levi's 501,服装,服装服装,407.08,5,2035.4,2024/09/07,西南,银行卡,pending,32,男
ORD001278,优衣库羽绒服,服装,服装服装,140.67,3,422.01,2024/08/28,华南,银行卡,completed,29,
ORD001279,Sony WH-1000XM5,电子产品,电子产品,86.05,1,86.05,2025/01/30,华南,信用卡,completed,63,
ORD001280,Samsung Galaxy S24,电子产品,电子产品,9283.48,1,9283.48,2024/04/27,西南,银行卡,cancelled,65,
ORD001281,Zara 西装外套,服装,服装服装,2985.35,1,2985.35,2024/04/25,华中,信用卡,completed,31,男
ORD001282,Nike Air Max,服装,服装服装,1089.62,6,6537.72,2024/12/24,华南,微信支付,completed,61,
ORD001283,Dell XPS 15,电子产品,电子产品,5310.24,9,47792.16,2025/04/24,东北,信用卡,completed,19,
ORD001284,Kindle Paperwhite,电子产品,电子产品,7865.96,9,70793.64,2024/11/24,华南,信用卡,completed,36,女
ORD001285,iPhone 15,电子产品,电子产品,372.37,4,1489.48,2024/02/28,华北,支付宝,completed,55,男
ORD001286,小米台灯,家居,家居家居,2040.9,2,4081.8,2024/04/05,华南,支付宝,completed,19,
ORD001287,AirPods Pro,电子产品,电子产品,9687.52,10,96875.2,2025/04/11,西北,微信支付,completed,44,女
ORD001288,网易严选床垫,家居,家居家居,952.45,5,4762.25,2024/09/30,西北,信用卡,completed,45,
ORD001289,Samsung Galaxy S24,电子产品,电子产品,8443.94,10,84439.4,2024/03/29,东北,微信支付,completed,43,男
ORD001290,宜家书架,家居,家居家居,924.17,8,7393.36,2024/04/23,华东,信用卡,completed,61,男
ORD001291,北面冲锋衣,服装,服装服装,9401.23,8,75209.84,2024/04/24,东北,银行卡,completed,65,
ORD001292,茅台酒,食品,食品食品,6579.22,6,39475.32,2024/06/05,西北,信用卡,pending,18,男
ORD001293,Levi's 501,服装,服装服装,5629.28,4,22517.12,2024/04/09,东北,信用卡,completed,63,男
ORD001294,小米台灯,家居,家居家居,3493.2,7,24452.4,2024/02/21,东北,微信支付,completed,34,
ORD001295,戴森吸尘器,家居,家居家居,9621.78,8,76974.24,2024/10/01,西南,支付宝,pending,56,女
ORD001296,Zara 西装外套,服装,服装服装,763.01,2,1526.02,2024/09/17,华北,微信支付,completed,48,女
ORD001297,New Balance 574,服装,服装服装,8822.58,8,70580.64,2024/07/03,东北,银行卡,pending,50,女
ORD001298,农夫山泉,食品,食品食品,6935.5,9,62419.5,2024/03/19,东北,银行卡,completed,59,女
ORD001299,宜家书架,家居,家居家居,7563.77,7,52946.39,2024/09/10,华北,微信支付,pending,28,
ORD001300,戴森吸尘器,家居,家居家居,24.14,3,72.42,2025/01/22,西北,信用卡,cancelled,24,男
ORD001301,农夫山泉,食品,食品食品,2094.66,7,14662.62,2024/03/15,华中,支付宝,completed,44,女
ORD001302,算法导论,图书,图书图书,2755.96,4,11023.84,2025/04/15,西北,信用卡,completed,50,
ORD001303,Levi's 501,服装,服装服装,6038.94,1,6038.94,2024/10/18,西南,银行卡,completed,36,
ORD001304,深入理解计算机系统,图书,图书图书,9128.62,7,63900.34,2024/01/01,西南,支付宝,completed,23,
ORD001305,农夫山泉,食品,食品食品,1303.78,1,1303.78,2024/02/10,华中,微信支付,pending,60,男
ORD001306,Kindle Paperwhite,电子产品,电子产品,9503.77,7,66526.39,2024/01/24,华南,银行卡,pending,18,男
ORD001307,戴森吸尘器,家居,家居家居,2449.23,6,14695.38,2024/03/27,东北,信用卡,completed,27,
ORD001308,小熊加湿器,家居,家居家居,8281.11,4,33124.44,2024/01/31,西南,信用卡,completed,31,
ORD001309,戴森吸尘器,家居,家居家居,7311.76,8,58494.08,2024/12/09,西南,信用卡,cancelled,49,
ORD001310,小熊加湿器,家居,家居家居,1181.36,10,11813.6,2024/05/06,东北,支付宝,cancelled,64,女
ORD001311,H&M 连衣裙,服装,服装服装,6172.23,9,55550.07,2024/01/18,华北,微信支付,completed,26,
ORD001312,美的电饭煲,家居,家居家居,3125.82,7,21880.74,2024/02/12,西南,信用卡,pending,43,女
ORD001313,小熊加湿器,家居,家居家居,6514.16,10,65141.6,2024/11/26,华中,银行卡,completed,58,女
ORD001314,思考快与慢,图书,图书图书,7223.07,9,65007.63,2024/03/14,西南,微信支付,completed,28,女
ORD001315,三只松鼠坚果礼盒,食品,食品食品,9995.11,8,79960.88,2025/04/18,东北,信用卡,pending,50,女
ORD001316,H&M 连衣裙,服装,服装服装,2872.94,4,11491.76,2024/08/15,华东,微信支付,pending,40,男
ORD001317,小米台灯,家居,家居家居,2410.78,2,4821.56,2024/01/01,华中,银行卡,refunded,37,女
ORD001318,MacBook Air,电子产品,电子产品,3212.92,5,16064.6,2024/02/27,东北,银行卡,completed,29,
ORD001319,小米台灯,家居,家居家居,4620.13,6,27720.78,2024/05/03,东北,微信支付,completed,37,
ORD001320,戴森吸尘器,家居,家居家居,7900.96,3,23702.88,2025/04/17,西南,微信支付,completed,46,女
ORD001321,星巴克咖啡豆,食品,食品食品,877.58,1,877.58,2024/09/02,西北,信用卡,pending,40,
ORD001322,算法导论,图书,图书图书,9427.47,7,65992.29,2025/04/20,华东,微信支付,completed,26,
ORD001323,iPad Air,电子产品,电子产品,2318.49,1,2318.49,2024/12/31,华中,信用卡,cancelled,19,
ORD001324,Samsung Galaxy S24,电子产品,电子产品,9996.34,10,99963.4,2024/10/17,华东,微信支付,cancelled,19,
ORD001325,美的电饭煲,家居,家居家居,4858.89,4,19435.56,2025/02/06,华北,信用卡,completed,28,
ORD001326,iPad Air,电子产品,电子产品,5273.26,7,36912.82,2024/12/27,华北,信用卡,completed,20,男
ORD001327,MacBook Air,电子产品,电子产品,2720.29,3,8160.87,2025/04/24,华中,信用卡,completed,65,女
ORD001328,AirPods Pro,电子产品,电子产品,4619.96,5,23099.8,2024/10/04,西南,信用卡,completed,22,女
ORD001329,Nike Air Max,服装,服装服装,1174.26,8,9394.08,2024/08/23,华南,信用卡,completed,42,
ORD001330,星巴克咖啡豆,食品,食品食品,2812.01,6,16872.06,2024/03/28,华中,支付宝,refunded,28,
ORD001331,Nike Air Max,服装,服装服装,5934.39,4,23737.56,2024/12/10,华北,信用卡,cancelled,60,
ORD001332,iPad Air,电子产品,电子产品,4097.25,4,16389.0,2025/01/02,华东,银行卡,completed,59,女
ORD001333,宜家书架,家居,家居家居,2427.8,8,19422.4,2025/02/15,华南,信用卡,completed,46,男
ORD001334,人类简史,图书,图书图书,9831.91,7,68823.37,2025/05/12,东北,信用卡,cancelled,44,女
ORD001335,宜家书架,家居,家居家居,3745.43,7,26218.01,2025/05/02,西南,信用卡,completed,61,
ORD001336,Samsung Galaxy S24,电子产品,电子产品,5047.85,1,5047.85,2024/07/17,东北,银行卡,completed,20,
ORD001337,Adidas Ultraboost,服装,服装服装,3546.06,4,14184.24,2025/01/17,华南,支付宝,pending,46,女
ORD001338,MacBook Air,电子产品,电子产品,6712.76,1,6712.76,2024/12/03,华东,银行卡,pending,56,女
ORD001339,九阳豆浆机,家居,家居家居,6177.2,1,6177.2,2024/04/17,东北,微信支付,completed,36,女
ORD001340,北面冲锋衣,服装,服装服装,7772.23,6,46633.38,2024/07/25,华东,支付宝,pending,60,
ORD001341,良品铺子零食包,食品,食品食品,1460.24,5,7301.2,2024/12/04,华东,信用卡,completed,50,女
ORD001342,Samsung Galaxy S24,电子产品,电子产品,75.46,8,603.68,2024/11/06,西南,信用卡,completed,33,
ORD001343,网易严选床垫,家居,家居家居,4148.28,3,12444.84,2024/03/27,西北,支付宝,completed,20,
ORD001344,思考快与慢,图书,图书图书,8796.85,7,61577.95,2024/03/23,东北,支付宝,completed,21,男
ORD001345,小米台灯,家居,家居家居,6788.45,5,33942.25,2024/08/30,西北,微信支付,completed,54,
ORD001346,小米台灯,家居,家居家居,2475.85,5,12379.25,2024/08/24,华南,信用卡,completed,18,女
ORD001347,Adidas Ultraboost,服装,服装服装,1372.72,9,12354.48,2024/01/08,华南,微信支付,pending,33,女
ORD001348,网易严选床垫,家居,家居家居,1350.66,9,12155.94,2024/10/01,西北,微信支付,completed,27,
ORD001349,深入理解计算机系统,图书,图书图书,2465.41,3,7396.23,2024/07/12,华北,信用卡,cancelled,46,女
ORD001350,茅台酒,食品,食品食品,2172.62,5,10863.1,2024/10/21,华北,微信支付,pending,56,男
ORD001351,Zara 西装外套,服装,服装服装,6045.37,9,54408.33,2024/11/23,华南,微信支付,completed,62,男
ORD001352,三体全集,图书,图书图书,5576.6,6,33459.6,2024/03/12,华中,微信支付,completed,24,男
ORD001353,农夫山泉,食品,食品食品,2897.6,7,20283.2,2024/05/07,华北,微信支付,refunded,40,
ORD001354,Nike Air Max,服装,服装服装,837.78,1,837.78,2024/11/10,华东,支付宝,completed,60,
ORD001355,iPhone 15,电子产品,电子产品,6016.63,7,42116.41,2024/07/07,东北,信用卡,completed,65,女
ORD001356,小熊加湿器,家居,家居家居,3065.99,8,24527.92,2024/08/22,华中,微信支付,completed,45,男
ORD001357,深入理解计算机系统,图书,图书图书,9076.59,7,63536.13,2024/07/19,华东,支付宝,completed,51,男
ORD001358,网易严选床垫,家居,家居家居,7649.18,4,30596.72,2024/08/18,华北,银行卡,refunded,47,男
ORD001359,北面冲锋衣,服装,服装服装,4387.42,2,8774.84,2024/04/11,华北,信用卡,completed,59,
ORD001360,iPad Air,电子产品,电子产品,4315.04,3,12945.12,2025/03/10,华北,银行卡,completed,40,
ORD001361,MacBook Air,电子产品,电子产品,2438.31,9,21944.79,2025/03/07,西北,支付宝,completed,33,男
ORD001362,网易严选床垫,家居,家居家居,5212.44,8,41699.52,2024/12/20,华北,支付宝,completed,59,男
ORD001363,星巴克咖啡豆,食品,食品食品,6161.88,5,30809.4,2024/03/11,华东,支付宝,pending,41,女
ORD001364,宜家书架,家居,家居家居,8146.67,3,24440.01,2025/01/07,华东,信用卡,refunded,45,男
ORD001365,AirPods Pro,电子产品,电子产品,1498.7,8,11989.6,2024/12/11,华北,信用卡,completed,58,
ORD001366,百威啤酒,食品,食品食品,1266.54,2,2533.08,2024/05/26,华南,支付宝,completed,36,
ORD001367,原则,图书,图书图书,9138.17,2,18276.34,2024/01/15,西南,信用卡,completed,51,
ORD001368,百威啤酒,食品,食品食品,1181.54,3,3544.62,2024/11/16,华东,银行卡,pending,63,女
ORD001369,思考快与慢,图书,图书图书,6690.77,4,26763.08,2025/01/27,西北,银行卡,pending,42,男
ORD001370,New Balance 574,服装,服装服装,8923.55,2,17847.1,2024/05/03,西南,银行卡,completed,63,女
ORD001371,小熊加湿器,家居,家居家居,20.13,9,181.17,2024/01/15,华南,银行卡,pending,21,女
ORD001372,北面冲锋衣,服装,服装服装,6049.99,7,42349.93,2024/04/12,华中,银行卡,completed,25,男
ORD001373,小米台灯,家居,家居家居,5656.31,4,22625.24,2024/04/16,东北,银行卡,completed,30,
ORD001374,小熊加湿器,家居,家居家居,6621.48,10,66214.8,2024/12/15,西北,银行卡,pending,24,女
ORD001375,农夫山泉,食品,食品食品,9667.96,6,58007.76,2024/03/23,西南,银行卡,completed,33,
ORD001376,思考快与慢,图书,图书图书,7041.48,1,7041.48,2024/12/15,华南,银行卡,completed,59,男
ORD001377,H&M 连衣裙,服装,服装服装,1643.83,3,4931.49,2024/12/26,华南,微信支付,completed,48,
ORD001378,Dell XPS 15,电子产品,电子产品,3422.37,6,20534.22,2025/02/19,西北,支付宝,cancelled,31,女
ORD001379,人类简史,图书,图书图书,3797.73,4,15190.92,2024/03/11,华中,银行卡,pending,37,男
ORD001380,良品铺子零食包,食品,食品食品,9755.04,2,19510.08,2024/08/24,华南,支付宝,pending,34,女
ORD001381,深入理解计算机系统,图书,图书图书,740.13,3,2220.39,2025/03/26,东北,信用卡,completed,53,
ORD001382,美的电饭煲,家居,家居家居,5150.53,4,20602.12,2024/07/27,华北,支付宝,refunded,60,女
ORD001383,人类简史,图书,图书图书,6203.44,6,37220.64,2025/03/24,华东,支付宝,refunded,56,男
ORD001384,网易严选床垫,家居,家居家居,7753.1,5,38765.5,2025/01/02,华南,信用卡,pending,56,女
ORD001385,原则,图书,图书图书,7330.49,10,73304.9,2024/02/21,西北,银行卡,completed,63,
ORD001386,算法导论,图书,图书图书,7430.45,2,14860.9,2025/02/08,东北,信用卡,completed,42,女
ORD001387,网易严选床垫,家居,家居家居,5097.75,4,20391.0,2024/01/15,华北,微信支付,pending,21,男
ORD001388,深入理解计算机系统,图书,图书图书,2312.97,2,4625.94,2024/07/15,华东,支付宝,completed,28,女
ORD001389,良品铺子零食包,食品,食品食品,6794.8,5,33974.0,2024/02/27,西北,银行卡,completed,45,男
ORD001390,优衣库羽绒服,服装,服装服装,2417.51,3,7252.53,2024/11/06,东北,银行卡,completed,35,
ORD001391,美的电饭煲,家居,家居家居,428.47,7,2999.29,2025/04/17,西北,银行卡,completed,31,男
ORD001392,iPhone 15,电子产品,电子产品,1862.54,3,5587.62,2024/09/15,华南,支付宝,pending,29,
ORD001393,Dell XPS 15,电子产品,电子产品,7692.9,1,7692.9,2025/05/17,华北,银行卡,completed,36,女
ORD001394,Sony WH-1000XM5,电子产品,电子产品,6489.63,3,19468.89,2025/03/16,东北,微信支付,completed,65,男
ORD001395,MacBook Air,电子产品,电子产品,2510.33,10,25103.3,2025/04/18,华东,信用卡,completed,18,
ORD001396,戴森吸尘器,家居,家居家居,3638.91,1,3638.91,2024/09/19,西南,微信支付,completed,30,
ORD001397,Sony WH-1000XM5,电子产品,电子产品,9012.8,6,54076.8,2025/05/07,西南,支付宝,completed,36,
ORD001398,优衣库羽绒服,服装,服装服装,3779.62,4,15118.48,2024/08/14,西南,银行卡,completed,23,女
ORD001399,良品铺子零食包,食品,食品食品,7377.96,9,66401.64,2024/06/19,西南,微信支付,completed,19,
ORD001400,思考快与慢,图书,图书图书,8847.7,7,61933.9,2024/07/10,西北,银行卡,completed,27,男
ORD001401,深入理解计算机系统,图书,图书图书,3141.78,4,12567.12,2024/03/23,西南,微信支付,completed,40,男
ORD001402,思考快与慢,图书,图书图书,3233.56,7,22634.92,2024/01/10,华东,微信支付,completed,54,男
ORD001403,北面冲锋衣,服装,服装服装,6318.16,3,18954.48,2025/02/26,华中,支付宝,completed,64,女
ORD001404,戴森吸尘器,家居,家居家居,7543.23,1,7543.23,2024/01/11,东北,银行卡,completed,40,女
ORD001405,原则,图书,图书图书,2094.39,8,16755.12,2024/05/08,华南,微信支付,refunded,27,
ORD001406,茅台酒,食品,食品食品,3105.53,5,15527.65,2025/04/25,华中,信用卡,cancelled,43,
ORD001407,小米台灯,家居,家居家居,5852.45,10,58524.5,2024/09/07,东北,银行卡,completed,36,男
ORD001408,三体全集,图书,图书图书,5258.79,3,15776.37,2024/08/02,华中,支付宝,completed,44,女
ORD001409,北面冲锋衣,服装,服装服装,235.58,1,235.58,2024/05/23,华中,微信支付,completed,65,男
ORD001410,三体全集,图书,图书图书,1575.96,7,11031.72,2024/02/28,华北,微信支付,completed,30,男
ORD001411,H&M 连衣裙,服装,服装服装,1715.11,4,6860.44,2024/02/01,西南,微信支付,pending,30,男
ORD001412,iPad Air,电子产品,电子产品,5078.56,5,25392.8,2024/07/16,西北,支付宝,pending,53,男
ORD001413,深入理解计算机系统,图书,图书图书,7037.71,7,49263.97,2024/11/16,华南,银行卡,completed,42,
ORD001414,Levi's 501,服装,服装服装,5627.07,2,11254.14,2024/09/29,西南,银行卡,cancelled,32,男
ORD001415,星巴克咖啡豆,食品,食品食品,7341.18,5,36705.9,2024/04/11,西南,信用卡,completed,49,男
ORD001416,小熊加湿器,家居,家居家居,6455.3,10,64553.0,2024/05/24,华中,银行卡,completed,61,女
ORD001417,原则,图书,图书图书,7612.55,6,45675.3,2024/12/07,西南,银行卡,cancelled,59,
ORD001418,MacBook Air,电子产品,电子产品,60.08,5,300.4,2024/03/18,华南,银行卡,pending,35,
ORD001419,Zara 西装外套,服装,服装服装,5633.46,5,28167.3,2025/05/20,华南,支付宝,refunded,46,
ORD001420,茅台酒,食品,食品食品,4365.45,2,8730.9,2024/11/20,华中,支付宝,refunded,65,
ORD001421,茅台酒,食品,食品食品,299.07,3,897.21,2025/04/03,西南,微信支付,completed,19,
ORD001422,思考快与慢,图书,图书图书,6927.08,3,20781.24,2024/03/04,华中,支付宝,refunded,35,男
ORD001423,Sony WH-1000XM5,电子产品,电子产品,9205.28,2,18410.56,2024/12/20,东北,微信支付,completed,29,女
ORD001424,MacBook Air,电子产品,电子产品,6523.44,5,32617.2,2024/05/16,华中,支付宝,completed,41,女
ORD001425,德芙巧克力,食品,食品食品,7171.07,4,28684.28,2025/03/13,东北,支付宝,pending,59,男
ORD001426,iPhone 15,电子产品,电子产品,2322.72,10,23227.2,2025/01/09,西南,支付宝,pending,40,女
ORD001427,北面冲锋衣,服装,服装服装,3584.89,8,28679.12,2025/02/24,华南,银行卡,completed,40,
ORD001428,小熊加湿器,家居,家居家居,130.76,7,915.32,2025/05/19,西南,银行卡,pending,30,男
ORD001429,戴森吸尘器,家居,家居家居,7043.21,10,70432.1,2024/08/13,华中,支付宝,completed,44,男
ORD001430,Zara 西装外套,服装,服装服装,9259.2,4,37036.8,2024/03/27,华南,微信支付,completed,64,女
ORD001431,德芙巧克力,食品,食品食品,2498.45,3,7495.35,2024/10/26,东北,支付宝,completed,41,男
ORD001432,戴森吸尘器,家居,家居家居,8642.15,6,51852.9,2024/12/12,华北,微信支付,completed,49,
ORD001433,Apple Watch,电子产品,电子产品,5529.33,8,44234.64,2024/09/10,华南,信用卡,completed,46,男
ORD001434,良品铺子零食包,食品,食品食品,5260.52,9,47344.68,2024/03/13,西北,银行卡,completed,26,女
ORD001435,戴森吸尘器,家居,家居家居,9591.32,8,76730.56,2024/11/15,西南,支付宝,completed,46,男
ORD001436,三体全集,图书,图书图书,1856.57,8,14852.56,2024/06/04,华南,支付宝,completed,29,女
ORD001437,H&M 连衣裙,服装,服装服装,9438.93,5,47194.65,2024/08/02,华北,微信支付,completed,55,女
ORD001438,网易严选床垫,家居,家居家居,5208.61,6,31251.66,2024/03/27,华北,支付宝,completed,25,女
ORD001439,AirPods Pro,电子产品,电子产品,3586.11,3,10758.33,2024/02/22,华南,支付宝,completed,44,
ORD001440,人类简史,图书,图书图书,8187.89,4,32751.56,2024/10/31,华中,信用卡,completed,40,
ORD001441,良品铺子零食包,食品,食品食品,1660.8,3,4982.4,2025/05/18,东北,微信支付,pending,58,
ORD001442,深入理解计算机系统,图书,图书图书,4774.77,6,28648.62,2024/11/21,西北,微信支付,completed,42,
ORD001443,良品铺子零食包,食品,食品食品,7385.54,7,51698.78,2024/04/05,华东,信用卡,pending,58,女
ORD001444,Python编程从入门到实践,图书,图书图书,6836.22,5,34181.1,2024/01/02,西南,支付宝,completed,64,女
ORD001445,Zara 西装外套,服装,服装服装,1645.02,3,4935.06,2024/11/18,华北,支付宝,completed,57,
ORD001446,星巴克咖啡豆,食品,食品食品,6500.05,4,26000.2,2024/04/07,华南,支付宝,pending,55,男
ORD001447,Nike Air Max,服装,服装服装,5304.66,10,53046.6,2024/12/21,华北,微信支付,cancelled,63,
ORD001448,Nike Air Max,服装,服装服装,7875.04,10,78750.4,2024/05/03,华北,微信支付,pending,63,男
ORD001449,小米台灯,家居,家居家居,3024.1,8,24192.8,2024/12/29,华南,信用卡,completed,25,
ORD001450,小米台灯,家居,家居家居,7656.13,9,68905.17,2024/03/20,西南,信用卡,completed,35,男
ORD001451,深入理解计算机系统,图书,图书图书,4009.06,9,36081.54,2025/04/30,华中,微信支付,cancelled,21,男
ORD001452,Python编程从入门到实践,图书,图书图书,8122.0,8,64976.0,2024/11/06,华南,银行卡,completed,43,
ORD001453,戴森吸尘器,家居,家居家居,7684.51,6,46107.06,2025/03/18,华中,微信支付,pending,25,
ORD001454,人类简史,图书,图书图书,5942.59,7,41598.13,2024/06/29,华东,支付宝,completed,53,
ORD001455,三只松鼠坚果礼盒,食品,食品食品,3897.46,9,35077.14,2025/03/02,华北,支付宝,refunded,46,女
ORD001456,百威啤酒,食品,食品食品,3329.54,4,13318.16,2024/10/09,华南,银行卡,cancelled,46,
ORD001457,良品铺子零食包,食品,食品食品,9389.83,1,9389.83,2024/12/01,华北,支付宝,cancelled,31,
ORD001458,良品铺子零食包,食品,食品食品,7425.12,4,29700.48,2024/09/19,西北,信用卡,pending,49,
ORD001459,美的电饭煲,家居,家居家居,8357.4,9,75216.6,2024/12/01,东北,信用卡,completed,29,女
ORD001460,宜家书架,家居,家居家居,532.89,9,4796.01,2025/04/03,西北,支付宝,completed,34,男
ORD001461,算法导论,图书,图书图书,8993.09,6,53958.54,2024/09/22,华北,微信支付,pending,26,男
ORD001462,三只松鼠坚果礼盒,食品,食品食品,4271.63,5,21358.15,2024/05/18,华南,支付宝,completed,61,
ORD001463,Python编程从入门到实践,图书,图书图书,4280.13,1,4280.13,2024/12/10,华南,银行卡,pending,48,女
ORD001464,北面冲锋衣,服装,服装服装,8334.58,8,66676.64,2024/10/04,西北,信用卡,completed,20,女
ORD001465,Nike Air Max,服装,服装服装,6308.25,8,50466.0,2025/04/19,东北,微信支付,completed,24,男
ORD001466,美的电饭煲,家居,家居家居,2232.88,1,2232.88,2025/01/28,华中,银行卡,completed,46,
ORD001467,Adidas Ultraboost,服装,服装服装,8961.67,8,71693.36,2025/02/25,东北,微信支付,completed,57,
ORD001468,Dell XPS 15,电子产品,电子产品,9874.43,7,69121.01,2024/07/08,东北,信用卡,pending,45,男
ORD001469,深入理解计算机系统,图书,图书图书,7944.41,6,47666.46,2024/11/22,华南,微信支付,refunded,29,女
ORD001470,Adidas Ultraboost,服装,服装服装,1564.82,7,10953.74,2025/04/09,西北,银行卡,completed,55,女
ORD001471,蒙牛纯牛奶,食品,食品食品,4157.01,6,24942.06,2024/01/29,华南,银行卡,completed,46,女
ORD001472,百威啤酒,食品,食品食品,3530.37,6,21182.22,2024/02/14,东北,银行卡,completed,34,女
ORD001473,算法导论,图书,图书图书,5848.75,7,40941.25,2024/10/15,华东,银行卡,cancelled,18,男
ORD001474,Samsung Galaxy S24,电子产品,电子产品,1326.28,3,3978.84,2024/12/23,东北,信用卡,completed,52,男
ORD001475,人类简史,图书,图书图书,3243.65,2,6487.3,2025/01/07,西南,支付宝,completed,48,女
ORD001476,算法导论,图书,图书图书,2647.86,5,13239.3,2024/06/27,华东,信用卡,pending,33,男
ORD001477,农夫山泉,食品,食品食品,4225.86,2,8451.72,2024/05/24,华北,支付宝,completed,32,男
ORD001478,三体全集,图书,图书图书,8258.83,7,57811.81,2024/02/04,华东,支付宝,completed,18,
ORD001479,Zara 西装外套,服装,服装服装,1204.69,2,2409.38,2025/05/07,西南,信用卡,completed,56,
ORD001480,网易严选床垫,家居,家居家居,1354.12,5,6770.6,2025/04/24,东北,微信支付,pending,47,
ORD001481,人类简史,图书,图书图书,4831.44,1,4831.44,2024/11/06,东北,银行卡,cancelled,48,
ORD001482,优衣库羽绒服,服装,服装服装,5902.36,1,5902.36,2024/07/21,华北,微信支付,completed,40,
ORD001483,三体全集,图书,图书图书,4247.65,7,29733.55,2024/08/09,华北,银行卡,pending,32,男
ORD001484,戴森吸尘器,家居,家居家居,6664.37,9,59979.33,2024/12/02,华东,银行卡,pending,52,男
ORD001485,蒙牛纯牛奶,食品,食品食品,6064.61,7,42452.27,2025/05/30,华南,银行卡,completed,45,
ORD001486,良品铺子零食包,食品,食品食品,8714.22,9,78427.98,2024/12/24,西南,支付宝,completed,41,
ORD001487,罗技 MX Master 3,电子产品,电子产品,6458.02,8,51664.16,2025/04/03,华中,银行卡,completed,61,男
ORD001488,三只松鼠坚果礼盒,食品,食品食品,3002.96,10,30029.6,2024/12/03,西北,银行卡,refunded,23,
ORD001489,三只松鼠坚果礼盒,食品,食品食品,7922.47,9,71302.23,2024/06/24,华中,微信支付,cancelled,33,男
ORD001490,Python编程从入门到实践,图书,图书图书,9659.53,8,77276.24,2024/12/08,华中,支付宝,completed,50,
ORD001491,Kindle Paperwhite,电子产品,电子产品,7817.86,3,23453.58,2024/08/02,西北,支付宝,completed,47,
ORD001492,星巴克咖啡豆,食品,食品食品,8143.08,4,32572.32,2024/03/08,华北,支付宝,completed,64,
ORD001493,美的电饭煲,家居,家居家居,1342.15,4,5368.6,2024/08/12,西北,信用卡,completed,44,男
ORD001494,茅台酒,食品,食品食品,642.53,5,3212.65,2025/02/16,西南,信用卡,completed,22,男
ORD001495,蒙牛纯牛奶,食品,食品食品,1965.63,10,19656.3,2025/02/27,西南,银行卡,completed,64,
ORD001496,Adidas Ultraboost,服装,服装服装,9520.67,7,66644.69,2024/06/02,华中,微信支付,completed,30,女
ORD001497,网易严选床垫,家居,家居家居,5558.68,9,50028.12,2025/02/15,华中,银行卡,completed,36,男
ORD001498,深入理解计算机系统,图书,图书图书,1250.12,10,12501.2,2025/03/04,华南,微信支付,completed,49,女
ORD001499,北面冲锋衣,服装,服装服装,2872.58,10,28725.8,2024/10/20,华中,银行卡,pending,61,男
ORD001500,MacBook Air,电子产品,电子产品,5007.02,3,15021.06,2025/05/18,西南,微信支付,pending,49,
ORD001501,深入理解计算机系统,图书,图书图书,5473.88,10,54738.8,2024/06/03,华北,微信支付,completed,48,男
ORD001502,罗技 MX Master 3,电子产品,电子产品,4397.32,7,30781.24,2024/06/28,东北,微信支付,completed,39,男
ORD001503,Dell XPS 15,电子产品,电子产品,7426.44,7,51985.08,2025/04/20,东北,信用卡,pending,51,
ORD001504,Samsung Galaxy S24,电子产品,电子产品,3598.27,9,32384.43,2024/08/05,华北,支付宝,completed,51,男
ORD001505,Nike Air Max,服装,服装服装,9750.12,5,48750.6,2024/10/11,华南,信用卡,completed,54,
ORD001506,三只松鼠坚果礼盒,食品,食品食品,3940.9,1,3940.9,2024/02/08,华北,微信支付,pending,23,女
ORD001507,AirPods Pro,电子产品,电子产品,1284.66,8,10277.28,2024/02/05,西南,支付宝,pending,26,女
ORD001508,深入理解计算机系统,图书,图书图书,416.56,10,4165.6,2024/02/02,华南,支付宝,completed,20,男
ORD001509,Levi's 501,服装,服装服装,1500.57,4,6002.28,2025/04/07,东北,微信支付,cancelled,50,男
ORD001510,Samsung Galaxy S24,电子产品,电子产品,9441.16,8,75529.28,2024/04/29,西南,信用卡,refunded,46,男
ORD001511,德芙巧克力,食品,食品食品,7112.54,10,71125.4,2024/05/01,华北,银行卡,completed,56,
ORD001512,德芙巧克力,食品,食品食品,5410.35,2,10820.7,2024/03/29,华东,信用卡,refunded,64,
ORD001513,原则,图书,图书图书,3865.75,1,3865.75,2024/11/24,东北,信用卡,completed,63,
ORD001514,AirPods Pro,电子产品,电子产品,2542.9,9,22886.1,2024/08/24,西南,微信支付,completed,61,女
ORD001515,算法导论,图书,图书图书,9859.05,10,98590.5,2024/09/29,西南,微信支付,completed,52,女
ORD001516,九阳豆浆机,家居,家居家居,4666.54,8,37332.32,2024/06/17,西南,信用卡,cancelled,30,
ORD001517,Sony WH-1000XM5,电子产品,电子产品,4521.53,6,27129.18,2024/10/12,华南,微信支付,cancelled,42,女
ORD001518,Sony WH-1000XM5,电子产品,电子产品,3181.14,9,28630.26,2024/09/27,东北,微信支付,pending,34,男
ORD001519,茅台酒,食品,食品食品,4254.21,1,4254.21,2025/03/29,华中,微信支付,completed,42,女
ORD001520,良品铺子零食包,食品,食品食品,7602.53,7,53217.71,2024/05/16,西北,信用卡,completed,44,
ORD001521,Kindle Paperwhite,电子产品,电子产品,3569.53,1,3569.53,2025/02/01,西北,微信支付,pending,40,女
ORD001522,Python编程从入门到实践,图书,图书图书,4368.93,9,39320.37,2024/05/13,华东,微信支付,completed,41,女
ORD001523,算法导论,图书,图书图书,3805.68,9,34251.12,2024/11/14,华东,银行卡,completed,44,
ORD001524,Kindle Paperwhite,电子产品,电子产品,3957.14,5,19785.7,2025/04/24,华东,银行卡,completed,53,男
ORD001525,算法导论,图书,图书图书,5901.38,4,23605.52,2024/12/15,西南,信用卡,completed,51,女
ORD001526,九阳豆浆机,家居,家居家居,6892.97,3,20678.91,2024/02/23,华中,银行卡,pending,60,女
ORD001527,New Balance 574,服装,服装服装,6493.52,7,45454.64,2024/02/29,华东,微信支付,pending,44,女
ORD001528,宜家书架,家居,家居家居,575.71,6,3454.26,2024/10/24,西北,信用卡,pending,54,男
ORD001529,三体全集,图书,图书图书,1812.15,5,9060.75,2024/07/09,东北,信用卡,completed,64,女
ORD001530,茅台酒,食品,食品食品,6313.47,6,37880.82,2024/04/01,东北,微信支付,completed,39,女
ORD001531,星巴克咖啡豆,食品,食品食品,9178.61,9,82607.49,2025/01/16,华南,支付宝,pending,41,男
ORD001532,小米台灯,家居,家居家居,7865.56,1,7865.56,2025/01/02,东北,信用卡,cancelled,19,女
ORD001533,H&M 连衣裙,服装,服装服装,5451.18,6,32707.08,2024/04/08,华中,信用卡,completed,50,
ORD001534,北面冲锋衣,服装,服装服装,1880.37,5,9401.85,2024/05/10,华中,微信支付,completed,36,
ORD001535,宜家书架,家居,家居家居,2642.93,6,15857.58,2024/03/17,东北,支付宝,completed,27,男
ORD001536,优衣库羽绒服,服装,服装服装,6838.6,8,54708.8,2024/05/12,华中,信用卡,completed,61,
ORD001537,Sony WH-1000XM5,电子产品,电子产品,4782.51,9,43042.59,2024/04/06,东北,信用卡,pending,41,
ORD001538,iPad Air,电子产品,电子产品,7759.15,6,46554.9,2024/01/13,华南,支付宝,pending,56,女
ORD001539,宜家书架,家居,家居家居,5480.88,3,16442.64,2024/11/29,华北,银行卡,completed,26,
ORD001540,Kindle Paperwhite,电子产品,电子产品,838.1,8,6704.8,2024/03/09,华南,微信支付,pending,46,男
ORD001541,三只松鼠坚果礼盒,食品,食品食品,133.1,7,931.7,2024/02/17,华中,信用卡,completed,60,女
ORD001542,New Balance 574,服装,服装服装,2455.84,10,24558.4,2024/08/27,华中,银行卡,completed,39,
ORD001543,New Balance 574,服装,服装服装,1863.55,7,13044.85,2024/01/04,华南,银行卡,completed,31,男
ORD001544,Samsung Galaxy S24,电子产品,电子产品,2662.07,5,13310.35,2025/04/18,西南,微信支付,cancelled,33,
ORD001545,百威啤酒,食品,食品食品,4360.66,8,34885.28,2025/02/07,西北,支付宝,pending,33,男
ORD001546,三体全集,图书,图书图书,1494.54,3,4483.62,2025/03/04,东北,支付宝,completed,32,男
ORD001547,MacBook Air,电子产品,电子产品,738.7,10,7387.0,2024/10/09,华北,信用卡,completed,39,
ORD001548,宜家书架,家居,家居家居,709.08,8,5672.64,2024/12/21,西南,微信支付,pending,45,
ORD001549,茅台酒,食品,食品食品,1586.71,9,14280.39,2024/08/31,华东,信用卡,refunded,45,
ORD001550,三体全集,图书,图书图书,7229.54,9,65065.86,2024/04/29,西南,银行卡,pending,41,
ORD001551,New Balance 574,服装,服装服装,9893.35,8,79146.8,2024/05/01,华中,支付宝,cancelled,64,
ORD001552,New Balance 574,服装,服装服装,8459.55,7,59216.85,2025/02/12,西南,信用卡,completed,24,男
ORD001553,优衣库羽绒服,服装,服装服装,1291.19,9,11620.71,2024/11/17,华南,信用卡,refunded,47,
ORD001554,Python编程从入门到实践,图书,图书图书,8627.22,8,69017.76,2024/04/07,华北,银行卡,completed,64,女
ORD001555,Levi's 501,服装,服装服装,3631.98,2,7263.96,2025/05/30,华中,支付宝,cancelled,49,女
ORD001556,小熊加湿器,家居,家居家居,671.07,7,4697.49,2024/05/30,西南,微信支付,completed,29,
ORD001557,New Balance 574,服装,服装服装,9932.31,10,99323.1,2024/07/21,华北,支付宝,pending,47,
ORD001558,戴森吸尘器,家居,家居家居,2250.27,8,18002.16,2024/08/02,西北,微信支付,completed,55,男
ORD001559,星巴克咖啡豆,食品,食品食品,4000.58,1,4000.58,2025/02/20,华南,支付宝,completed,37,男
ORD001560,茅台酒,食品,食品食品,9082.5,5,45412.5,2025/04/22,华东,微信支付,completed,20,女
ORD001561,iPad Air,电子产品,电子产品,2378.14,6,14268.84,2025/02/26,东北,信用卡,pending,27,女
ORD001562,思考快与慢,图书,图书图书,5248.65,10,52486.5,2024/07/17,华南,信用卡,completed,37,男
ORD001563,深入理解计算机系统,图书,图书图书,9374.76,5,46873.8,2024/09/17,西北,微信支付,refunded,41,男
ORD001564,美的电饭煲,家居,家居家居,3236.15,9,29125.35,2025/05/23,华北,银行卡,completed,65,
ORD001565,罗技 MX Master 3,电子产品,电子产品,-1709.79,5,-8548.95,2025/03/01,东北,银行卡,completed,49,男
ORD001566,深入理解计算机系统,图书,图书图书,7559.29,6,45355.74,2025/01/11,东北,微信支付,completed,31,
ORD001567,思考快与慢,图书,图书图书,4247.72,9,38229.48,2024/11/22,华中,支付宝,completed,25,男
ORD001568,百威啤酒,食品,食品食品,9943.9,7,69607.3,2025/04/20,华南,微信支付,pending,49,男
ORD001569,原则,图书,图书图书,822.21,1,822.21,2025/02/27,华北,支付宝,pending,47,女
ORD001570,网易严选床垫,家居,家居家居,6710.01,6,40260.06,2024/05/30,西南,银行卡,completed,42,男
ORD001571,MacBook Air,电子产品,电子产品,2787.25,7,19510.75,2025/04/05,东北,微信支付,refunded,63,男
ORD001572,Sony WH-1000XM5,电子产品,电子产品,8475.06,9,76275.54,2024/09/25,东北,支付宝,cancelled,31,
ORD001573,北面冲锋衣,服装,服装服装,3683.59,5,18417.95,2025/05/18,西南,微信支付,cancelled,54,
ORD001574,Samsung Galaxy S24,电子产品,电子产品,9031.83,1,9031.83,2024/07/30,华北,银行卡,completed,60,女
ORD001575,iPad Air,电子产品,电子产品,148.78,8,1190.24,2024/05/02,华中,支付宝,completed,58,
ORD001576,H&M 连衣裙,服装,服装服装,6730.39,10,67303.9,2025/04/28,华南,信用卡,completed,31,
ORD001577,三只松鼠坚果礼盒,食品,食品食品,5917.54,8,47340.32,2025/04/02,西南,银行卡,cancelled,60,男
ORD001578,Sony WH-1000XM5,电子产品,电子产品,5502.87,4,22011.48,2024/12/31,华南,银行卡,completed,51,女
ORD001579,Adidas Ultraboost,服装,服装服装,2603.68,9,23433.12,2024/03/18,东北,微信支付,completed,18,男
ORD001580,Adidas Ultraboost,服装,服装服装,2394.54,2,4789.08,2024/10/12,华中,支付宝,completed,36,男
ORD001581,蒙牛纯牛奶,食品,食品食品,9106.19,3,27318.57,2024/11/21,东北,微信支付,cancelled,23,
ORD001582,Nike Air Max,服装,服装服装,1158.79,3,3476.37,2024/07/31,华中,银行卡,completed,29,
ORD001583,三只松鼠坚果礼盒,食品,食品食品,6234.33,4,24937.32,2024/04/08,华南,支付宝,completed,37,
ORD001584,北面冲锋衣,服装,服装服装,3813.03,7,26691.21,2024/01/23,华北,信用卡,completed,36,
ORD001585,Dell XPS 15,电子产品,电子产品,9848.48,9,88636.32,2024/09/15,华北,微信支付,completed,51,女
ORD001586,北面冲锋衣,服装,服装服装,5025.89,4,20103.56,2025/04/04,西北,银行卡,cancelled,59,女
ORD001587,iPhone 15,电子产品,电子产品,7206.53,3,21619.59,2024/04/14,华南,信用卡,pending,45,女
ORD001588,Levi's 501,服装,服装服装,5549.0,4,22196.0,2024/09/26,华中,信用卡,completed,34,男
ORD001589,iPad Air,电子产品,电子产品,1760.78,7,12325.46,2024/11/22,华北,支付宝,completed,32,
ORD001590,算法导论,图书,图书图书,4511.29,1,4511.29,2024/12/26,西南,微信支付,completed,33,男
ORD001591,H&M 连衣裙,服装,服装服装,6458.47,8,51667.76,2025/02/27,华东,银行卡,pending,58,男
ORD001592,三体全集,图书,图书图书,8161.68,8,65293.44,2024/09/21,西北,微信支付,refunded,37,男
ORD001593,H&M 连衣裙,服装,服装服装,3856.07,3,11568.21,2024/12/30,华南,信用卡,cancelled,33,女
ORD001594,蒙牛纯牛奶,食品,食品食品,1807.35,4,7229.4,2024/05/28,东北,支付宝,refunded,40,女
ORD001595,九阳豆浆机,家居,家居家居,205.76,3,617.28,2024/12/28,西北,信用卡,completed,33,女
ORD001596,蒙牛纯牛奶,食品,食品食品,7425.26,7,51976.82,2025/01/05,华东,信用卡,completed,51,
ORD001597,德芙巧克力,食品,食品食品,7096.91,6,42581.46,2025/03/13,西北,微信支付,completed,56,女
ORD001598,小米台灯,家居,家居家居,8981.34,7,62869.38,2025/01/21,西南,银行卡,completed,58,女
ORD001599,深入理解计算机系统,图书,图书图书,2907.1,9,26163.9,2024/06/05,华中,支付宝,completed,55,女
ORD001600,北面冲锋衣,服装,服装服装,7578.89,6,45473.34,2024/11/29,华南,信用卡,completed,37,
ORD001601,Dell XPS 15,电子产品,电子产品,4789.27,6,28735.62,2024/07/22,西南,银行卡,completed,64,女
ORD001602,网易严选床垫,家居,家居家居,6513.91,5,32569.55,2024/05/19,华北,微信支付,completed,20,
ORD001603,算法导论,图书,图书图书,9180.36,8,73442.88,2024/04/25,华东,银行卡,refunded,30,
ORD001604,德芙巧克力,食品,食品食品,1074.24,2,2148.48,2025/04/24,华东,信用卡,cancelled,27,男
ORD001605,深入理解计算机系统,图书,图书图书,6275.09,5,31375.45,2025/04/28,东北,银行卡,pending,38,
ORD001606,Zara 西装外套,服装,服装服装,361.38,10,3613.8,2024/05/19,东北,支付宝,pending,28,男
ORD001607,iPhone 15,电子产品,电子产品,5983.59,5,29917.95,2025/04/18,华南,微信支付,pending,20,女
ORD001608,百威啤酒,食品,食品食品,1896.78,6,11380.68,2024/03/31,西北,银行卡,cancelled,39,女
ORD001609,美的电饭煲,家居,家居家居,8217.77,9,73959.93,2024/12/08,西南,信用卡,completed,44,
ORD001610,宜家书架,家居,家居家居,2942.17,7,20595.19,2024/04/07,华南,银行卡,completed,49,男
ORD001611,Python编程从入门到实践,图书,图书图书,8876.27,2,17752.54,2025/02/13,华东,信用卡,refunded,62,男
ORD001612,Nike Air Max,服装,服装服装,5053.24,6,30319.44,2024/07/06,西北,微信支付,completed,34,
ORD001613,MacBook Air,电子产品,电子产品,2368.06,10,23680.6,2024/06/04,西南,信用卡,completed,35,
ORD001614,三体全集,图书,图书图书,7960.25,9,71642.25,2024/05/30,西北,微信支付,pending,48,男
ORD001615,美的电饭煲,家居,家居家居,7193.48,5,35967.4,2024/06/25,西北,微信支付,completed,44,
ORD001616,优衣库羽绒服,服装,服装服装,9726.23,2,19452.46,2024/11/02,华北,信用卡,pending,33,
ORD001617,Nike Air Max,服装,服装服装,382.87,5,1914.35,2024/03/02,华东,银行卡,completed,50,男
ORD001618,德芙巧克力,食品,食品食品,9470.94,7,66296.58,2024/01/19,华南,信用卡,completed,48,女
ORD001619,小米台灯,家居,家居家居,209.4,5,1047.0,2025/05/10,西北,信用卡,pending,65,男
ORD001620,人类简史,图书,图书图书,7785.79,9,70072.11,2024/07/24,西南,银行卡,completed,19,
ORD001621,Samsung Galaxy S24,电子产品,电子产品,6927.34,5,34636.7,2025/02/16,华中,银行卡,pending,23,女
ORD001622,茅台酒,食品,食品食品,530.1,6,3180.6,2024/08/08,东北,银行卡,completed,40,
ORD001623,农夫山泉,食品,食品食品,7895.18,2,15790.36,2024/05/02,华中,信用卡,completed,63,男
ORD001624,Sony WH-1000XM5,电子产品,电子产品,1210.84,6,7265.04,2024/10/29,华东,支付宝,completed,63,男
ORD001625,三体全集,图书,图书图书,9277.87,4,37111.48,2024/09/16,西北,微信支付,cancelled,34,
ORD001626,三只松鼠坚果礼盒,食品,食品食品,2978.69,9,26808.21,2024/07/23,华南,支付宝,pending,37,女
ORD001627,美的电饭煲,家居,家居家居,1135.97,8,9087.76,2024/11/15,华南,信用卡,pending,53,
ORD001628,人类简史,图书,图书图书,5585.77,9,50271.93,2024/12/02,华东,信用卡,completed,39,男
ORD001629,MacBook Air,电子产品,电子产品,593.23,4,2372.92,2024/07/11,华东,银行卡,pending,62,男
ORD001630,New Balance 574,服装,服装服装,850.75,9,7656.75,2024/10/13,华南,支付宝,completed,22,男
ORD001631,宜家书架,家居,家居家居,4107.4,3,12322.2,2025/05/04,华北,支付宝,completed,38,
ORD001632,蒙牛纯牛奶,食品,食品食品,271.37,10,2713.7,2024/02/11,华东,信用卡,cancelled,57,男
ORD001633,原则,图书,图书图书,8313.26,4,33253.04,2025/02/14,西南,信用卡,completed,44,男
ORD001634,三体全集,图书,图书图书,2555.56,9,23000.04,2024/04/12,华北,微信支付,pending,47,男
ORD001635,农夫山泉,食品,食品食品,893.11,8,7144.88,2025/03/25,东北,微信支付,cancelled,57,
ORD001636,良品铺子零食包,食品,食品食品,4922.03,6,29532.18,2024/02/13,华中,信用卡,pending,20,女
ORD001637,Kindle Paperwhite,电子产品,电子产品,9880.8,8,79046.4,2024/09/09,华中,信用卡,completed,26,女
ORD001638,三体全集,图书,图书图书,6121.78,1,6121.78,2024/02/22,华南,微信支付,cancelled,64,男
ORD001639,美的电饭煲,家居,家居家居,2171.09,8,17368.72,2024/06/28,华北,信用卡,refunded,43,男
ORD001640,算法导论,图书,图书图书,5212.84,9,46915.56,2024/04/04,华东,微信支付,refunded,35,男
ORD001641,Zara 西装外套,服装,服装服装,280.85,6,1685.1,2025/01/27,华南,支付宝,refunded,21,女
ORD001642,网易严选床垫,家居,家居家居,2816.72,10,28167.2,2024/05/18,西南,支付宝,pending,37,男
ORD001643,深入理解计算机系统,图书,图书图书,7630.97,8,61047.76,2024/04/05,东北,银行卡,cancelled,18,女
ORD001644,三体全集,图书,图书图书,7424.79,4,29699.16,2024/09/03,西北,信用卡,completed,57,女
ORD001645,蒙牛纯牛奶,食品,食品食品,6079.67,8,48637.36,2024/03/17,华北,微信支付,pending,56,男
ORD001646,MacBook Air,电子产品,电子产品,6060.8,4,24243.2,2024/01/15,西南,微信支付,refunded,56,男
ORD001647,Samsung Galaxy S24,电子产品,电子产品,9845.11,8,78760.88,2024/04/23,华东,微信支付,completed,21,女
ORD001648,宜家书架,家居,家居家居,2809.06,1,2809.06,2025/04/02,华中,微信支付,completed,58,男
ORD001649,MacBook Air,电子产品,电子产品,7474.44,1,7474.44,2025/02/28,华北,微信支付,refunded,33,女
ORD001650,小米台灯,家居,家居家居,1504.43,1,1504.43,2024/06/13,东北,银行卡,completed,48,男
ORD001651,农夫山泉,食品,食品食品,9380.36,5,46901.8,2025/02/19,华中,银行卡,completed,40,女
ORD001652,Sony WH-1000XM5,电子产品,电子产品,308.64,8,2469.12,2024/02/06,华东,支付宝,completed,19,
ORD001653,原则,图书,图书图书,1094.58,2,2189.16,2024/05/07,华南,银行卡,completed,30,男
ORD001654,百威啤酒,食品,食品食品,5371.37,3,16114.11,2024/08/24,华北,微信支付,completed,31,女
ORD001655,良品铺子零食包,食品,食品食品,9973.18,10,99731.8,2025/03/07,华中,银行卡,completed,49,
ORD001656,人类简史,图书,图书图书,1939.62,9,17456.58,2025/04/20,华中,支付宝,refunded,39,女
ORD001657,网易严选床垫,家居,家居家居,9059.21,7,63414.47,2024/06/19,东北,信用卡,completed,54,
ORD001658,优衣库羽绒服,服装,服装服装,9821.21,7,68748.47,2024/02/27,东北,信用卡,completed,31,
ORD001659,Zara 西装外套,服装,服装服装,902.93,5,4514.65,2025/02/26,东北,支付宝,completed,63,女
ORD001660,原则,图书,图书图书,5480.87,4,21923.48,2025/02/06,西南,支付宝,completed,39,
ORD001661,德芙巧克力,食品,食品食品,233.15,6,1398.9,2024/04/26,西北,信用卡,completed,52,
ORD001662,Sony WH-1000XM5,电子产品,电子产品,8327.25,5,41636.25,2024/07/03,华南,信用卡,completed,54,
ORD001663,深入理解计算机系统,图书,图书图书,3573.59,9,32162.31,2024/03/10,华中,支付宝,completed,22,女
ORD001664,Adidas Ultraboost,服装,服装服装,2322.48,3,6967.44,2025/01/28,东北,微信支付,completed,34,女
ORD001665,MacBook Air,电子产品,电子产品,63.17,2,126.34,2025/03/26,东北,微信支付,completed,27,
ORD001666,Apple Watch,电子产品,电子产品,7287.27,6,43723.62,2024/03/22,西北,银行卡,pending,39,女
ORD001667,Zara 西装外套,服装,服装服装,8521.69,4,34086.76,2025/03/12,华中,银行卡,completed,28,女
ORD001668,小米台灯,家居,家居家居,9313.86,5,46569.3,2024/10/19,华中,微信支付,refunded,44,男
ORD001669,小熊加湿器,家居,家居家居,2653.13,2,5306.26,2024/07/05,华中,微信支付,completed,51,女
ORD001670,Python编程从入门到实践,图书,图书图书,5927.41,8,47419.28,2024/01/09,华东,银行卡,completed,20,男
ORD001671,九阳豆浆机,家居,家居家居,1102.75,5,5513.75,2024/09/11,华中,微信支付,pending,38,男
ORD001672,茅台酒,食品,食品食品,1802.3,3,5406.9,2024/11/08,华南,微信支付,completed,43,
ORD001673,德芙巧克力,食品,食品食品,2410.44,3,7231.32,2024/08/27,西北,信用卡,completed,58,女
ORD001674,Kindle Paperwhite,电子产品,电子产品,4362.9,7,30540.3,2025/04/19,东北,银行卡,completed,28,女
ORD001675,北面冲锋衣,服装,服装服装,7274.27,10,72742.7,2024/05/20,东北,银行卡,completed,40,女
ORD001676,原则,图书,图书图书,9031.52,7,63220.64,2025/05/27,华中,支付宝,pending,33,男
ORD001677,H&M 连衣裙,服装,服装服装,6297.8,2,12595.6,2024/08/03,华中,支付宝,completed,46,女
ORD001678,Sony WH-1000XM5,电子产品,电子产品,9546.46,7,66825.22,2024/09/06,西南,微信支付,completed,34,女
ORD001679,New Balance 574,服装,服装服装,7662.95,9,68966.55,2024/10/22,华中,信用卡,completed,29,女
ORD001680,Levi's 501,服装,服装服装,1894.03,4,7576.12,2024/09/01,华北,银行卡,completed,32,
ORD001681,算法导论,图书,图书图书,9473.4,1,9473.4,2024/05/19,西北,信用卡,refunded,33,
ORD001682,网易严选床垫,家居,家居家居,5623.33,8,44986.64,2024/01/24,华南,支付宝,completed,20,女
ORD001683,人类简史,图书,图书图书,117.12,5,585.6,2025/03/23,东北,银行卡,cancelled,22,男
ORD001684,H&M 连衣裙,服装,服装服装,5588.28,10,55882.8,2025/05/28,华北,信用卡,completed,22,女
ORD001685,蒙牛纯牛奶,食品,食品食品,3045.3,6,18271.8,2024/08/02,华北,微信支付,completed,47,
ORD001686,戴森吸尘器,家居,家居家居,8935.97,2,17871.94,2024/03/10,西北,银行卡,completed,19,
ORD001687,星巴克咖啡豆,食品,食品食品,7892.32,2,15784.64,2024/03/16,华东,支付宝,pending,29,男
ORD001688,New Balance 574,服装,服装服装,9157.1,5,45785.5,2024/09/10,西北,信用卡,completed,54,男
ORD001689,New Balance 574,服装,服装服装,5181.89,7,36273.23,2025/04/24,东北,信用卡,completed,51,
ORD001690,算法导论,图书,图书图书,5745.21,1,5745.21,2024/04/17,华南,银行卡,completed,22,男
ORD001691,人类简史,图书,图书图书,2228.73,8,17829.84,2024/09/22,华东,信用卡,completed,23,男
ORD001692,北面冲锋衣,服装,服装服装,5972.89,7,41810.23,2024/03/30,华中,银行卡,cancelled,33,
ORD001693,深入理解计算机系统,图书,图书图书,8166.35,3,24499.05,2024/12/27,华中,支付宝,cancelled,41,
ORD001694,美的电饭煲,家居,家居家居,7862.38,5,39311.9,2024/03/24,西北,信用卡,completed,57,女
ORD001695,Sony WH-1000XM5,电子产品,电子产品,6631.32,4,26525.28,2025/04/23,西南,银行卡,pending,55,
ORD001696,美的电饭煲,家居,家居家居,2954.83,6,17728.98,2024/07/17,华中,银行卡,completed,42,
ORD001697,九阳豆浆机,家居,家居家居,5361.18,8,42889.44,2024/08/08,华中,银行卡,completed,60,男
ORD001698,原则,图书,图书图书,8859.41,10,88594.1,2024/09/01,西南,微信支付,pending,46,
ORD001699,戴森吸尘器,家居,家居家居,2481.98,6,14891.88,2024/02/15,东北,银行卡,completed,29,女
ORD001700,Sony WH-1000XM5,电子产品,电子产品,6946.97,4,27787.88,2024/09/21,东北,信用卡,refunded,47,
ORD001701,深入理解计算机系统,图书,图书图书,9639.88,10,96398.8,2024/04/18,华中,支付宝,pending,47,女
ORD001702,北面冲锋衣,服装,服装服装,6725.57,9,60530.13,2024/03/06,西南,银行卡,refunded,25,男
ORD001703,罗技 MX Master 3,电子产品,电子产品,3686.82,10,36868.2,2025/05/24,西北,银行卡,completed,20,
ORD001704,网易严选床垫,家居,家居家居,2344.8,9,21103.2,2024/03/31,华北,银行卡,completed,23,女
ORD001705,九阳豆浆机,家居,家居家居,6766.72,7,47367.04,2024/06/13,华北,信用卡,pending,49,
ORD001706,美的电饭煲,家居,家居家居,7517.28,9,67655.52,2024/02/19,东北,银行卡,completed,34,
ORD001707,星巴克咖啡豆,食品,食品食品,4607.48,4,18429.92,2024/08/11,西南,信用卡,completed,47,
ORD001708,德芙巧克力,食品,食品食品,573.02,1,573.02,2024/04/08,西北,银行卡,completed,33,女
ORD001709,北面冲锋衣,服装,服装服装,4264.29,9,38378.61,2025/05/13,华中,银行卡,completed,53,
ORD001710,人类简史,图书,图书图书,54.23,6,325.38,2024/04/11,东北,银行卡,completed,57,女
ORD001711,Nike Air Max,服装,服装服装,6886.14,4,27544.56,2024/12/07,华东,银行卡,completed,20,
ORD001712,农夫山泉,食品,食品食品,4829.34,2,9658.68,2024/02/02,西南,信用卡,completed,48,
ORD001713,罗技 MX Master 3,电子产品,电子产品,4247.44,3,12742.32,2025/01/29,华南,银行卡,completed,36,
ORD001714,罗技 MX Master 3,电子产品,电子产品,7435.13,8,59481.04,2024/01/13,西北,银行卡,completed,40,女
ORD001715,人类简史,图书,图书图书,3921.29,1,3921.29,2024/01/18,华东,信用卡,completed,40,男
ORD001716,美的电饭煲,家居,家居家居,5626.01,8,45008.08,2024/11/07,西北,银行卡,pending,33,女
ORD001717,Dell XPS 15,电子产品,电子产品,2937.2,3,8811.6,2024/08/08,西南,微信支付,completed,34,
ORD001718,网易严选床垫,家居,家居家居,9024.62,6,54147.72,2024/05/05,东北,支付宝,refunded,20,男
ORD001719,百威啤酒,食品,食品食品,1679.81,2,3359.62,2024/04/12,华东,信用卡,completed,38,
ORD001720,三只松鼠坚果礼盒,食品,食品食品,9620.31,3,28860.93,2024/02/13,东北,银行卡,completed,64,
ORD001721,Apple Watch,电子产品,电子产品,3879.12,10,38791.2,2025/03/11,东北,信用卡,refunded,33,男
ORD001722,深入理解计算机系统,图书,图书图书,3178.54,10,31785.4,2024/06/25,西南,信用卡,completed,28,男
ORD001723,农夫山泉,食品,食品食品,5433.72,1,5433.72,2024/10/25,华中,微信支付,completed,46,男
ORD001724,良品铺子零食包,食品,食品食品,4983.28,7,34882.96,2025/01/28,华东,银行卡,completed,58,女
ORD001725,Adidas Ultraboost,服装,服装服装,3561.44,8,28491.52,2024/09/17,西北,银行卡,completed,53,
ORD001726,Nike Air Max,服装,服装服装,9158.12,9,82423.08,2024/09/25,华北,信用卡,refunded,22,男
ORD001727,算法导论,图书,图书图书,5712.09,6,34272.54,2024/04/19,华东,银行卡,completed,38,
ORD001728,小米台灯,家居,家居家居,6895.25,7,48266.75,2024/11/21,华中,信用卡,completed,40,男
ORD001729,九阳豆浆机,家居,家居家居,5539.08,10,55390.8,2025/03/07,华北,微信支付,completed,38,
ORD001730,iPad Air,电子产品,电子产品,429.49,7,3006.43,2024/06/06,华南,微信支付,completed,24,男
ORD001731,三只松鼠坚果礼盒,食品,食品食品,3513.65,6,21081.9,2024/10/03,华南,信用卡,pending,27,男
ORD001732,Dell XPS 15,电子产品,电子产品,9402.43,3,28207.29,2025/02/16,西北,银行卡,refunded,32,
ORD001733,Zara 西装外套,服装,服装服装,1626.22,7,11383.54,2025/04/17,西南,微信支付,pending,47,
ORD001734,百威啤酒,食品,食品食品,2648.92,6,15893.52,2024/07/19,华南,信用卡,pending,56,女
ORD001735,Python编程从入门到实践,图书,图书图书,2319.31,7,16235.17,2024/11/30,东北,支付宝,completed,49,
ORD001736,小熊加湿器,家居,家居家居,138.7,8,1109.6,2024/11/02,华中,微信支付,refunded,21,
ORD001737,戴森吸尘器,家居,家居家居,7730.46,10,77304.6,2024/09/10,华北,信用卡,cancelled,65,女
ORD001738,Python编程从入门到实践,图书,图书图书,5599.22,2,11198.44,2024/07/18,华中,微信支付,pending,50,男
ORD001739,星巴克咖啡豆,食品,食品食品,1019.92,4,4079.68,2024/04/27,华中,信用卡,completed,47,女
ORD001740,Adidas Ultraboost,服装,服装服装,3094.11,4,12376.44,2025/02/03,东北,微信支付,completed,18,女
ORD001741,三体全集,图书,图书图书,4955.64,1,4955.64,2024/05/30,西南,信用卡,completed,65,女
ORD001742,思考快与慢,图书,图书图书,3884.84,6,23309.04,2025/04/18,华东,支付宝,completed,43,男
ORD001743,Python编程从入门到实践,图书,图书图书,4729.83,5,23649.15,2024/08/24,西北,支付宝,refunded,65,
ORD001744,Nike Air Max,服装,服装服装,658.44,8,5267.52,2024/06/20,西北,支付宝,pending,50,男
ORD001745,算法导论,图书,图书图书,1154.51,5,5772.55,2025/02/02,华南,支付宝,completed,34,
ORD001746,人类简史,图书,图书图书,588.92,9,5300.28,2025/03/02,西北,微信支付,completed,30,女
ORD001747,New Balance 574,服装,服装服装,1998.67,1,1998.67,2024/05/20,东北,微信支付,pending,61,
ORD001748,小米台灯,家居,家居家居,9813.86,2,19627.72,2024/08/31,华东,支付宝,completed,51,男
ORD001749,小米台灯,家居,家居家居,3102.46,5,15512.3,2024/12/08,华北,银行卡,completed,28,
ORD001750,优衣库羽绒服,服装,服装服装,2560.74,6,15364.44,2025/03/13,华中,信用卡,pending,40,
ORD001751,Nike Air Max,服装,服装服装,7069.98,3,21209.94,2025/04/06,华南,微信支付,completed,22,男
ORD001752,原则,图书,图书图书,8465.66,9,76190.94,2024/05/29,华北,信用卡,completed,41,女
ORD001753,九阳豆浆机,家居,家居家居,7926.83,10,79268.3,2025/01/25,华东,银行卡,completed,42,
ORD001754,三只松鼠坚果礼盒,食品,食品食品,7703.58,5,38517.9,2024/09/03,华东,微信支付,completed,33,男
ORD001755,iPhone 15,电子产品,电子产品,1903.63,10,19036.3,2024/04/06,华北,支付宝,completed,21,
ORD001756,Nike Air Max,服装,服装服装,3111.71,5,15558.55,2024/12/22,华中,微信支付,completed,48,女
ORD001757,星巴克咖啡豆,食品,食品食品,4618.71,6,27712.26,2025/01/18,华北,信用卡,pending,19,女
ORD001758,三只松鼠坚果礼盒,食品,食品食品,1324.84,2,2649.68,2024/08/06,华中,银行卡,completed,38,男
ORD001759,原则,图书,图书图书,1596.58,6,9579.48,2025/05/03,东北,支付宝,completed,51,
ORD001760,小米台灯,家居,家居家居,9496.93,10,94969.3,2025/02/18,西北,信用卡,cancelled,38,女
ORD001761,小米台灯,家居,家居家居,422.66,8,3381.28,2024/09/10,华中,银行卡,refunded,21,
ORD001762,人类简史,图书,图书图书,5902.72,1,5902.72,2024/09/06,东北,微信支付,completed,38,
ORD001763,原则,图书,图书图书,4456.35,1,4456.35,2024/06/08,华北,微信支付,pending,36,男
ORD001764,Adidas Ultraboost,服装,服装服装,9647.84,6,57887.04,2024/04/17,华中,信用卡,completed,38,女
ORD001765,良品铺子零食包,食品,食品食品,9282.33,8,74258.64,2025/02/12,西南,银行卡,completed,29,
ORD001766,Adidas Ultraboost,服装,服装服装,1508.0,6,9048.0,2024/05/17,华东,银行卡,pending,23,男
ORD001767,算法导论,图书,图书图书,7195.05,8,57560.4,2025/05/05,华东,银行卡,refunded,64,男
ORD001768,New Balance 574,服装,服装服装,5389.05,1,5389.05,2024/10/07,西北,微信支付,completed,40,
ORD001769,良品铺子零食包,食品,食品食品,2640.33,6,15841.98,2025/01/20,西南,银行卡,completed,53,男
ORD001770,Levi's 501,服装,服装服装,206.54,5,1032.7,2024/02/22,东北,银行卡,completed,45,女
ORD001771,德芙巧克力,食品,食品食品,5511.95,7,38583.65,2024/11/09,西南,微信支付,completed,42,
ORD001772,三体全集,图书,图书图书,8894.65,6,53367.9,2024/01/08,东北,银行卡,completed,56,男
ORD001773,优衣库羽绒服,服装,服装服装,158.84,5,794.2,2024/03/12,华北,银行卡,completed,45,女
ORD001774,Adidas Ultraboost,服装,服装服装,9630.1,5,48150.5,2024/04/16,华中,信用卡,completed,24,女
ORD001775,Samsung Galaxy S24,电子产品,电子产品,3373.59,3,10120.77,2024/03/13,西北,信用卡,pending,30,女
ORD001776,AirPods Pro,电子产品,电子产品,3310.91,2,6621.82,2024/01/23,华北,信用卡,pending,34,
ORD001777,宜家书架,家居,家居家居,3251.11,5,16255.55,2024/03/29,华东,银行卡,pending,18,
ORD001778,Kindle Paperwhite,电子产品,电子产品,3221.83,8,25774.64,2024/09/17,东北,信用卡,completed,36,女
ORD001779,良品铺子零食包,食品,食品食品,2582.17,1,2582.17,2024/10/23,西南,信用卡,completed,34,
ORD001780,网易严选床垫,家居,家居家居,1665.3,4,6661.2,2024/10/01,华中,微信支付,completed,42,女
ORD001781,德芙巧克力,食品,食品食品,9513.83,7,66596.81,2025/04/24,华北,银行卡,cancelled,53,
ORD001782,New Balance 574,服装,服装服装,3369.44,3,10108.32,2025/01/28,华中,微信支付,cancelled,20,
ORD001783,百威啤酒,食品,食品食品,5250.08,8,42000.64,2024/11/17,华中,信用卡,pending,35,男
ORD001784,小米台灯,家居,家居家居,6061.24,7,42428.68,2025/04/19,华南,信用卡,completed,58,女
ORD001785,三体全集,图书,图书图书,1577.46,7,11042.22,2024/05/24,东北,银行卡,completed,59,男
ORD001786,茅台酒,食品,食品食品,4385.86,10,43858.6,2024/10/29,华北,银行卡,completed,24,女
ORD001787,Adidas Ultraboost,服装,服装服装,2718.12,7,19026.84,2025/03/26,西南,信用卡,completed,58,女
ORD001788,Python编程从入门到实践,图书,图书图书,5181.87,3,15545.61,2024/11/26,东北,微信支付,refunded,21,
ORD001789,iPad Air,电子产品,电子产品,4043.34,9,36390.06,2024/01/30,华东,银行卡,pending,25,
ORD001790,人类简史,图书,图书图书,3700.69,1,3700.69,2024/08/07,华南,支付宝,completed,51,
ORD001791,美的电饭煲,家居,家居家居,6096.5,2,12193.0,2024/03/22,西南,支付宝,completed,39,
ORD001792,Sony WH-1000XM5,电子产品,电子产品,8285.42,3,24856.26,2024/12/10,华东,银行卡,refunded,40,
ORD001793,Apple Watch,电子产品,电子产品,1169.37,1,1169.37,2024/07/11,华北,银行卡,completed,34,
ORD001794,美的电饭煲,家居,家居家居,1402.62,4,5610.48,2024/06/09,华北,支付宝,completed,49,男
ORD001795,人类简史,图书,图书图书,6548.88,9,58939.92,2025/05/19,华东,银行卡,completed,49,
ORD001796,iPad Air,电子产品,电子产品,9731.07,1,9731.07,2025/05/06,华中,支付宝,completed,33,男
ORD001797,Apple Watch,电子产品,电子产品,6731.51,6,40389.06,2024/03/20,西北,微信支付,pending,57,女
ORD001798,戴森吸尘器,家居,家居家居,758.22,4,3032.88,2024/03/30,东北,信用卡,completed,44,男
ORD001799,九阳豆浆机,家居,家居家居,5176.24,7,36233.68,2024/05/30,华东,银行卡,pending,63,
ORD001800,New Balance 574,服装,服装服装,7717.97,3,23153.91,2024/03/10,华中,支付宝,completed,26,女
ORD001801,深入理解计算机系统,图书,图书图书,8796.34,7,61574.38,2025/01/18,华北,银行卡,pending,57,
ORD001802,Python编程从入门到实践,图书,图书图书,9476.42,2,18952.84,2024/03/04,华南,银行卡,refunded,49,男
ORD001803,百威啤酒,食品,食品食品,6550.28,6,39301.68,2024/12/03,西北,微信支付,completed,52,男
ORD001804,原则,图书,图书图书,4420.59,4,17682.36,2024/05/31,东北,信用卡,completed,43,男
ORD001805,原则,图书,图书图书,5123.67,7,35865.69,2024/06/14,西南,银行卡,completed,58,男
ORD001806,小米台灯,家居,家居家居,5587.2,2,11174.4,2024/02/18,华东,支付宝,completed,56,女
ORD001807,戴森吸尘器,家居,家居家居,3108.09,8,24864.72,2025/02/04,华中,信用卡,refunded,62,女
ORD001808,Python编程从入门到实践,图书,图书图书,537.76,2,1075.52,2024/04/17,东北,支付宝,completed,30,
ORD001809,戴森吸尘器,家居,家居家居,551.37,4,2205.48,2024/06/19,华中,微信支付,completed,54,女
ORD001810,农夫山泉,食品,食品食品,8552.87,4,34211.48,2024/08/21,华南,支付宝,cancelled,63,男
ORD001811,人类简史,图书,图书图书,1976.29,1,1976.29,2025/03/04,东北,信用卡,cancelled,36,女
ORD001812,罗技 MX Master 3,电子产品,电子产品,2281.44,3,6844.32,2024/05/19,华中,信用卡,refunded,33,女
ORD001813,算法导论,图书,图书图书,4897.29,2,9794.58,2024/11/26,华中,微信支付,completed,30,女
ORD001814,Python编程从入门到实践,图书,图书图书,5878.74,2,11757.48,2024/11/01,东北,微信支付,cancelled,64,
ORD001815,茅台酒,食品,食品食品,5400.67,5,27003.35,2024/07/11,西北,微信支付,completed,20,男
ORD001816,蒙牛纯牛奶,食品,食品食品,9589.98,1,9589.98,2024/11/26,华北,银行卡,refunded,21,女
ORD001817,戴森吸尘器,家居,家居家居,8477.66,9,76298.94,2024/04/17,西南,信用卡,completed,45,
ORD001818,Levi's 501,服装,服装服装,7134.14,10,71341.4,2024/09/10,华中,信用卡,completed,38,女
ORD001819,九阳豆浆机,家居,家居家居,4116.38,10,41163.8,2024/07/13,西北,微信支付,completed,51,男
ORD001820,戴森吸尘器,家居,家居家居,5924.23,1,5924.23,2024/04/18,西北,信用卡,completed,55,男
ORD001821,AirPods Pro,电子产品,电子产品,401.2,7,2808.4,2024/05/20,西北,信用卡,completed,46,女
ORD001822,三只松鼠坚果礼盒,食品,食品食品,6061.58,9,54554.22,2025/05/07,西南,支付宝,completed,23,女
ORD001823,三体全集,图书,图书图书,9933.91,9,89405.19,2024/12/29,东北,微信支付,completed,41,男
ORD001824,Kindle Paperwhite,电子产品,电子产品,3672.8,10,36728.0,2024/07/10,华中,支付宝,completed,29,男
ORD001825,蒙牛纯牛奶,食品,食品食品,485.28,8,3882.24,2024/05/10,华东,信用卡,refunded,21,男
ORD001826,罗技 MX Master 3,电子产品,电子产品,1767.55,10,17675.5,2024/11/29,西北,银行卡,completed,40,女
ORD001827,星巴克咖啡豆,食品,食品食品,6981.46,7,48870.22,2025/03/28,华中,微信支付,completed,37,男
ORD001828,德芙巧克力,食品,食品食品,9406.25,7,65843.75,2025/03/06,西南,微信支付,refunded,28,女
ORD001829,Sony WH-1000XM5,电子产品,电子产品,997.28,2,1994.56,2024/09/30,华东,银行卡,refunded,64,女
ORD001830,网易严选床垫,家居,家居家居,1205.06,1,1205.06,2025/03/27,西南,微信支付,completed,37,男
ORD001831,小米台灯,家居,家居家居,3879.17,5,19395.85,2025/02/19,东北,银行卡,completed,64,男
ORD001832,Sony WH-1000XM5,电子产品,电子产品,5107.61,7,35753.27,2024/07/25,华南,支付宝,completed,28,
ORD001833,人类简史,图书,图书图书,9256.12,7,64792.84,2025/02/09,西北,支付宝,completed,51,女
ORD001834,深入理解计算机系统,图书,图书图书,1332.94,3,3998.82,2024/07/02,华东,支付宝,completed,39,女
ORD001835,小熊加湿器,家居,家居家居,8380.52,4,33522.08,2024/04/13,西南,支付宝,completed,30,男
ORD001836,小米台灯,家居,家居家居,3593.02,9,32337.18,2025/01/04,华东,微信支付,completed,36,
ORD001837,三体全集,图书,图书图书,2036.83,8,16294.64,2024/10/29,西北,微信支付,completed,44,男
ORD001838,Levi's 501,服装,服装服装,3083.04,1,3083.04,2024/06/25,华南,信用卡,cancelled,45,女
ORD001839,Levi's 501,服装,服装服装,9564.99,5,47824.95,2024/01/31,西北,微信支付,refunded,51,
ORD001840,蒙牛纯牛奶,食品,食品食品,660.36,9,5943.24,2024/04/17,华南,微信支付,completed,59,女
ORD001841,美的电饭煲,家居,家居家居,940.33,10,9403.3,2025/02/16,东北,银行卡,completed,38,
ORD001842,Adidas Ultraboost,服装,服装服装,8395.5,7,58768.5,2024/08/08,西北,微信支付,cancelled,28,
ORD001843,三体全集,图书,图书图书,6936.3,3,20808.9,2024/02/18,华东,微信支付,pending,36,男
ORD001844,蒙牛纯牛奶,食品,食品食品,7343.66,4,29374.64,2024/04/27,华南,信用卡,completed,65,女
ORD001845,H&M 连衣裙,服装,服装服装,4660.24,8,37281.92,2025/04/27,西北,银行卡,completed,54,男
ORD001846,MacBook Air,电子产品,电子产品,1091.48,9,9823.32,2024/05/06,东北,支付宝,cancelled,19,
ORD001847,良品铺子零食包,食品,食品食品,7081.83,1,7081.83,2024/11/12,华南,银行卡,completed,52,女
ORD001848,北面冲锋衣,服装,服装服装,5201.44,7,36410.08,2025/03/30,华北,支付宝,completed,64,男
ORD001849,Zara 西装外套,服装,服装服装,4098.87,6,24593.22,2025/04/02,东北,银行卡,refunded,20,
ORD001850,农夫山泉,食品,食品食品,7656.37,10,76563.7,2024/06/07,西北,银行卡,pending,48,男
ORD001851,算法导论,图书,图书图书,4014.42,1,4014.42,2024/09/15,西南,银行卡,completed,47,
ORD001852,良品铺子零食包,食品,食品食品,6296.66,2,12593.32,2024/08/27,华北,信用卡,completed,49,男
ORD001853,网易严选床垫,家居,家居家居,6650.74,10,66507.4,2025/02/19,华中,支付宝,completed,33,男
ORD001854,Adidas Ultraboost,服装,服装服装,7268.96,8,58151.68,2025/05/03,华中,支付宝,completed,25,女
ORD001855,小米台灯,家居,家居家居,8992.35,1,8992.35,2025/03/13,华北,微信支付,completed,52,男
ORD001856,宜家书架,家居,家居家居,3624.99,10,36249.9,2024/07/17,华东,信用卡,cancelled,39,
ORD001857,星巴克咖啡豆,食品,食品食品,5146.21,1,5146.21,2024/06/11,华北,银行卡,pending,28,男
ORD001858,原则,图书,图书图书,6254.22,1,6254.22,2024/03/26,西北,信用卡,completed,44,
ORD001859,小熊加湿器,家居,家居家居,6780.24,1,6780.24,2024/11/23,西北,银行卡,completed,48,女
ORD001860,人类简史,图书,图书图书,6643.03,5,33215.15,2024/11/26,华中,银行卡,pending,50,女
ORD001861,Samsung Galaxy S24,电子产品,电子产品,3669.72,6,22018.32,2024/07/14,东北,支付宝,completed,25,男
ORD001862,农夫山泉,食品,食品食品,761.42,2,1522.84,2024/11/12,东北,信用卡,completed,54,
ORD001863,H&M 连衣裙,服装,服装服装,2228.37,7,15598.59,2024/05/05,华南,信用卡,completed,65,男
ORD001864,北面冲锋衣,服装,服装服装,9226.74,1,9226.74,2024/04/10,东北,微信支付,completed,23,女
ORD001865,New Balance 574,服装,服装服装,4113.14,2,8226.28,2024/08/10,华东,信用卡,completed,28,男
ORD001866,网易严选床垫,家居,家居家居,3127.11,8,25016.88,2024/08/30,华南,银行卡,refunded,33,
ORD001867,iPad Air,电子产品,电子产品,2711.25,9,24401.25,2024/05/29,华中,微信支付,cancelled,38,
ORD001868,Nike Air Max,服装,服装服装,6242.63,4,24970.52,2024/03/25,华东,银行卡,pending,35,
ORD001869,算法导论,图书,图书图书,7679.56,9,69116.04,2024/06/03,西南,支付宝,pending,58,女
ORD001870,茅台酒,食品,食品食品,1783.43,7,12484.01,2024/01/07,华中,支付宝,completed,39,
ORD001871,星巴克咖啡豆,食品,食品食品,3213.92,7,22497.44,2024/09/26,华南,银行卡,cancelled,40,女
ORD001872,戴森吸尘器,家居,家居家居,7949.9,9,71549.1,2025/04/16,西南,支付宝,completed,54,男
ORD001873,Python编程从入门到实践,图书,图书图书,2568.14,9,23113.26,2024/12/30,西北,银行卡,pending,64,男
ORD001874,MacBook Air,电子产品,电子产品,7581.07,6,45486.42,2024/12/16,华东,支付宝,completed,53,
ORD001875,宜家书架,家居,家居家居,909.52,1,909.52,2024/01/23,东北,支付宝,pending,41,女
ORD001876,Nike Air Max,服装,服装服装,3020.59,2,6041.18,2024/04/06,华北,支付宝,completed,34,女
ORD001877,小米台灯,家居,家居家居,7801.05,2,15602.1,2024/01/10,东北,微信支付,completed,53,
ORD001878,深入理解计算机系统,图书,图书图书,8079.19,3,24237.57,2024/03/28,华中,信用卡,pending,33,女
ORD001879,百威啤酒,食品,食品食品,4244.35,3,12733.05,2025/05/24,华北,信用卡,completed,54,
ORD001880,原则,图书,图书图书,3611.65,4,14446.6,2024/05/21,东北,信用卡,completed,54,女
ORD001881,原则,图书,图书图书,3324.03,5,16620.15,2024/07/06,华南,信用卡,pending,26,
ORD001882,算法导论,图书,图书图书,8028.19,2,16056.38,2024/09/12,西南,支付宝,completed,24,女
ORD001883,宜家书架,家居,家居家居,4248.34,1,4248.34,2024/08/23,华北,银行卡,pending,60,男
ORD001884,戴森吸尘器,家居,家居家居,5897.03,4,23588.12,2024/01/16,华北,微信支付,completed,63,男
ORD001885,星巴克咖啡豆,食品,食品食品,2468.21,4,9872.84,2024/03/07,华北,微信支付,completed,31,
ORD001886,良品铺子零食包,食品,食品食品,459.27,9,4133.43,2024/03/11,华南,信用卡,refunded,40,男
ORD001887,北面冲锋衣,服装,服装服装,7928.33,5,39641.65,2025/02/23,东北,微信支付,completed,43,男
ORD001888,农夫山泉,食品,食品食品,6698.02,4,26792.08,2024/04/18,华东,银行卡,completed,45,
ORD001889,美的电饭煲,家居,家居家居,4261.5,3,12784.5,2024/09/21,西北,信用卡,pending,38,男
ORD001890,良品铺子零食包,食品,食品食品,7410.59,9,66695.31,2024/02/20,华北,微信支付,completed,41,
ORD001891,深入理解计算机系统,图书,图书图书,3205.97,10,32059.7,2024/02/16,西北,信用卡,completed,27,男
ORD001892,蒙牛纯牛奶,食品,食品食品,8422.15,10,84221.5,2024/11/12,华东,微信支付,pending,51,
ORD001893,网易严选床垫,家居,家居家居,9560.65,1,9560.65,2024/05/10,西南,信用卡,completed,31,女
ORD001894,Samsung Galaxy S24,电子产品,电子产品,2076.39,6,12458.34,2024/06/23,华南,银行卡,pending,61,女
ORD001895,小熊加湿器,家居,家居家居,177.81,8,1422.48,2024/07/31,华中,信用卡,refunded,18,
ORD001896,小米台灯,家居,家居家居,7674.17,5,38370.85,2025/01/04,西北,支付宝,completed,45,男
ORD001897,iPhone 15,电子产品,电子产品,2289.83,5,11449.15,2024/12/21,华南,信用卡,completed,37,女
ORD001898,百威啤酒,食品,食品食品,5323.79,10,53237.9,2024/11/14,西南,银行卡,completed,51,
ORD001899,Levi's 501,服装,服装服装,6780.57,5,33902.85,2024/06/17,华南,微信支付,completed,49,
ORD001900,小熊加湿器,家居,家居家居,-690.53,3,-2071.59,2024/12/12,华南,微信支付,pending,32,
ORD001901,Dell XPS 15,电子产品,电子产品,7431.24,10,74312.4,2024/12/21,西南,支付宝,refunded,41,
ORD001902,H&M 连衣裙,服装,服装服装,261.32,4,1045.28,2024/09/05,东北,银行卡,completed,58,
ORD001903,算法导论,图书,图书图书,5329.86,6,31979.16,2024/02/03,华南,银行卡,completed,62,
ORD001904,思考快与慢,图书,图书图书,8153.94,6,48923.64,2024/09/16,东北,信用卡,pending,57,女
ORD001905,Sony WH-1000XM5,电子产品,电子产品,9959.25,10,99592.5,2024/02/15,东北,支付宝,completed,59,男
ORD001906,iPad Air,电子产品,电子产品,4370.19,4,17480.76,2024/02/26,西北,信用卡,refunded,65,女
ORD001907,Levi's 501,服装,服装服装,9496.08,5,47480.4,2025/02/16,华东,微信支付,completed,31,女
ORD001908,百威啤酒,食品,食品食品,5398.08,9,48582.72,2025/03/16,华东,支付宝,completed,33,男
ORD001909,人类简史,图书,图书图书,7533.04,9,67797.36,2024/09/19,华东,微信支付,completed,54,男
ORD001910,H&M 连衣裙,服装,服装服装,5552.31,1,5552.31,2024/10/04,华南,支付宝,pending,53,
ORD001911,Samsung Galaxy S24,电子产品,电子产品,3122.38,1,3122.38,2024/10/10,华中,银行卡,pending,29,女
ORD001912,Dell XPS 15,电子产品,电子产品,4947.18,9,44524.62,2024/04/25,西北,信用卡,completed,62,女
ORD001913,iPad Air,电子产品,电子产品,2826.38,4,11305.52,2024/07/18,西南,银行卡,cancelled,53,男
ORD001914,Sony WH-1000XM5,电子产品,电子产品,1655.64,10,16556.4,2025/01/30,华北,支付宝,completed,36,女
ORD001915,农夫山泉,食品,食品食品,3196.74,8,25573.92,2025/02/24,华中,银行卡,completed,41,男
ORD001916,Zara 西装外套,服装,服装服装,1575.14,1,1575.14,2025/03/24,西南,信用卡,completed,37,女
ORD001917,农夫山泉,食品,食品食品,6403.26,3,19209.78,2024/06/16,西南,支付宝,pending,23,
ORD001918,星巴克咖啡豆,食品,食品食品,7524.77,5,37623.85,2025/01/27,华南,信用卡,pending,46,
ORD001919,iPhone 15,电子产品,电子产品,541.98,7,3793.86,2025/03/23,西北,支付宝,cancelled,49,
ORD001920,原则,图书,图书图书,4455.6,5,22278.0,2024/10/31,东北,银行卡,pending,46,
ORD001921,算法导论,图书,图书图书,4742.29,2,9484.58,2025/04/12,西南,银行卡,pending,36,男
ORD001922,星巴克咖啡豆,食品,食品食品,474.81,7,3323.67,2024/01/24,西北,微信支付,completed,22,女
ORD001923,美的电饭煲,家居,家居家居,4779.47,6,28676.82,2024/06/18,西北,微信支付,completed,54,女
ORD001924,Dell XPS 15,电子产品,电子产品,8200.4,10,82004.0,2024/01/06,华中,银行卡,completed,25,男
ORD001925,优衣库羽绒服,服装,服装服装,604.63,5,3023.15,2024/12/28,东北,微信支付,completed,61,女
ORD001926,New Balance 574,服装,服装服装,1362.68,10,13626.8,2024/02/18,东北,支付宝,refunded,58,男
ORD001927,Samsung Galaxy S24,电子产品,电子产品,6984.25,10,69842.5,2024/03/15,西南,银行卡,completed,50,女
ORD001928,Sony WH-1000XM5,电子产品,电子产品,7508.86,9,67579.74,2025/02/10,华中,信用卡,completed,22,
ORD001929,良品铺子零食包,食品,食品食品,5024.76,8,40198.08,2024/05/12,西南,支付宝,completed,47,
ORD001930,北面冲锋衣,服装,服装服装,9733.48,8,77867.84,2024/08/05,华东,微信支付,completed,21,
ORD001931,Levi's 501,服装,服装服装,2740.4,3,8221.2,2024/11/24,东北,微信支付,completed,41,
ORD001932,人类简史,图书,图书图书,8753.91,10,87539.1,2025/05/15,西南,银行卡,pending,48,
ORD001933,戴森吸尘器,家居,家居家居,6407.95,9,57671.55,2024/04/29,西南,微信支付,completed,49,女
ORD001934,优衣库羽绒服,服装,服装服装,9361.66,3,28084.98,2024/02/24,华北,银行卡,completed,20,女
ORD001935,Apple Watch,电子产品,电子产品,3325.48,8,26603.84,2024/03/22,华东,微信支付,completed,34,
ORD001936,AirPods Pro,电子产品,电子产品,216.53,3,649.59,2024/08/07,华北,信用卡,refunded,32,男
ORD001937,北面冲锋衣,服装,服装服装,5686.9,10,56869.0,2024/02/16,华东,信用卡,completed,28,
ORD001938,New Balance 574,服装,服装服装,4114.42,7,28800.94,2024/06/28,西北,支付宝,refunded,60,女
ORD001939,茅台酒,食品,食品食品,6610.02,2,13220.04,2025/01/17,华南,信用卡,completed,42,
ORD001940,蒙牛纯牛奶,食品,食品食品,519.09,2,1038.18,2024/11/22,东北,支付宝,completed,44,
ORD001941,小熊加湿器,家居,家居家居,1281.94,8,10255.52,2024/03/06,华北,微信支付,refunded,41,
ORD001942,优衣库羽绒服,服装,服装服装,7787.71,1,7787.71,2024/11/26,华北,银行卡,completed,23,男
ORD001943,宜家书架,家居,家居家居,5838.92,4,23355.68,2025/01/21,华南,微信支付,refunded,53,女
ORD001944,茅台酒,食品,食品食品,6196.45,4,24785.8,2024/07/05,华南,微信支付,completed,55,男
ORD001945,原则,图书,图书图书,4614.08,8,36912.64,2025/04/23,西北,微信支付,pending,60,男
ORD001946,网易严选床垫,家居,家居家居,9514.19,9,85627.71,2024/11/28,华东,信用卡,completed,26,女
ORD001947,三体全集,图书,图书图书,9375.58,5,46877.9,2024/04/04,东北,信用卡,completed,35,
ORD001948,小熊加湿器,家居,家居家居,2373.38,1,2373.38,2024/05/14,西南,银行卡,refunded,25,
ORD001949,Samsung Galaxy S24,电子产品,电子产品,8602.37,6,51614.22,2025/03/22,华中,银行卡,cancelled,18,女
ORD001950,AirPods Pro,电子产品,电子产品,6236.12,6,37416.72,2024/06/15,东北,银行卡,refunded,25,男
ORD001951,Adidas Ultraboost,服装,服装服装,1261.47,4,5045.88,2024/12/30,西北,支付宝,completed,40,
ORD001952,AirPods Pro,电子产品,电子产品,5599.47,1,5599.47,2025/02/20,华北,银行卡,cancelled,50,
ORD001953,戴森吸尘器,家居,家居家居,9954.0,3,29862.0,2024/03/09,西南,银行卡,refunded,31,女
ORD001954,三体全集,图书,图书图书,6812.54,8,54500.32,2024/10/06,东北,银行卡,cancelled,31,女
ORD001955,北面冲锋衣,服装,服装服装,7312.31,4,29249.24,2024/04/22,华中,信用卡,completed,20,女
ORD001956,三体全集,图书,图书图书,4206.75,9,37860.75,2025/03/27,西南,支付宝,cancelled,18,女
ORD001957,小米台灯,家居,家居家居,2881.81,1,2881.81,2024/04/11,华东,支付宝,completed,32,男
ORD001958,小熊加湿器,家居,家居家居,9464.79,7,66253.53,2025/01/27,西南,支付宝,cancelled,37,
ORD001959,人类简史,图书,图书图书,6017.11,5,30085.55,2024/12/20,东北,微信支付,refunded,33,女
ORD001960,算法导论,图书,图书图书,8633.51,3,25900.53,2025/01/22,华中,支付宝,refunded,20,女
ORD001961,Zara 西装外套,服装,服装服装,2675.18,6,16051.08,2025/05/17,西北,信用卡,completed,48,男
ORD001962,Nike Air Max,服装,服装服装,2901.65,9,26114.85,2024/12/10,华南,信用卡,completed,34,男
ORD001963,良品铺子零食包,食品,食品食品,4744.72,9,42702.48,2024/02/07,西南,银行卡,completed,50,女
ORD001964,网易严选床垫,家居,家居家居,5982.28,9,53840.52,2024/07/30,华北,支付宝,completed,41,
ORD001965,美的电饭煲,家居,家居家居,4176.14,2,8352.28,2024/06/18,华南,支付宝,completed,30,女
ORD001966,三体全集,图书,图书图书,1855.79,10,18557.9,2025/01/13,西北,银行卡,completed,19,
ORD001967,New Balance 574,服装,服装服装,1163.27,2,2326.54,2024/09/04,华南,信用卡,completed,28,
ORD001968,Sony WH-1000XM5,电子产品,电子产品,7985.03,3,23955.09,2024/02/21,华中,信用卡,completed,50,女
ORD001969,优衣库羽绒服,服装,服装服装,3071.61,9,27644.49,2025/03/08,西北,微信支付,cancelled,42,男
ORD001970,原则,图书,图书图书,8628.62,1,8628.62,2024/03/06,东北,支付宝,cancelled,40,男
ORD001971,三只松鼠坚果礼盒,食品,食品食品,375.4,1,375.4,2025/02/06,西北,银行卡,completed,49,
ORD001972,iPhone 15,电子产品,电子产品,2795.38,2,5590.76,2025/04/09,华南,信用卡,refunded,19,女
ORD001973,戴森吸尘器,家居,家居家居,3035.0,8,24280.0,2024/09/21,西北,银行卡,completed,32,女
ORD001974,三体全集,图书,图书图书,8876.91,9,79892.19,2024/11/24,华北,银行卡,pending,54,女
ORD001975,Levi's 501,服装,服装服装,6234.04,5,31170.2,2025/01/31,华东,信用卡,completed,44,男
ORD001976,九阳豆浆机,家居,家居家居,7390.1,10,73901.0,2024/11/04,华东,银行卡,pending,28,女
ORD001977,Apple Watch,电子产品,电子产品,6677.18,5,33385.9,2024/06/19,华东,银行卡,pending,30,
ORD001978,深入理解计算机系统,图书,图书图书,7051.87,1,7051.87,2024/08/23,华中,微信支付,pending,57,女
ORD001979,Kindle Paperwhite,电子产品,电子产品,8026.17,4,32104.68,2024/02/10,西北,银行卡,completed,18,
ORD001980,人类简史,图书,图书图书,1020.58,6,6123.48,2024/08/28,西南,微信支付,completed,33,
ORD001981,深入理解计算机系统,图书,图书图书,2752.43,5,13762.15,2025/03/20,华中,微信支付,completed,54,男
ORD001982,百威啤酒,食品,食品食品,5895.19,3,17685.57,2024/04/02,华北,微信支付,pending,47,男
ORD001983,茅台酒,食品,食品食品,6115.33,10,61153.3,2025/04/05,华中,微信支付,pending,40,女
ORD001984,H&M 连衣裙,服装,服装服装,1486.68,7,10406.76,2024/05/03,西南,支付宝,completed,44,
ORD001985,Levi's 501,服装,服装服装,5613.18,4,22452.72,2024/01/23,华北,微信支付,completed,59,
ORD001986,深入理解计算机系统,图书,图书图书,3728.07,9,33552.63,2025/01/25,西南,微信支付,pending,20,
ORD001987,算法导论,图书,图书图书,2976.77,7,20837.39,2025/02/24,西北,微信支付,completed,27,女
ORD001988,New Balance 574,服装,服装服装,2107.73,3,6323.19,2024/04/13,东北,微信支付,pending,25,女
ORD001989,百威啤酒,食品,食品食品,1475.62,7,10329.34,2024/04/14,华南,银行卡,completed,62,男
ORD001990,戴森吸尘器,家居,家居家居,9203.56,3,27610.68,2024/04/24,华北,银行卡,completed,60,女
ORD001991,优衣库羽绒服,服装,服装服装,824.59,3,2473.77,2024/05/08,华中,微信支付,cancelled,20,
ORD001992,九阳豆浆机,家居,家居家居,5613.81,5,28069.05,2024/08/30,西南,微信支付,pending,31,
ORD001993,网易严选床垫,家居,家居家居,2247.28,3,6741.84,2024/12/25,华中,信用卡,completed,40,女
ORD001994,Zara 西装外套,服装,服装服装,1138.9,10,11389.0,2024/07/12,西南,信用卡,completed,61,男
ORD001995,Nike Air Max,服装,服装服装,6724.26,10,67242.6,2024/11/23,西北,微信支付,completed,50,女
ORD001996,罗技 MX Master 3,电子产品,电子产品,7210.6,8,57684.8,2024/04/10,东北,微信支付,pending,40,
ORD001997,Levi's 501,服装,服装服装,5982.46,1,5982.46,2025/05/14,西南,信用卡,completed,27,
ORD001998,戴森吸尘器,家居,家居家居,7815.37,8,62522.96,2024/07/16,华中,微信支付,completed,59,
ORD001999,Kindle Paperwhite,电子产品,电子产品,4270.55,8,34164.4,2024/05/18,华南,银行卡,completed,31,
ORD002000,iPad Air,电子产品,电子产品,2795.61,10,27956.1,2025/01/04,东北,微信支付,cancelled,57,
ORD002001,Nike Air Max,服装,服装服装,9822.4,7,68756.8,2025/01/09,华北,银行卡,completed,35,男
ORD002002,北面冲锋衣,服装,服装服装,8144.46,6,48866.76,2025/01/01,西南,银行卡,cancelled,43,女
ORD002003,德芙巧克力,食品,食品食品,4610.32,8,36882.56,2024/09/25,华南,微信支付,cancelled,36,男
ORD002004,三体全集,图书,图书图书,4669.51,4,18678.04,2024/09/15,华东,支付宝,cancelled,28,男
ORD002005,北面冲锋衣,服装,服装服装,8933.58,3,26800.74,2024/03/12,华北,支付宝,completed,26,
ORD002006,九阳豆浆机,家居,家居家居,3275.53,2,6551.06,2024/02/12,东北,银行卡,completed,36,女
ORD002007,人类简史,图书,图书图书,3332.24,8,26657.92,2024/07/17,华东,微信支付,completed,61,男
ORD002008,网易严选床垫,家居,家居家居,6790.26,10,67902.6,2024/04/09,华北,信用卡,completed,26,男
ORD002009,Dell XPS 15,电子产品,电子产品,1704.22,9,15337.98,2024/09/19,华中,微信支付,completed,27,女
ORD002010,Levi's 501,服装,服装服装,2239.35,8,17914.8,2024/01/17,华中,信用卡,completed,63,男
ORD002011,戴森吸尘器,家居,家居家居,1149.19,9,10342.71,2025/04/24,华东,信用卡,completed,36,
ORD002012,Kindle Paperwhite,电子产品,电子产品,4512.37,5,22561.85,2025/05/08,华中,支付宝,completed,19,男
ORD002013,戴森吸尘器,家居,家居家居,4908.57,2,9817.14,2025/03/02,华北,微信支付,refunded,28,
ORD002014,茅台酒,食品,食品食品,5787.36,3,17362.08,2024/06/20,东北,微信支付,completed,33,女
ORD002015,iPhone 15,电子产品,电子产品,9448.29,4,37793.16,2024/08/01,东北,微信支付,pending,38,
ORD002016,小熊加湿器,家居,家居家居,1179.15,6,7074.9,2024/12/20,东北,微信支付,completed,41,
ORD002017,Apple Watch,电子产品,电子产品,3238.09,3,9714.27,2025/02/12,华东,微信支付,completed,45,
ORD002018,人类简史,图书,图书图书,9830.25,8,78642.0,2024/02/22,西北,银行卡,refunded,18,女
ORD002019,小熊加湿器,家居,家居家居,5853.25,7,40972.75,2024/07/12,华南,微信支付,completed,61,男
ORD002020,农夫山泉,食品,食品食品,873.23,8,6985.84,2025/02/15,华东,信用卡,pending,58,女
ORD002021,AirPods Pro,电子产品,电子产品,5288.62,9,47597.58,2024/02/20,西南,支付宝,refunded,44,女
ORD002022,H&M 连衣裙,服装,服装服装,1699.33,1,1699.33,2024/10/07,华北,信用卡,completed,57,
ORD002023,思考快与慢,图书,图书图书,4235.35,1,4235.35,2025/05/14,华南,支付宝,pending,57,女
ORD002024,思考快与慢,图书,图书图书,4461.15,9,40150.35,2025/05/31,华北,信用卡,completed,41,女
ORD002025,思考快与慢,图书,图书图书,8871.35,5,44356.75,2024/02/03,西北,微信支付,pending,38,女
ORD002026,原则,图书,图书图书,8132.31,8,65058.48,2024/04/20,华东,微信支付,completed,29,女
ORD002027,iPhone 15,电子产品,电子产品,428.79,10,4287.9,2024/10/21,华南,信用卡,completed,20,女
ORD002028,百威啤酒,食品,食品食品,5560.94,8,44487.52,2024/06/11,华南,银行卡,refunded,42,男
ORD002029,Apple Watch,电子产品,电子产品,2727.71,1,2727.71,2024/09/06,西南,支付宝,completed,34,女
ORD002030,Nike Air Max,服装,服装服装,730.96,5,3654.8,2025/03/22,华东,微信支付,pending,23,男
ORD002031,三只松鼠坚果礼盒,食品,食品食品,7615.53,5,38077.65,2024/11/06,东北,微信支付,completed,27,
ORD002032,New Balance 574,服装,服装服装,5769.99,6,34619.94,2024/10/29,华东,银行卡,completed,57,女
ORD002033,三只松鼠坚果礼盒,食品,食品食品,1258.5,3,3775.5,2024/09/27,华南,信用卡,completed,24,
ORD002034,人类简史,图书,图书图书,2174.34,1,2174.34,2024/08/09,华东,微信支付,completed,39,男
ORD002035,网易严选床垫,家居,家居家居,2152.08,9,19368.72,2025/04/16,西北,微信支付,completed,47,女
ORD002036,Levi's 501,服装,服装服装,2898.94,5,14494.7,2024/06/09,西北,信用卡,completed,27,男
ORD002037,Dell XPS 15,电子产品,电子产品,7891.75,1,7891.75,2024/06/10,华北,支付宝,pending,34,女
ORD002038,戴森吸尘器,家居,家居家居,7207.72,5,36038.6,2025/05/16,东北,信用卡,completed,23,男
ORD002039,MacBook Air,电子产品,电子产品,3001.15,8,24009.2,2024/04/16,西南,支付宝,refunded,49,
ORD002040,Nike Air Max,服装,服装服装,8359.33,5,41796.65,2025/03/26,西南,银行卡,cancelled,29,男
ORD002041,iPhone 15,电子产品,电子产品,3327.39,8,26619.12,2024/04/26,东北,信用卡,pending,65,
ORD002042,算法导论,图书,图书图书,424.4,7,2970.8,2025/01/15,西南,信用卡,completed,53,
ORD002043,九阳豆浆机,家居,家居家居,606.12,5,3030.6,2024/01/17,华东,支付宝,completed,38,女
ORD002044,宜家书架,家居,家居家居,3760.75,9,33846.75,2024/09/21,西南,银行卡,completed,34,男
ORD002045,Adidas Ultraboost,服装,服装服装,6789.32,8,54314.56,2024/03/13,华东,支付宝,completed,56,
ORD002046,罗技 MX Master 3,电子产品,电子产品,3501.17,3,10503.51,2024/07/13,华中,微信支付,completed,62,女
ORD002047,罗技 MX Master 3,电子产品,电子产品,3446.59,9,31019.31,2024/04/30,华中,信用卡,cancelled,26,女
ORD002048,深入理解计算机系统,图书,图书图书,9467.75,9,85209.75,2024/07/07,华北,银行卡,pending,37,女
ORD002049,三体全集,图书,图书图书,7264.05,3,21792.15,2024/10/13,华中,支付宝,completed,46,男
ORD002050,原则,图书,图书图书,3170.52,4,12682.08,2025/02/08,华南,银行卡,cancelled,25,
ORD002051,深入理解计算机系统,图书,图书图书,5777.54,4,23110.16,2024/03/03,华东,支付宝,pending,54,男
ORD002052,三体全集,图书,图书图书,9538.83,2,19077.66,2024/05/11,华北,信用卡,completed,56,女
ORD002053,小米台灯,家居,家居家居,8646.53,10,86465.3,2025/04/13,华中,银行卡,completed,51,男
ORD002054,New Balance 574,服装,服装服装,9830.55,5,49152.75,2024/10/01,华中,微信支付,cancelled,59,男
ORD002055,Apple Watch,电子产品,电子产品,5359.72,1,5359.72,2024/08/19,华中,微信支付,refunded,60,女
ORD002056,美的电饭煲,家居,家居家居,936.96,2,1873.92,2024/08/30,华东,银行卡,completed,47,
ORD002057,茅台酒,食品,食品食品,4883.26,7,34182.82,2024/02/28,华北,支付宝,completed,43,男
ORD002058,Sony WH-1000XM5,电子产品,电子产品,9624.54,2,19249.08,2024/04/30,华中,支付宝,completed,22,女
ORD002059,良品铺子零食包,食品,食品食品,6240.6,6,37443.6,2024/11/08,华中,支付宝,completed,55,女
ORD002060,良品铺子零食包,食品,食品食品,1673.09,7,11711.63,2024/01/13,西北,微信支付,completed,45,女
ORD002061,思考快与慢,图书,图书图书,8061.57,2,16123.14,2024/11/14,东北,支付宝,pending,42,男
ORD002062,Dell XPS 15,电子产品,电子产品,6482.21,3,19446.63,2025/05/07,华北,微信支付,completed,42,男
ORD002063,宜家书架,家居,家居家居,4477.7,8,35821.6,2025/02/13,西南,微信支付,completed,52,女
ORD002064,三体全集,图书,图书图书,8796.09,4,35184.36,2024/08/04,华南,支付宝,completed,24,女
ORD002065,罗技 MX Master 3,电子产品,电子产品,9162.15,7,64135.05,2024/09/30,华北,银行卡,pending,49,
ORD002066,小米台灯,家居,家居家居,6001.61,3,18004.83,2024/07/18,西南,支付宝,completed,51,
ORD002067,Dell XPS 15,电子产品,电子产品,1643.83,2,3287.66,2024/01/01,华中,支付宝,refunded,48,男
ORD002068,Apple Watch,电子产品,电子产品,1000.02,9,9000.18,2024/11/04,华东,信用卡,completed,60,男
ORD002069,深入理解计算机系统,图书,图书图书,2067.32,7,14471.24,2025/04/18,西南,信用卡,completed,47,女
ORD002070,优衣库羽绒服,服装,服装服装,156.76,8,1254.08,2024/01/23,华东,银行卡,cancelled,45,女
ORD002071,德芙巧克力,食品,食品食品,7294.12,2,14588.24,2025/05/08,西南,支付宝,refunded,20,
ORD002072,茅台酒,食品,食品食品,2125.34,9,19128.06,2025/04/20,华南,支付宝,refunded,42,女
ORD002073,百威啤酒,食品,食品食品,6350.0,9,57150.0,2024/12/23,华中,银行卡,cancelled,63,
ORD002074,Python编程从入门到实践,图书,图书图书,3968.71,2,7937.42,2024/12/27,华南,微信支付,completed,64,男
ORD002075,Levi's 501,服装,服装服装,305.4,9,2748.6,2024/10/26,华中,微信支付,cancelled,26,女
ORD002076,三只松鼠坚果礼盒,食品,食品食品,8450.07,4,33800.28,2024/05/27,西北,微信支付,refunded,35,
ORD002077,Python编程从入门到实践,图书,图书图书,4526.24,10,45262.4,2024/04/08,东北,微信支付,pending,21,
ORD002078,算法导论,图书,图书图书,8939.49,7,62576.43,2024/09/11,华中,支付宝,pending,21,
ORD002079,Adidas Ultraboost,服装,服装服装,5031.3,7,35219.1,2024/06/15,华北,银行卡,completed,63,
ORD002080,农夫山泉,食品,食品食品,643.75,7,4506.25,2025/03/03,东北,微信支付,completed,48,
ORD002081,三体全集,图书,图书图书,5492.83,3,16478.49,2024/02/11,华中,银行卡,completed,64,女
ORD002082,茅台酒,食品,食品食品,885.27,1,885.27,2024/09/04,华南,支付宝,completed,54,女
ORD002083,H&M 连衣裙,服装,服装服装,5348.12,2,10696.24,2024/11/12,华南,信用卡,completed,44,女
ORD002084,宜家书架,家居,家居家居,3720.71,1,3720.71,2025/06/01,西南,信用卡,pending,28,女
ORD002085,罗技 MX Master 3,电子产品,电子产品,52.93,8,423.44,2024/10/06,西北,支付宝,pending,41,男
ORD002086,Sony WH-1000XM5,电子产品,电子产品,6857.27,6,41143.62,2025/05/10,西北,银行卡,pending,49,女
ORD002087,H&M 连衣裙,服装,服装服装,8749.21,5,43746.05,2024/04/14,西北,信用卡,completed,26,
ORD002088,Dell XPS 15,电子产品,电子产品,6675.32,8,53402.56,2025/04/20,西南,银行卡,pending,65,男
ORD002089,优衣库羽绒服,服装,服装服装,5627.02,5,28135.1,2024/04/05,华北,支付宝,cancelled,45,
ORD002090,德芙巧克力,食品,食品食品,5548.25,4,22193.0,2024/01/25,华北,微信支付,completed,42,女
ORD002091,原则,图书,图书图书,8246.66,3,24739.98,2024/08/13,华南,支付宝,completed,24,女
ORD002092,Nike Air Max,服装,服装服装,9129.86,2,18259.72,2024/09/02,华北,信用卡,completed,41,男
ORD002093,AirPods Pro,电子产品,电子产品,5315.82,6,31894.92,2024/01/26,西南,信用卡,cancelled,27,男
ORD002094,H&M 连衣裙,服装,服装服装,8512.75,9,76614.75,2024/08/08,西南,支付宝,pending,40,男
ORD002095,北面冲锋衣,服装,服装服装,3769.88,2,7539.76,2024/12/15,西北,银行卡,pending,27,女
ORD002096,戴森吸尘器,家居,家居家居,3146.34,5,15731.7,2025/01/05,华东,银行卡,completed,38,女
ORD002097,德芙巧克力,食品,食品食品,7031.68,10,70316.8,2024/02/17,华北,信用卡,completed,65,女
ORD002098,三只松鼠坚果礼盒,食品,食品食品,4251.79,5,21258.95,2024/11/30,华北,微信支付,completed,58,男
ORD002099,Levi's 501,服装,服装服装,5531.9,5,27659.5,2024/01/29,东北,银行卡,completed,52,女
ORD002100,美的电饭煲,家居,家居家居,1465.66,7,10259.62,2025/05/25,华东,信用卡,completed,63,
ORD002101,iPhone 15,电子产品,电子产品,8078.14,5,40390.7,2024/01/17,东北,银行卡,pending,47,女
ORD002102,宜家书架,家居,家居家居,9909.56,6,59457.36,2025/05/13,东北,信用卡,completed,44,
ORD002103,Dell XPS 15,电子产品,电子产品,7504.76,3,22514.28,2024/05/02,华东,支付宝,refunded,45,女
ORD002104,New Balance 574,服装,服装服装,9350.56,1,9350.56,2024/02/02,华中,支付宝,completed,28,
ORD002105,美的电饭煲,家居,家居家居,9790.59,1,9790.59,2025/03/26,西南,信用卡,completed,31,女
ORD002106,深入理解计算机系统,图书,图书图书,1523.28,6,9139.68,2024/07/13,华南,微信支付,pending,21,女
ORD002107,Adidas Ultraboost,服装,服装服装,5952.59,1,5952.59,2025/05/12,东北,信用卡,refunded,61,男
ORD002108,人类简史,图书,图书图书,2849.06,9,25641.54,2024/10/05,东北,微信支付,completed,39,
ORD002109,MacBook Air,电子产品,电子产品,9662.09,1,9662.09,2024/11/12,华北,支付宝,completed,33,男
ORD002110,Kindle Paperwhite,电子产品,电子产品,7458.94,5,37294.7,2025/02/01,华北,微信支付,pending,39,男
ORD002111,美的电饭煲,家居,家居家居,279.5,7,1956.5,2024/02/06,华北,微信支付,cancelled,35,男
ORD002112,Apple Watch,电子产品,电子产品,3142.74,6,18856.44,2025/03/06,西北,银行卡,completed,59,男
ORD002113,Python编程从入门到实践,图书,图书图书,3404.01,9,30636.09,2024/01/10,东北,微信支付,pending,52,
ORD002114,星巴克咖啡豆,食品,食品食品,2220.57,1,2220.57,2025/05/29,西北,银行卡,completed,65,女
ORD002115,三体全集,图书,图书图书,991.19,1,991.19,2024/06/13,华北,支付宝,completed,28,
ORD002116,美的电饭煲,家居,家居家居,9819.9,7,68739.3,2024/08/20,华东,银行卡,completed,36,女
ORD002117,AirPods Pro,电子产品,电子产品,870.4,2,1740.8,2024/08/01,华南,支付宝,cancelled,50,
ORD002118,优衣库羽绒服,服装,服装服装,1714.39,8,13715.12,2024/04/21,华东,信用卡,completed,43,
ORD002119,Nike Air Max,服装,服装服装,4785.51,9,43069.59,2024/08/05,华东,微信支付,completed,20,女
ORD002120,Kindle Paperwhite,电子产品,电子产品,9873.97,3,29621.91,2024/04/20,东北,银行卡,pending,37,女
ORD002121,百威啤酒,食品,食品食品,3527.13,9,31744.17,2024/08/20,华北,信用卡,completed,62,男
ORD002122,Dell XPS 15,电子产品,电子产品,5473.85,3,16421.55,2024/08/23,西北,微信支付,cancelled,26,女
ORD002123,德芙巧克力,食品,食品食品,6631.85,10,66318.5,2024/02/26,华东,信用卡,completed,61,女
ORD002124,Python编程从入门到实践,图书,图书图书,4978.29,6,29869.74,2024/10/25,西北,微信支付,refunded,55,
ORD002125,农夫山泉,食品,食品食品,3203.31,3,9609.93,2025/04/30,东北,信用卡,completed,27,男
ORD002126,iPad Air,电子产品,电子产品,490.78,5,2453.9,2024/12/25,华中,信用卡,pending,59,女
ORD002127,原则,图书,图书图书,4237.82,5,21189.1,2025/01/25,西南,支付宝,completed,51,女
ORD002128,深入理解计算机系统,图书,图书图书,9439.94,9,84959.46,2025/01/25,华北,支付宝,cancelled,54,女
ORD002129,北面冲锋衣,服装,服装服装,582.9,6,3497.4,2025/01/19,华北,信用卡,pending,48,
ORD002130,小熊加湿器,家居,家居家居,3756.94,4,15027.76,2024/05/01,华南,银行卡,refunded,18,男
ORD002131,九阳豆浆机,家居,家居家居,4216.39,8,33731.12,2024/06/03,华中,银行卡,cancelled,32,女
ORD002132,Sony WH-1000XM5,电子产品,电子产品,8973.19,10,89731.9,2024/02/10,华北,银行卡,completed,18,
ORD002133,Apple Watch,电子产品,电子产品,7201.68,2,14403.36,2024/07/21,华中,支付宝,cancelled,43,女
ORD002134,百威啤酒,食品,食品食品,4448.33,5,22241.65,2025/03/03,华南,信用卡,pending,39,女
ORD002135,Zara 西装外套,服装,服装服装,532.68,4,2130.72,2025/02/10,华南,银行卡,refunded,64,女
ORD002136,小熊加湿器,家居,家居家居,46.24,4,184.96,2024/04/27,西北,信用卡,completed,32,女
ORD002137,Adidas Ultraboost,服装,服装服装,2822.44,8,22579.52,2024/04/14,华北,支付宝,completed,52,男
ORD002138,算法导论,图书,图书图书,8543.76,6,51262.56,2024/07/20,华中,支付宝,completed,31,女
ORD002139,网易严选床垫,家居,家居家居,3609.7,8,28877.6,2024/08/12,西北,支付宝,completed,50,女
ORD002140,三只松鼠坚果礼盒,食品,食品食品,6760.77,10,67607.7,2024/08/11,华北,支付宝,completed,47,
ORD002141,三只松鼠坚果礼盒,食品,食品食品,8804.27,10,88042.7,2024/03/18,华中,银行卡,completed,35,女
ORD002142,思考快与慢,图书,图书图书,4480.93,6,26885.58,2024/09/21,东北,信用卡,cancelled,49,女
ORD002143,小米台灯,家居,家居家居,1143.64,4,4574.56,2024/06/09,东北,微信支付,refunded,50,男
ORD002144,原则,图书,图书图书,6800.46,5,34002.3,2024/05/06,东北,信用卡,completed,53,
ORD002145,网易严选床垫,家居,家居家居,9729.97,1,9729.97,2024/10/14,西南,信用卡,completed,24,男
ORD002146,三体全集,图书,图书图书,6507.68,2,13015.36,2024/07/22,华东,信用卡,completed,18,女
ORD002147,Apple Watch,电子产品,电子产品,3175.96,1,3175.96,2025/05/29,西北,信用卡,completed,44,
ORD002148,Python编程从入门到实践,图书,图书图书,6641.26,6,39847.56,2024/12/02,西南,支付宝,completed,63,
ORD002149,美的电饭煲,家居,家居家居,5017.09,10,50170.9,2024/03/02,西南,信用卡,pending,38,
ORD002150,戴森吸尘器,家居,家居家居,5276.7,4,21106.8,2024/11/15,东北,微信支付,pending,25,男
ORD002151,良品铺子零食包,食品,食品食品,3951.67,8,31613.36,2024/12/28,华东,银行卡,refunded,41,
ORD002152,Sony WH-1000XM5,电子产品,电子产品,3169.98,9,28529.82,2024/01/20,西北,银行卡,pending,44,女
ORD002153,Sony WH-1000XM5,电子产品,电子产品,5173.34,4,20693.36,2024/04/03,华北,银行卡,completed,61,男
ORD002154,Nike Air Max,服装,服装服装,2322.58,9,20903.22,2024/10/08,东北,微信支付,completed,55,女
ORD002155,农夫山泉,食品,食品食品,5917.84,8,47342.72,2024/10/28,西南,微信支付,completed,59,男
ORD002156,茅台酒,食品,食品食品,6276.44,2,12552.88,2024/03/04,华中,信用卡,completed,45,男
ORD002157,思考快与慢,图书,图书图书,2118.04,10,21180.4,2024/09/08,西北,支付宝,completed,31,男
ORD002158,Kindle Paperwhite,电子产品,电子产品,613.55,5,3067.75,2024/04/04,华北,银行卡,completed,46,男
ORD002159,小米台灯,家居,家居家居,5437.88,3,16313.64,2024/05/21,华北,支付宝,pending,25,女
ORD002160,iPhone 15,电子产品,电子产品,2123.56,4,8494.24,2024/10/09,华南,银行卡,refunded,24,
ORD002161,茅台酒,食品,食品食品,3556.09,1,3556.09,2024/09/23,华中,微信支付,refunded,24,男
ORD002162,人类简史,图书,图书图书,2617.03,10,26170.3,2024/11/10,华东,支付宝,completed,37,女
ORD002163,原则,图书,图书图书,1197.91,1,1197.91,2024/01/13,西北,微信支付,completed,34,男
ORD002164,Sony WH-1000XM5,电子产品,电子产品,6838.6,6,41031.6,2025/05/10,东北,支付宝,refunded,65,女
ORD002165,New Balance 574,服装,服装服装,1048.86,9,9439.74,2025/05/11,西南,微信支付,completed,58,
ORD002166,Adidas Ultraboost,服装,服装服装,4403.1,1,4403.1,2024/12/01,华南,信用卡,completed,26,男
ORD002167,Dell XPS 15,电子产品,电子产品,7821.06,5,39105.3,2024/08/25,华北,支付宝,pending,53,
ORD002168,MacBook Air,电子产品,电子产品,4321.84,4,17287.36,2024/02/16,华中,银行卡,refunded,49,男
ORD002169,Sony WH-1000XM5,电子产品,电子产品,3506.51,10,35065.1,2024/12/17,西北,支付宝,completed,34,
ORD002170,Zara 西装外套,服装,服装服装,9523.01,1,9523.01,2024/08/04,华南,微信支付,completed,29,女
ORD002171,New Balance 574,服装,服装服装,4739.83,10,47398.3,2024/04/01,西北,信用卡,completed,19,女
ORD002172,MacBook Air,电子产品,电子产品,7361.42,6,44168.52,2024/02/16,华中,微信支付,refunded,59,男
ORD002173,iPad Air,电子产品,电子产品,946.77,6,5680.62,2024/09/26,西北,微信支付,completed,40,男
ORD002174,Levi's 501,服装,服装服装,3772.08,2,7544.16,2024/07/03,华南,信用卡,completed,20,
ORD002175,iPhone 15,电子产品,电子产品,2183.53,3,6550.59,2025/01/05,东北,微信支付,refunded,45,女
ORD002176,Apple Watch,电子产品,电子产品,6069.46,7,42486.22,2024/05/22,华中,微信支付,completed,44,
ORD002177,百威啤酒,食品,食品食品,6285.19,6,37711.14,2025/04/29,西北,银行卡,completed,25,男
ORD002178,农夫山泉,食品,食品食品,7463.75,8,59710.0,2025/03/11,华中,银行卡,completed,59,
ORD002179,Samsung Galaxy S24,电子产品,电子产品,9671.84,3,29015.52,2024/05/18,西北,微信支付,pending,57,
ORD002180,人类简史,图书,图书图书,7012.21,2,14024.42,2024/07/24,西北,银行卡,completed,37,
ORD002181,iPad Air,电子产品,电子产品,3970.49,9,35734.41,2025/02/25,华北,微信支付,pending,31,男
ORD002182,德芙巧克力,食品,食品食品,7631.12,2,15262.24,2025/03/11,西北,微信支付,completed,18,
ORD002183,Levi's 501,服装,服装服装,9980.41,8,79843.28,2025/05/20,西北,微信支付,pending,40,女
ORD002184,Nike Air Max,服装,服装服装,3078.88,1,3078.88,2024/05/06,华北,支付宝,cancelled,47,女
ORD002185,网易严选床垫,家居,家居家居,2265.69,7,15859.83,2024/11/10,东北,银行卡,refunded,64,女
ORD002186,算法导论,图书,图书图书,3057.53,2,6115.06,2024/12/02,东北,信用卡,completed,28,
ORD002187,原则,图书,图书图书,5068.32,9,45614.88,2024/01/28,华东,微信支付,cancelled,45,
ORD002188,网易严选床垫,家居,家居家居,1854.56,8,14836.48,2024/11/15,华中,信用卡,pending,51,
ORD002189,Samsung Galaxy S24,电子产品,电子产品,3494.8,1,3494.8,2025/03/31,华北,微信支付,completed,43,女
ORD002190,人类简史,图书,图书图书,3210.77,10,32107.7,2025/05/26,西北,微信支付,completed,45,女
ORD002191,美的电饭煲,家居,家居家居,4121.23,5,20606.15,2024/07/18,东北,银行卡,completed,39,女
ORD002192,Samsung Galaxy S24,电子产品,电子产品,6762.06,5,33810.3,2025/01/19,西南,微信支付,cancelled,38,
ORD002193,New Balance 574,服装,服装服装,9748.62,6,58491.72,2025/05/14,华中,支付宝,cancelled,48,女
ORD002194,星巴克咖啡豆,食品,食品食品,4788.07,6,28728.42,2024/12/14,东北,支付宝,completed,26,男
ORD002195,人类简史,图书,图书图书,2754.09,1,2754.09,2025/02/27,西北,信用卡,pending,22,女
ORD002196,美的电饭煲,家居,家居家居,5922.21,7,41455.47,2025/06/01,西北,微信支付,pending,26,
ORD002197,Levi's 501,服装,服装服装,4383.48,2,8766.96,2024/11/14,华东,信用卡,pending,26,
ORD002198,三只松鼠坚果礼盒,食品,食品食品,8697.35,8,69578.8,2024/05/30,华南,支付宝,completed,22,
ORD002199,蒙牛纯牛奶,食品,食品食品,211.61,1,211.61,2025/04/08,华北,银行卡,completed,58,男
ORD002200,Sony WH-1000XM5,电子产品,电子产品,2728.92,7,19102.44,2024/12/09,华东,微信支付,pending,51,女
ORD002201,小熊加湿器,家居,家居家居,3449.41,6,20696.46,2024/09/02,华北,银行卡,completed,38,男
ORD002202,原则,图书,图书图书,6571.14,6,39426.84,2024/10/02,华南,银行卡,completed,65,女
ORD002203,小米台灯,家居,家居家居,4192.65,1,4192.65,2024/02/09,华东,信用卡,cancelled,28,
ORD002204,戴森吸尘器,家居,家居家居,3717.3,9,33455.7,2024/03/12,华北,支付宝,completed,29,男
ORD002205,深入理解计算机系统,图书,图书图书,6569.48,3,19708.44,2024/12/11,华南,支付宝,pending,51,女
ORD002206,思考快与慢,图书,图书图书,2136.33,1,2136.33,2024/12/23,华南,银行卡,completed,30,
ORD002207,三体全集,图书,图书图书,6365.52,9,57289.68,2024/09/15,华中,银行卡,refunded,53,
ORD002208,人类简史,图书,图书图书,4093.24,6,24559.44,2024/02/06,华北,微信支付,completed,51,
ORD002209,Kindle Paperwhite,电子产品,电子产品,9393.05,6,56358.3,2024/09/12,华南,支付宝,completed,59,男
ORD002210,三体全集,图书,图书图书,6387.62,5,31938.1,2024/10/17,华中,支付宝,completed,24,女
ORD002211,蒙牛纯牛奶,食品,食品食品,2459.41,9,22134.69,2024/03/14,西南,信用卡,refunded,65,男
ORD002212,Apple Watch,电子产品,电子产品,4694.63,8,37557.04,2025/03/05,东北,微信支付,refunded,47,男
ORD002213,Adidas Ultraboost,服装,服装服装,8102.25,3,24306.75,2024/08/11,华南,微信支付,refunded,58,女
ORD002214,三只松鼠坚果礼盒,食品,食品食品,6305.98,10,63059.8,2024/07/03,华北,信用卡,completed,65,
ORD002215,星巴克咖啡豆,食品,食品食品,7684.94,6,46109.64,2024/03/04,华中,银行卡,completed,57,男
ORD002216,Kindle Paperwhite,电子产品,电子产品,7231.04,5,36155.2,2024/07/05,华中,支付宝,completed,34,男
ORD002217,蒙牛纯牛奶,食品,食品食品,7427.88,7,51995.16,2025/02/24,西北,银行卡,completed,64,女
ORD002218,星巴克咖啡豆,食品,食品食品,8028.53,7,56199.71,2024/08/30,华北,支付宝,completed,42,女
ORD002219,iPad Air,电子产品,电子产品,2674.17,8,21393.36,2024/10/08,西北,信用卡,completed,19,
ORD002220,茅台酒,食品,食品食品,8525.8,3,25577.4,2024/10/17,华中,支付宝,completed,37,女
ORD002221,iPad Air,电子产品,电子产品,5475.74,8,43805.92,2025/04/22,东北,银行卡,completed,62,女
ORD002222,网易严选床垫,家居,家居家居,888.33,8,7106.64,2024/01/01,华东,支付宝,completed,56,男
ORD002223,小熊加湿器,家居,家居家居,8349.7,9,75147.3,2024/11/17,西南,微信支付,completed,54,女
ORD002224,iPhone 15,电子产品,电子产品,6348.9,2,12697.8,2024/11/28,西南,银行卡,completed,27,女
ORD002225,戴森吸尘器,家居,家居家居,4615.22,3,13845.66,2024/04/02,西北,信用卡,completed,38,
ORD002226,Zara 西装外套,服装,服装服装,8940.44,4,35761.76,2025/02/16,西南,银行卡,pending,48,男
ORD002227,优衣库羽绒服,服装,服装服装,3311.53,4,13246.12,2024/06/11,西南,支付宝,completed,47,女
ORD002228,Levi's 501,服装,服装服装,5823.31,2,11646.62,2024/09/03,东北,银行卡,cancelled,42,男
ORD002229,iPad Air,电子产品,电子产品,1933.46,9,17401.14,2025/05/10,东北,支付宝,completed,24,男
ORD002230,九阳豆浆机,家居,家居家居,2701.8,1,2701.8,2025/01/12,西南,微信支付,pending,59,男
ORD002231,Apple Watch,电子产品,电子产品,621.87,4,2487.48,2024/02/05,东北,银行卡,completed,18,男
ORD002232,思考快与慢,图书,图书图书,448.34,4,1793.36,2024/11/11,华中,信用卡,completed,63,
ORD002233,德芙巧克力,食品,食品食品,9799.33,1,9799.33,2024/09/19,华中,支付宝,completed,55,
ORD002234,农夫山泉,食品,食品食品,505.83,5,2529.15,2025/05/20,华南,信用卡,completed,61,女
ORD002235,Sony WH-1000XM5,电子产品,电子产品,6439.31,7,45075.17,2024/07/01,华北,信用卡,cancelled,50,男
ORD002236,九阳豆浆机,家居,家居家居,5741.02,7,40187.14,2024/01/12,西南,微信支付,completed,38,女
ORD002237,农夫山泉,食品,食品食品,9204.72,1,9204.72,2024/03/06,西北,支付宝,completed,45,男
ORD002238,百威啤酒,食品,食品食品,5918.57,4,23674.28,2024/10/04,华东,微信支付,completed,36,男
ORD002239,北面冲锋衣,服装,服装服装,6684.96,9,60164.64,2024/03/13,华中,银行卡,pending,59,
ORD002240,星巴克咖啡豆,食品,食品食品,9350.21,4,37400.84,2024/05/17,华南,微信支付,completed,51,
ORD002241,思考快与慢,图书,图书图书,7569.03,4,30276.12,2024/12/24,华南,银行卡,completed,50,女
ORD002242,三体全集,图书,图书图书,4900.69,2,9801.38,2024/06/06,东北,银行卡,cancelled,33,
ORD002243,美的电饭煲,家居,家居家居,119.03,9,1071.27,2025/04/27,西南,银行卡,completed,50,女
ORD002244,美的电饭煲,家居,家居家居,4256.93,8,34055.44,2025/04/28,西南,银行卡,completed,64,男
ORD002245,Kindle Paperwhite,电子产品,电子产品,2863.86,9,25774.74,2024/07/30,东北,支付宝,completed,53,
ORD002246,星巴克咖啡豆,食品,食品食品,2419.9,9,21779.1,2024/01/01,华北,信用卡,cancelled,56,
ORD002247,小熊加湿器,家居,家居家居,3191.94,7,22343.58,2024/03/16,华中,微信支付,completed,48,男
ORD002248,原则,图书,图书图书,8012.39,6,48074.34,2024/05/19,华中,银行卡,pending,62,
ORD002249,三体全集,图书,图书图书,3500.82,4,14003.28,2024/05/21,华中,信用卡,completed,27,女
ORD002250,人类简史,图书,图书图书,5848.63,7,40940.41,2025/03/03,西北,微信支付,pending,31,
ORD002251,Adidas Ultraboost,服装,服装服装,3010.98,8,24087.84,2024/11/14,西北,微信支付,completed,18,男
ORD002252,Apple Watch,电子产品,电子产品,5685.04,10,56850.4,2024/12/07,西北,银行卡,completed,41,女
ORD002253,良品铺子零食包,食品,食品食品,2559.14,6,15354.84,2025/03/24,华东,银行卡,completed,38,男
ORD002254,iPhone 15,电子产品,电子产品,5317.55,1,5317.55,2024/10/11,华南,银行卡,completed,53,女
ORD002255,深入理解计算机系统,图书,图书图书,1386.94,4,5547.76,2024/02/20,西北,信用卡,completed,60,女
ORD002256,小米台灯,家居,家居家居,9974.56,5,49872.8,2024/07/26,华北,微信支付,completed,35,女
ORD002257,MacBook Air,电子产品,电子产品,822.96,10,8229.6,2024/10/18,西北,微信支付,completed,53,女
ORD002258,Python编程从入门到实践,图书,图书图书,7610.32,4,30441.28,2024/03/03,华北,信用卡,pending,19,女
ORD002259,New Balance 574,服装,服装服装,2575.34,6,15452.04,2025/01/17,东北,信用卡,completed,54,男
ORD002260,优衣库羽绒服,服装,服装服装,2372.85,2,4745.7,2024/07/07,华中,信用卡,pending,58,
ORD002261,三体全集,图书,图书图书,1325.36,4,5301.44,2025/01/26,西北,信用卡,refunded,53,女
ORD002262,茅台酒,食品,食品食品,4717.74,10,47177.4,2024/09/19,西南,银行卡,pending,25,男
ORD002263,Python编程从入门到实践,图书,图书图书,290.29,4,1161.16,2024/09/08,华南,支付宝,completed,62,男
ORD002264,良品铺子零食包,食品,食品食品,528.78,10,5287.8,2025/04/23,华中,微信支付,completed,46,女
ORD002265,思考快与慢,图书,图书图书,1996.41,8,15971.28,2025/02/12,华中,支付宝,completed,50,男
ORD002266,良品铺子零食包,食品,食品食品,6921.98,9,62297.82,2024/04/24,东北,信用卡,completed,58,女
ORD002267,罗技 MX Master 3,电子产品,电子产品,8770.9,4,35083.6,2024/04/15,华北,银行卡,completed,51,女
ORD002268,蒙牛纯牛奶,食品,食品食品,3989.37,8,31914.96,2024/04/29,西北,银行卡,completed,40,男
ORD002269,Kindle Paperwhite,电子产品,电子产品,9345.82,1,9345.82,2024/10/27,东北,支付宝,completed,54,女
ORD002270,原则,图书,图书图书,9101.71,5,45508.55,2024/12/01,华中,银行卡,completed,44,女
ORD002271,深入理解计算机系统,图书,图书图书,7533.24,9,67799.16,2024/12/10,华南,信用卡,refunded,59,男
ORD002272,思考快与慢,图书,图书图书,1259.42,10,12594.2,2024/10/03,华南,微信支付,completed,54,男
ORD002273,宜家书架,家居,家居家居,9538.66,7,66770.62,2025/02/08,西北,银行卡,completed,64,女
ORD002274,网易严选床垫,家居,家居家居,9945.34,4,39781.36,2025/03/03,华北,支付宝,completed,65,男
ORD002275,H&M 连衣裙,服装,服装服装,4603.07,4,18412.28,2024/12/04,华中,支付宝,completed,45,女
ORD002276,德芙巧克力,食品,食品食品,7509.52,5,37547.6,2024/07/27,华北,微信支付,completed,24,男
ORD002277,深入理解计算机系统,图书,图书图书,6322.3,7,44256.1,2025/05/14,西南,微信支付,completed,37,
ORD002278,网易严选床垫,家居,家居家居,1619.63,6,9717.78,2024/08/04,东北,信用卡,completed,53,
ORD002279,网易严选床垫,家居,家居家居,5717.28,10,57172.8,2024/09/09,华东,支付宝,completed,53,
ORD002280,蒙牛纯牛奶,食品,食品食品,401.83,9,3616.47,2024/08/15,华东,微信支付,completed,40,女
ORD002281,人类简史,图书,图书图书,5397.73,3,16193.19,2024/01/02,华东,支付宝,completed,43,男
ORD002282,三只松鼠坚果礼盒,食品,食品食品,7526.93,2,15053.86,2024/02/26,华中,银行卡,refunded,22,
ORD002283,网易严选床垫,家居,家居家居,9881.49,4,39525.96,2025/04/28,华中,信用卡,cancelled,56,女
ORD002284,Zara 西装外套,服装,服装服装,800.49,9,7204.41,2025/03/19,华中,银行卡,completed,43,
ORD002285,美的电饭煲,家居,家居家居,8104.94,9,72944.46,2024/03/15,华东,微信支付,cancelled,40,男
ORD002286,Python编程从入门到实践,图书,图书图书,6603.84,2,13207.68,2024/02/02,华东,银行卡,completed,39,女
ORD002287,原则,图书,图书图书,4831.32,1,4831.32,2024/10/03,西南,支付宝,pending,57,
ORD002288,深入理解计算机系统,图书,图书图书,7288.31,6,43729.86,2024/12/22,华东,微信支付,pending,50,
ORD002289,Apple Watch,电子产品,电子产品,3756.27,7,26293.89,2024/05/23,西北,银行卡,pending,46,女
ORD002290,Samsung Galaxy S24,电子产品,电子产品,3028.8,10,30288.0,2025/03/28,华北,银行卡,completed,56,
ORD002291,美的电饭煲,家居,家居家居,288.07,10,2880.7,2024/09/20,西南,信用卡,completed,55,
ORD002292,德芙巧克力,食品,食品食品,1060.25,3,3180.75,2024/12/08,华北,银行卡,completed,24,女
ORD002293,H&M 连衣裙,服装,服装服装,5176.93,7,36238.51,2024/09/05,东北,微信支付,completed,27,女
ORD002294,三体全集,图书,图书图书,9495.95,8,75967.6,2024/09/15,西南,支付宝,completed,45,女
ORD002295,美的电饭煲,家居,家居家居,7990.02,7,55930.14,2024/02/13,西北,银行卡,completed,23,女
ORD002296,宜家书架,家居,家居家居,3584.0,7,25088.0,2024/06/02,西南,信用卡,completed,44,女
ORD002297,小米台灯,家居,家居家居,7275.9,6,43655.4,2024/08/11,西南,支付宝,pending,28,
ORD002298,iPhone 15,电子产品,电子产品,6430.4,8,51443.2,2025/02/21,西南,微信支付,refunded,28,女
ORD002299,九阳豆浆机,家居,家居家居,4174.76,8,33398.08,2024/10/24,华中,支付宝,completed,26,男
ORD002300,原则,图书,图书图书,6641.08,4,26564.32,2025/05/09,西南,银行卡,completed,43,
ORD002301,思考快与慢,图书,图书图书,8070.68,7,56494.76,2024/11/02,华东,信用卡,completed,59,男
ORD002302,星巴克咖啡豆,食品,食品食品,1837.96,8,14703.68,2025/04/20,华东,信用卡,completed,51,男
ORD002303,小熊加湿器,家居,家居家居,2252.27,7,15765.89,2025/02/27,西北,银行卡,completed,41,女
ORD002304,Dell XPS 15,电子产品,电子产品,5230.11,7,36610.77,2024/02/07,华南,银行卡,pending,24,女
ORD002305,小熊加湿器,家居,家居家居,6665.43,9,59988.87,2024/09/04,华北,银行卡,pending,62,
ORD002306,茅台酒,食品,食品食品,1130.6,3,3391.8,2025/03/17,东北,支付宝,completed,55,女
ORD002307,Apple Watch,电子产品,电子产品,7307.79,10,73077.9,2024/08/22,华北,银行卡,refunded,62,
ORD002308,算法导论,图书,图书图书,6706.86,10,67068.6,2024/04/05,西北,银行卡,completed,47,
ORD002309,良品铺子零食包,食品,食品食品,3111.65,3,9334.95,2025/02/19,东北,银行卡,completed,18,女
ORD002310,优衣库羽绒服,服装,服装服装,5551.4,10,55514.0,2024/12/23,西南,信用卡,refunded,21,女
ORD002311,良品铺子零食包,食品,食品食品,1136.42,2,2272.84,2025/03/18,东北,支付宝,completed,36,女
ORD002312,宜家书架,家居,家居家居,2630.18,9,23671.62,2024/02/11,华中,微信支付,completed,23,女
ORD002313,蒙牛纯牛奶,食品,食品食品,2783.13,1,2783.13,2024/11/12,华北,支付宝,completed,50,女
ORD002314,Nike Air Max,服装,服装服装,8261.79,6,49570.74,2025/04/03,华南,微信支付,completed,20,
ORD002315,宜家书架,家居,家居家居,3118.64,3,9355.92,2024/10/30,华南,银行卡,completed,42,女
ORD002316,北面冲锋衣,服装,服装服装,7111.2,3,21333.6,2024/04/21,华北,信用卡,completed,44,男
ORD002317,人类简史,图书,图书图书,7940.32,3,23820.96,2024/12/04,华北,微信支付,completed,35,男
ORD002318,蒙牛纯牛奶,食品,食品食品,8488.24,4,33952.96,2024/11/09,华南,银行卡,completed,30,男
ORD002319,茅台酒,食品,食品食品,1247.33,9,11225.97,2024/10/27,西北,微信支付,refunded,39,女
ORD002320,人类简史,图书,图书图书,9353.61,2,18707.22,2024/01/17,西南,支付宝,completed,31,男
ORD002321,三体全集,图书,图书图书,3958.48,5,19792.4,2024/04/17,华东,支付宝,cancelled,19,女
ORD002322,Kindle Paperwhite,电子产品,电子产品,4717.22,4,18868.88,2024/04/06,华南,信用卡,completed,50,
ORD002323,深入理解计算机系统,图书,图书图书,3736.02,4,14944.08,2024/10/09,华南,银行卡,completed,23,女
ORD002324,优衣库羽绒服,服装,服装服装,2251.31,10,22513.1,2024/07/19,华北,信用卡,completed,57,
ORD002325,网易严选床垫,家居,家居家居,4153.36,3,12460.08,2024/05/31,华东,支付宝,pending,57,男
ORD002326,Python编程从入门到实践,图书,图书图书,8908.66,9,80177.94,2024/10/31,西南,信用卡,refunded,36,
ORD002327,Sony WH-1000XM5,电子产品,电子产品,672.04,8,5376.32,2024/10/24,东北,支付宝,completed,61,男
ORD002328,MacBook Air,电子产品,电子产品,831.84,5,4159.2,2025/03/28,华北,支付宝,refunded,65,女
ORD002329,Adidas Ultraboost,服装,服装服装,3494.41,8,27955.28,2024/02/20,东北,支付宝,pending,20,女
ORD002330,良品铺子零食包,食品,食品食品,8264.2,6,49585.2,2024/09/13,东北,信用卡,pending,54,
ORD002331,小熊加湿器,家居,家居家居,6164.83,3,18494.49,2024/11/05,华东,信用卡,completed,56,男
ORD002332,优衣库羽绒服,服装,服装服装,3067.01,9,27603.09,2024/04/05,华南,微信支付,completed,39,
ORD002333,Nike Air Max,服装,服装服装,4151.95,1,4151.95,2024/07/02,东北,银行卡,pending,43,
ORD002334,美的电饭煲,家居,家居家居,4039.99,4,16159.96,2025/04/11,西南,微信支付,completed,43,
ORD002335,蒙牛纯牛奶,食品,食品食品,3471.51,5,17357.55,2024/02/07,西北,微信支付,pending,41,
ORD002336,宜家书架,家居,家居家居,3466.26,2,6932.52,2024/03/30,华北,微信支付,refunded,48,女
ORD002337,德芙巧克力,食品,食品食品,85.66,5,428.3,2025/05/11,西南,支付宝,pending,41,女
ORD002338,原则,图书,图书图书,8199.4,8,65595.2,2024/10/12,华中,银行卡,completed,35,男
ORD002339,三体全集,图书,图书图书,8224.31,4,32897.24,2024/03/11,西南,信用卡,completed,60,女
ORD002340,戴森吸尘器,家居,家居家居,5934.38,5,29671.9,2024/10/26,华南,支付宝,completed,38,男
ORD002341,Dell XPS 15,电子产品,电子产品,6167.74,1,6167.74,2024/08/28,华南,信用卡,completed,59,男
ORD002342,H&M 连衣裙,服装,服装服装,7746.29,2,15492.58,2024/07/12,华东,信用卡,completed,62,
ORD002343,百威啤酒,食品,食品食品,3756.15,6,22536.9,2025/03/30,西北,信用卡,completed,53,男
ORD002344,宜家书架,家居,家居家居,458.58,10,4585.8,2024/04/03,西北,银行卡,pending,58,
ORD002345,小熊加湿器,家居,家居家居,620.12,3,1860.36,2024/01/16,华南,微信支付,completed,43,
ORD002346,深入理解计算机系统,图书,图书图书,1769.64,4,7078.56,2024/02/05,东北,银行卡,completed,31,女
ORD002347,算法导论,图书,图书图书,8687.01,7,60809.07,2024/07/27,东北,微信支付,completed,26,男
ORD002348,网易严选床垫,家居,家居家居,2422.61,8,19380.88,2024/06/02,西北,支付宝,completed,38,女
ORD002349,良品铺子零食包,食品,食品食品,3658.01,2,7316.02,2024/09/30,西北,支付宝,completed,19,女
ORD002350,优衣库羽绒服,服装,服装服装,7215.44,7,50508.08,2025/04/12,华南,银行卡,cancelled,56,女
ORD002351,MacBook Air,电子产品,电子产品,8693.03,6,52158.18,2025/03/15,东北,微信支付,completed,62,
ORD002352,Zara 西装外套,服装,服装服装,4194.26,4,16777.04,2024/12/30,华中,信用卡,completed,27,
ORD002353,北面冲锋衣,服装,服装服装,145.72,4,582.88,2024/09/05,华中,信用卡,pending,25,女
ORD002354,Zara 西装外套,服装,服装服装,2193.84,6,13163.04,2024/02/14,西南,信用卡,completed,49,男
ORD002355,算法导论,图书,图书图书,9683.83,8,77470.64,2024/03/19,华东,银行卡,completed,51,
ORD002356,Levi's 501,服装,服装服装,9838.89,1,9838.89,2024/12/13,华北,信用卡,completed,40,
ORD002357,农夫山泉,食品,食品食品,1804.5,2,3609.0,2025/01/01,华中,微信支付,pending,59,
ORD002358,Sony WH-1000XM5,电子产品,电子产品,1247.88,6,7487.28,2025/01/26,华北,信用卡,pending,55,
ORD002359,三体全集,图书,图书图书,1169.57,10,11695.7,2025/04/26,东北,支付宝,refunded,25,
ORD002360,人类简史,图书,图书图书,3743.99,9,33695.91,2024/10/16,东北,支付宝,pending,33,男
ORD002361,New Balance 574,服装,服装服装,3737.83,5,18689.15,2024/09/02,东北,银行卡,completed,46,
ORD002362,三只松鼠坚果礼盒,食品,食品食品,361.69,7,2531.83,2024/11/08,东北,微信支付,pending,42,
ORD002363,百威啤酒,食品,食品食品,9381.1,7,65667.7,2025/01/27,西北,信用卡,completed,19,女
ORD002364,蒙牛纯牛奶,食品,食品食品,1012.53,10,10125.3,2024/10/17,华北,银行卡,completed,21,男
ORD002365,农夫山泉,食品,食品食品,8942.93,9,80486.37,2024/02/28,华东,微信支付,pending,36,
ORD002366,九阳豆浆机,家居,家居家居,1118.25,5,5591.25,2025/04/05,东北,微信支付,completed,52,男
ORD002367,Dell XPS 15,电子产品,电子产品,1591.63,1,1591.63,2024/09/29,华中,微信支付,completed,38,男
ORD002368,茅台酒,食品,食品食品,7884.22,2,15768.44,2024/09/19,东北,微信支付,completed,50,
ORD002369,Levi's 501,服装,服装服装,8332.06,4,33328.24,2025/05/20,东北,微信支付,completed,53,
ORD002370,思考快与慢,图书,图书图书,2853.79,9,25684.11,2024/04/29,华中,微信支付,completed,63,
ORD002371,良品铺子零食包,食品,食品食品,4305.35,2,8610.7,2024/05/08,华南,信用卡,pending,20,女
ORD002372,良品铺子零食包,食品,食品食品,6568.55,6,39411.3,2024/02/17,西南,微信支付,completed,59,女
ORD002373,百威啤酒,食品,食品食品,9740.73,2,19481.46,2024/07/13,华北,支付宝,completed,51,女
ORD002374,Samsung Galaxy S24,电子产品,电子产品,2341.47,7,16390.29,2024/01/05,西南,微信支付,cancelled,36,
ORD002375,Dell XPS 15,电子产品,电子产品,1061.74,8,8493.92,2024/06/23,华东,微信支付,refunded,42,男
ORD002376,Python编程从入门到实践,图书,图书图书,2002.56,6,12015.36,2024/06/19,华中,支付宝,pending,50,
ORD002377,德芙巧克力,食品,食品食品,7175.52,7,50228.64,2024/05/22,东北,信用卡,completed,20,女
ORD002378,三只松鼠坚果礼盒,食品,食品食品,2257.97,3,6773.91,2024/10/19,东北,支付宝,completed,30,女
ORD002379,Zara 西装外套,服装,服装服装,13.27,6,79.62,2024/07/25,华北,支付宝,completed,37,女
ORD002380,Zara 西装外套,服装,服装服装,2526.68,3,7580.04,2024/04/19,华东,信用卡,completed,24,
ORD002381,iPhone 15,电子产品,电子产品,3877.75,2,7755.5,2024/02/29,西北,微信支付,completed,32,女
ORD002382,德芙巧克力,食品,食品食品,9156.45,8,73251.6,2024/10/16,西南,支付宝,refunded,39,
ORD002383,Levi's 501,服装,服装服装,7427.16,3,22281.48,2024/12/09,西南,微信支付,completed,27,男
ORD002384,蒙牛纯牛奶,食品,食品食品,941.78,6,5650.68,2024/05/30,华东,微信支付,cancelled,22,
ORD002385,星巴克咖啡豆,食品,食品食品,6740.31,8,53922.48,2024/09/21,华中,微信支付,completed,51,男
ORD002386,小米台灯,家居,家居家居,3328.76,4,13315.04,2024/03/02,华东,支付宝,completed,54,
ORD002387,星巴克咖啡豆,食品,食品食品,6773.66,8,54189.28,2024/02/09,东北,信用卡,cancelled,61,
ORD002388,蒙牛纯牛奶,食品,食品食品,5814.57,4,23258.28,2024/12/26,华中,银行卡,pending,59,
ORD002389,九阳豆浆机,家居,家居家居,2035.29,9,18317.61,2025/03/19,西南,支付宝,completed,25,
ORD002390,思考快与慢,图书,图书图书,9580.16,1,9580.16,2024/08/07,华北,支付宝,completed,32,女
ORD002391,Nike Air Max,服装,服装服装,3559.85,4,14239.4,2024/07/13,华中,银行卡,completed,25,
ORD002392,H&M 连衣裙,服装,服装服装,4070.28,7,28491.96,2025/01/18,华中,支付宝,pending,56,男
ORD002393,百威啤酒,食品,食品食品,7383.03,5,36915.15,2024/03/21,华东,支付宝,completed,44,男
ORD002394,iPhone 15,电子产品,电子产品,1626.75,7,11387.25,2025/01/12,华中,信用卡,completed,55,
ORD002395,美的电饭煲,家居,家居家居,1763.77,9,15873.93,2024/01/10,华中,微信支付,cancelled,58,女
ORD002396,网易严选床垫,家居,家居家居,3338.28,10,33382.8,2024/03/09,华中,银行卡,completed,23,
ORD002397,Samsung Galaxy S24,电子产品,电子产品,7224.07,2,14448.14,2024/06/20,华中,银行卡,completed,59,
ORD002398,优衣库羽绒服,服装,服装服装,3540.28,10,35402.8,2024/10/07,华东,银行卡,cancelled,21,女
ORD002399,Kindle Paperwhite,电子产品,电子产品,4570.5,2,9141.0,2024/09/08,华东,微信支付,completed,48,
ORD002400,北面冲锋衣,服装,服装服装,1742.78,9,15685.02,2024/05/15,西南,微信支付,refunded,64,男
ORD002401,罗技 MX Master 3,电子产品,电子产品,1958.74,10,19587.4,2024/06/20,东北,银行卡,cancelled,34,
ORD002402,小米台灯,家居,家居家居,1990.19,6,11941.14,2024/01/28,华北,信用卡,completed,30,
ORD002403,网易严选床垫,家居,家居家居,8063.24,6,48379.44,2024/11/23,华北,银行卡,completed,34,
ORD002404,星巴克咖啡豆,食品,食品食品,9230.94,9,83078.46,2024/03/14,华东,微信支付,completed,49,
ORD002405,小熊加湿器,家居,家居家居,7369.5,1,7369.5,2024/11/19,华北,银行卡,pending,59,女
ORD002406,Dell XPS 15,电子产品,电子产品,7047.48,1,7047.48,2024/05/17,西南,银行卡,completed,52,男
ORD002407,Zara 西装外套,服装,服装服装,5054.6,7,35382.2,2024/12/03,华中,微信支付,pending,20,男
ORD002408,小米台灯,家居,家居家居,7771.47,6,46628.82,2024/11/07,西北,微信支付,pending,47,
ORD002409,Sony WH-1000XM5,电子产品,电子产品,284.74,7,1993.18,2025/05/06,华东,信用卡,pending,18,女
ORD002410,茅台酒,食品,食品食品,2658.41,2,5316.82,2024/06/23,华北,信用卡,cancelled,56,
ORD002411,蒙牛纯牛奶,食品,食品食品,7458.43,4,29833.72,2024/01/06,华东,银行卡,refunded,19,
ORD002412,良品铺子零食包,食品,食品食品,2978.72,3,8936.16,2024/08/18,华北,微信支付,completed,53,女
ORD002413,深入理解计算机系统,图书,图书图书,3152.87,3,9458.61,2024/12/03,华南,支付宝,completed,28,男
ORD002414,百威啤酒,食品,食品食品,1750.26,6,10501.56,2025/03/26,西北,银行卡,cancelled,26,
ORD002415,星巴克咖啡豆,食品,食品食品,6126.78,3,18380.34,2024/07/17,华中,信用卡,cancelled,27,男
ORD002416,Apple Watch,电子产品,电子产品,1913.52,9,17221.68,2024/01/16,东北,支付宝,completed,39,女
ORD002417,小米台灯,家居,家居家居,6655.4,7,46587.8,2024/08/15,华北,银行卡,completed,65,
ORD002418,人类简史,图书,图书图书,4574.2,5,22871.0,2025/03/22,东北,微信支付,refunded,26,
ORD002419,Adidas Ultraboost,服装,服装服装,726.11,4,2904.44,2024/04/20,华南,信用卡,refunded,45,男
ORD002420,优衣库羽绒服,服装,服装服装,718.85,2,1437.7,2024/03/09,东北,银行卡,completed,33,女
ORD002421,MacBook Air,电子产品,电子产品,1811.6,4,7246.4,2025/03/12,西南,银行卡,completed,26,男
ORD002422,小米台灯,家居,家居家居,5501.98,6,33011.88,2024/05/18,西北,支付宝,cancelled,55,男
ORD002423,Nike Air Max,服装,服装服装,3675.13,5,18375.65,2024/07/15,西南,信用卡,pending,19,
ORD002424,Python编程从入门到实践,图书,图书图书,8767.48,8,70139.84,2024/02/16,东北,微信支付,cancelled,45,
ORD002425,农夫山泉,食品,食品食品,5178.87,10,51788.7,2024/11/25,华南,微信支付,completed,49,
ORD002426,星巴克咖啡豆,食品,食品食品,3729.87,4,14919.48,2024/12/24,华南,微信支付,refunded,48,女
ORD002427,优衣库羽绒服,服装,服装服装,6501.91,9,58517.19,2024/11/21,西南,银行卡,pending,45,女
ORD002428,Zara 西装外套,服装,服装服装,5340.68,9,48066.12,2024/10/28,西北,信用卡,completed,64,
ORD002429,Nike Air Max,服装,服装服装,283.04,8,2264.32,2024/11/25,西北,微信支付,cancelled,48,
ORD002430,深入理解计算机系统,图书,图书图书,9488.95,5,47444.75,2024/06/19,华中,信用卡,completed,41,男
ORD002431,iPhone 15,电子产品,电子产品,958.48,9,8626.32,2025/01/01,华北,支付宝,completed,42,女
ORD002432,小米台灯,家居,家居家居,6641.96,5,33209.8,2024/06/28,西南,支付宝,completed,65,女
ORD002433,蒙牛纯牛奶,食品,食品食品,8070.19,8,64561.52,2024/11/06,华南,支付宝,completed,42,女
ORD002434,蒙牛纯牛奶,食品,食品食品,376.64,2,753.28,2024/03/30,东北,微信支付,completed,58,男
ORD002435,MacBook Air,电子产品,电子产品,1661.57,4,6646.28,2024/03/28,西南,支付宝,completed,33,男
ORD002436,九阳豆浆机,家居,家居家居,7474.51,4,29898.04,2025/02/13,华东,支付宝,completed,48,男
ORD002437,罗技 MX Master 3,电子产品,电子产品,7761.36,2,15522.72,2024/07/02,东北,支付宝,completed,25,女
ORD002438,小米台灯,家居,家居家居,8166.35,6,48998.1,2024/02/22,西北,支付宝,pending,63,男
ORD002439,iPhone 15,电子产品,电子产品,589.77,10,5897.7,2025/04/09,西北,微信支付,pending,55,
ORD002440,Samsung Galaxy S24,电子产品,电子产品,6600.43,4,26401.72,2024/01/14,东北,微信支付,completed,63,
ORD002441,九阳豆浆机,家居,家居家居,4642.58,3,13927.74,2024/02/20,东北,银行卡,completed,35,女
ORD002442,H&M 连衣裙,服装,服装服装,5689.86,2,11379.72,2024/08/24,华南,支付宝,completed,30,男
ORD002443,三只松鼠坚果礼盒,食品,食品食品,2002.09,7,14014.63,2024/03/04,华北,信用卡,completed,39,女
ORD002444,Zara 西装外套,服装,服装服装,2452.73,5,12263.65,2024/09/29,西北,支付宝,completed,36,
ORD002445,网易严选床垫,家居,家居家居,4809.71,4,19238.84,2024/12/27,西南,微信支付,completed,55,
ORD002446,戴森吸尘器,家居,家居家居,5658.23,10,56582.3,2024/09/07,东北,微信支付,pending,19,
ORD002447,H&M 连衣裙,服装,服装服装,8992.3,2,17984.6,2024/01/11,西北,微信支付,cancelled,60,男
ORD002448,小熊加湿器,家居,家居家居,4268.27,3,12804.81,2025/01/09,东北,微信支付,completed,28,男
ORD002449,人类简史,图书,图书图书,4863.28,6,29179.68,2024/03/03,东北,信用卡,completed,25,
ORD002450,H&M 连衣裙,服装,服装服装,782.34,9,7041.06,2024/12/25,华东,支付宝,pending,35,
ORD002451,网易严选床垫,家居,家居家居,1662.63,3,4987.89,2024/07/10,西北,信用卡,completed,20,男
ORD002452,思考快与慢,图书,图书图书,6484.12,3,19452.36,2025/05/22,西北,信用卡,cancelled,51,女
ORD002453,原则,图书,图书图书,6134.15,10,61341.5,2025/04/05,华东,信用卡,pending,28,
ORD002454,三只松鼠坚果礼盒,食品,食品食品,2334.15,8,18673.2,2024/11/10,华北,银行卡,cancelled,33,
ORD002455,Python编程从入门到实践,图书,图书图书,5981.07,6,35886.42,2024/02/23,华东,支付宝,completed,62,男
ORD002456,优衣库羽绒服,服装,服装服装,7605.62,1,7605.62,2025/03/30,东北,银行卡,completed,58,男
ORD002457,MacBook Air,电子产品,电子产品,3474.06,7,24318.42,2024/05/26,华中,支付宝,pending,26,
ORD002458,小熊加湿器,家居,家居家居,4026.63,4,16106.52,2024/11/11,华中,支付宝,completed,40,男
ORD002459,九阳豆浆机,家居,家居家居,873.9,3,2621.7,2025/04/30,华中,微信支付,completed,27,女
ORD002460,百威啤酒,食品,食品食品,4179.22,8,33433.76,2024/11/15,东北,微信支付,completed,40,女
ORD002461,百威啤酒,食品,食品食品,9930.47,7,69513.29,2024/05/22,西南,微信支付,completed,34,男
ORD002462,iPad Air,电子产品,电子产品,3805.58,5,19027.9,2024/03/26,东北,信用卡,completed,42,
ORD002463,优衣库羽绒服,服装,服装服装,6500.87,7,45506.09,2024/05/01,华东,银行卡,completed,57,男
ORD002464,MacBook Air,电子产品,电子产品,3920.82,1,3920.82,2024/08/23,华东,微信支付,completed,18,
ORD002465,Dell XPS 15,电子产品,电子产品,2080.69,2,4161.38,2024/07/12,华南,支付宝,completed,40,男
ORD002466,北面冲锋衣,服装,服装服装,3421.81,8,27374.48,2024/03/06,东北,银行卡,pending,19,男
ORD002467,优衣库羽绒服,服装,服装服装,8315.75,7,58210.25,2024/01/27,西北,微信支付,completed,45,女
ORD002468,三只松鼠坚果礼盒,食品,食品食品,5930.51,1,5930.51,2025/04/01,华北,支付宝,completed,64,
ORD002469,九阳豆浆机,家居,家居家居,7598.55,6,45591.3,2025/05/07,西北,微信支付,completed,25,女
ORD002470,iPhone 15,电子产品,电子产品,3850.64,4,15402.56,2025/05/16,华南,微信支付,pending,57,女
ORD002471,人类简史,图书,图书图书,3956.25,10,39562.5,2024/04/08,西北,信用卡,refunded,30,
ORD002472,AirPods Pro,电子产品,电子产品,9150.44,10,91504.4,2024/04/26,西北,支付宝,cancelled,32,
ORD002473,小米台灯,家居,家居家居,5275.51,5,26377.55,2025/05/06,华北,信用卡,cancelled,56,女
ORD002474,New Balance 574,服装,服装服装,2103.73,4,8414.92,2024/04/23,西北,银行卡,completed,22,女
ORD002475,百威啤酒,食品,食品食品,6075.1,1,6075.1,2024/03/25,西南,支付宝,completed,59,
ORD002476,蒙牛纯牛奶,食品,食品食品,8358.27,9,75224.43,2024/05/29,华南,信用卡,refunded,35,
ORD002477,iPhone 15,电子产品,电子产品,2377.56,6,14265.36,2024/11/14,西北,微信支付,pending,22,男
ORD002478,九阳豆浆机,家居,家居家居,1637.13,7,11459.91,2024/12/02,西北,信用卡,completed,55,男
ORD002479,算法导论,图书,图书图书,1997.7,5,9988.5,2024/08/29,华北,微信支付,completed,48,男
ORD002480,思考快与慢,图书,图书图书,8514.78,2,17029.56,2024/11/14,华南,银行卡,refunded,42,男
ORD002481,小熊加湿器,家居,家居家居,8386.18,9,75475.62,2024/06/20,华中,信用卡,completed,54,女
ORD002482,九阳豆浆机,家居,家居家居,5905.08,1,5905.08,2024/04/30,华中,微信支付,completed,54,女
ORD002483,Sony WH-1000XM5,电子产品,电子产品,8379.38,8,67035.04,2024/03/06,西北,微信支付,pending,36,
ORD002484,三只松鼠坚果礼盒,食品,食品食品,1761.4,8,14091.2,2025/01/13,东北,支付宝,completed,29,女
ORD002485,思考快与慢,图书,图书图书,8594.48,10,85944.8,2025/03/10,西南,支付宝,pending,21,男
ORD002486,MacBook Air,电子产品,电子产品,3305.72,1,3305.72,2024/11/11,华北,微信支付,pending,47,女
ORD002487,美的电饭煲,家居,家居家居,2561.01,8,20488.08,2024/12/20,华中,微信支付,completed,57,女
ORD002488,人类简史,图书,图书图书,360.47,3,1081.41,2025/04/25,西北,支付宝,refunded,35,男
ORD002489,人类简史,图书,图书图书,2958.24,2,5916.48,2025/05/01,华东,银行卡,completed,56,男
ORD002490,深入理解计算机系统,图书,图书图书,8377.76,1,8377.76,2024/04/28,东北,银行卡,cancelled,26,女
ORD002491,Nike Air Max,服装,服装服装,7332.45,7,51327.15,2024/06/29,华中,银行卡,completed,64,女
ORD002492,算法导论,图书,图书图书,3644.53,9,32800.77,2024/09/07,华东,银行卡,cancelled,32,
ORD002493,茅台酒,食品,食品食品,8445.97,4,33783.88,2025/02/03,西南,支付宝,pending,34,男
ORD002494,北面冲锋衣,服装,服装服装,2262.2,10,22622.0,2024/04/12,东北,银行卡,completed,54,男
ORD002495,九阳豆浆机,家居,家居家居,9134.27,6,54805.62,2025/02/01,华东,银行卡,completed,54,
ORD002496,iPad Air,电子产品,电子产品,3105.34,7,21737.38,2025/04/30,华南,微信支付,completed,31,男
ORD002497,Apple Watch,电子产品,电子产品,1543.75,10,15437.5,2024/03/07,东北,支付宝,pending,38,女
ORD002498,New Balance 574,服装,服装服装,6565.92,3,19697.76,2024/04/13,西北,微信支付,pending,23,
ORD002499,小熊加湿器,家居,家居家居,1906.76,6,11440.56,2024/12/13,西南,银行卡,completed,20,男
ORD002500,Adidas Ultraboost,服装,服装服装,2609.1,4,10436.4,2024/12/29,东北,信用卡,refunded,48,女
ORD002501,Apple Watch,电子产品,电子产品,3959.91,10,39599.1,2024/03/08,华东,银行卡,cancelled,60,
ORD002502,H&M 连衣裙,服装,服装服装,3124.73,6,18748.38,2024/11/19,西北,银行卡,completed,40,女
ORD002503,Levi's 501,服装,服装服装,1968.95,9,17720.55,2025/02/28,西南,支付宝,cancelled,48,女
ORD002504,MacBook Air,电子产品,电子产品,3203.04,8,25624.32,2025/03/18,华东,信用卡,cancelled,22,男
ORD002505,深入理解计算机系统,图书,图书图书,8339.2,2,16678.4,2024/06/20,东北,支付宝,pending,43,女
ORD002506,Levi's 501,服装,服装服装,9752.34,4,39009.36,2025/05/21,西南,微信支付,completed,36,
ORD002507,New Balance 574,服装,服装服装,654.21,2,1308.42,2024/11/05,东北,信用卡,completed,37,男
ORD002508,宜家书架,家居,家居家居,3566.61,4,14266.44,2024/03/16,华北,微信支付,refunded,23,
ORD002509,星巴克咖啡豆,食品,食品食品,4251.51,10,42515.1,2025/05/06,华中,信用卡,completed,58,女
ORD002510,小熊加湿器,家居,家居家居,9355.24,7,65486.68,2025/04/08,华南,微信支付,completed,56,女
ORD002511,Apple Watch,电子产品,电子产品,8832.25,5,44161.25,2024/09/04,华北,银行卡,pending,48,
ORD002512,良品铺子零食包,食品,食品食品,9276.01,10,92760.1,2024/06/20,东北,微信支付,cancelled,33,男
ORD002513,深入理解计算机系统,图书,图书图书,605.01,8,4840.08,2024/01/20,华南,微信支付,pending,42,男
ORD002514,H&M 连衣裙,服装,服装服装,2894.53,7,20261.71,2024/09/29,华中,微信支付,pending,21,
ORD002515,Samsung Galaxy S24,电子产品,电子产品,2071.76,1,2071.76,2024/11/07,华南,信用卡,completed,54,男
ORD002516,人类简史,图书,图书图书,3178.47,5,15892.35,2024/03/20,华北,支付宝,pending,45,男
ORD002517,茅台酒,食品,食品食品,3583.13,5,17915.65,2024/05/09,东北,信用卡,completed,54,男
ORD002518,Sony WH-1000XM5,电子产品,电子产品,6367.05,8,50936.4,2024/03/15,西南,支付宝,completed,33,女
ORD002519,Samsung Galaxy S24,电子产品,电子产品,9061.86,4,36247.44,2025/02/17,华北,信用卡,completed,44,女
ORD002520,Samsung Galaxy S24,电子产品,电子产品,7008.68,8,56069.44,2025/01/01,西南,微信支付,refunded,62,
ORD002521,三体全集,图书,图书图书,5904.91,10,59049.1,2024/10/06,华南,支付宝,completed,45,
ORD002522,星巴克咖啡豆,食品,食品食品,9925.41,8,79403.28,2024/02/02,华东,信用卡,completed,48,女
ORD002523,蒙牛纯牛奶,食品,食品食品,9174.58,9,82571.22,2024/07/05,华东,银行卡,completed,33,男
ORD002524,戴森吸尘器,家居,家居家居,1224.56,4,4898.24,2024/05/23,华中,信用卡,completed,47,女
ORD002525,Nike Air Max,服装,服装服装,9231.07,2,18462.14,2024/06/06,西北,微信支付,pending,55,女
ORD002526,Nike Air Max,服装,服装服装,946.33,3,2838.99,2025/05/14,华北,信用卡,refunded,26,女
ORD002527,蒙牛纯牛奶,食品,食品食品,3589.82,1,3589.82,2024/03/30,东北,支付宝,cancelled,57,
ORD002528,优衣库羽绒服,服装,服装服装,1489.9,5,7449.5,2024/01/14,华南,微信支付,completed,22,男
ORD002529,北面冲锋衣,服装,服装服装,2138.89,4,8555.56,2024/02/20,华北,支付宝,completed,41,男
ORD002530,iPad Air,电子产品,电子产品,7215.23,6,43291.38,2024/08/23,西南,信用卡,completed,49,男
ORD002531,Nike Air Max,服装,服装服装,2338.91,9,21050.19,2024/08/23,华南,微信支付,completed,58,女
ORD002532,百威啤酒,食品,食品食品,2722.7,9,24504.3,2025/04/06,西北,信用卡,completed,31,男
ORD002533,良品铺子零食包,食品,食品食品,3165.58,7,22159.06,2024/07/31,西北,银行卡,refunded,18,女
ORD002534,戴森吸尘器,家居,家居家居,4797.46,6,28784.76,2024/05/27,华南,支付宝,pending,36,
ORD002535,蒙牛纯牛奶,食品,食品食品,1321.76,7,9252.32,2024/02/11,西南,银行卡,pending,26,男
ORD002536,深入理解计算机系统,图书,图书图书,4887.16,5,24435.8,2024/03/22,东北,信用卡,completed,59,男
ORD002537,宜家书架,家居,家居家居,6830.55,7,47813.85,2024/01/25,华中,银行卡,completed,20,男
ORD002538,Samsung Galaxy S24,电子产品,电子产品,6707.26,9,60365.34,2024/12/04,西南,支付宝,completed,33,男
ORD002539,算法导论,图书,图书图书,9579.44,7,67056.08,2024/09/23,东北,支付宝,pending,29,男
ORD002540,MacBook Air,电子产品,电子产品,8883.24,3,26649.72,2025/03/16,华中,支付宝,completed,28,女
ORD002541,小米台灯,家居,家居家居,3898.97,2,7797.94,2025/04/17,华东,微信支付,cancelled,33,男
ORD002542,人类简史,图书,图书图书,1021.51,6,6129.06,2025/01/08,东北,信用卡,pending,52,男
ORD002543,思考快与慢,图书,图书图书,2318.93,6,13913.58,2024/04/25,华中,微信支付,completed,52,女
ORD002544,思考快与慢,图书,图书图书,1574.32,6,9445.92,2024/12/12,东北,微信支付,pending,33,男
ORD002545,Sony WH-1000XM5,电子产品,电子产品,7735.57,7,54148.99,2025/03/12,东北,支付宝,pending,39,
ORD002546,iPhone 15,电子产品,电子产品,5343.2,6,32059.2,2024/12/25,华东,支付宝,completed,22,
ORD002547,H&M 连衣裙,服装,服装服装,552.39,7,3866.73,2024/04/20,华南,支付宝,completed,53,男
ORD002548,Zara 西装外套,服装,服装服装,7848.84,9,70639.56,2025/01/14,华东,支付宝,completed,56,
ORD002549,原则,图书,图书图书,1096.72,10,10967.2,2025/03/22,华中,银行卡,completed,44,
ORD002550,小米台灯,家居,家居家居,6888.61,2,13777.22,2024/06/12,华南,微信支付,completed,55,男
ORD002551,优衣库羽绒服,服装,服装服装,5860.19,8,46881.52,2025/03/22,华东,信用卡,pending,34,男
ORD002552,原则,图书,图书图书,8335.04,2,16670.08,2024/05/22,华东,信用卡,refunded,64,男
ORD002553,戴森吸尘器,家居,家居家居,5941.16,8,47529.28,2024/01/19,华东,信用卡,refunded,18,男
ORD002554,Kindle Paperwhite,电子产品,电子产品,6979.16,2,13958.32,2024/05/26,东北,信用卡,pending,55,女
ORD002555,德芙巧克力,食品,食品食品,5917.43,7,41422.01,2024/04/10,华北,信用卡,pending,44,
ORD002556,宜家书架,家居,家居家居,8936.31,3,26808.93,2024/07/22,西南,银行卡,cancelled,37,女
ORD002557,美的电饭煲,家居,家居家居,3849.49,7,26946.43,2024/07/24,华东,信用卡,refunded,52,男
ORD002558,New Balance 574,服装,服装服装,8298.46,10,82984.6,2024/04/04,华中,微信支付,refunded,32,男
ORD002559,H&M 连衣裙,服装,服装服装,4613.73,4,18454.92,2024/11/21,西南,支付宝,completed,59,
ORD002560,Python编程从入门到实践,图书,图书图书,9560.52,4,38242.08,2024/09/03,西北,银行卡,pending,51,
ORD002561,Python编程从入门到实践,图书,图书图书,6476.56,6,38859.36,2025/03/05,东北,信用卡,completed,40,
ORD002562,网易严选床垫,家居,家居家居,9556.62,3,28669.86,2024/10/21,华北,支付宝,pending,32,
ORD002563,九阳豆浆机,家居,家居家居,1148.88,2,2297.76,2025/05/08,西北,支付宝,completed,59,男
ORD002564,iPad Air,电子产品,电子产品,6571.08,9,59139.72,2025/02/21,华北,银行卡,completed,61,
ORD002565,人类简史,图书,图书图书,9199.96,3,27599.88,2025/01/07,西北,支付宝,completed,26,
ORD002566,iPad Air,电子产品,电子产品,9302.06,2,18604.12,2024/07/30,华南,银行卡,pending,37,女
ORD002567,百威啤酒,食品,食品食品,9997.55,4,39990.2,2024/06/18,华北,支付宝,completed,38,男
ORD002568,Python编程从入门到实践,图书,图书图书,2087.98,1,2087.98,2024/07/14,华南,微信支付,completed,22,
ORD002569,蒙牛纯牛奶,食品,食品食品,3883.06,3,11649.18,2024/06/28,华北,微信支付,completed,19,女
ORD002570,小熊加湿器,家居,家居家居,6125.93,7,42881.51,2024/06/29,华东,支付宝,completed,27,
ORD002571,Levi's 501,服装,服装服装,2905.56,5,14527.8,2024/05/07,华南,银行卡,completed,39,
ORD002572,农夫山泉,食品,食品食品,9647.99,6,57887.94,2024/01/14,华东,信用卡,completed,45,男
ORD002573,iPad Air,电子产品,电子产品,8203.19,7,57422.33,2024/02/19,华中,银行卡,pending,24,男
ORD002574,Python编程从入门到实践,图书,图书图书,4927.38,4,19709.52,2024/04/29,东北,微信支付,completed,33,男
ORD002575,Sony WH-1000XM5,电子产品,电子产品,2751.72,7,19262.04,2024/02/16,华东,信用卡,completed,35,男
ORD002576,深入理解计算机系统,图书,图书图书,3441.89,1,3441.89,2025/01/16,西北,支付宝,cancelled,31,女
ORD002577,AirPods Pro,电子产品,电子产品,373.09,10,3730.9,2025/02/14,西北,信用卡,pending,48,
ORD002578,Levi's 501,服装,服装服装,5954.25,4,23817.0,2024/06/08,西北,信用卡,completed,31,男
ORD002579,北面冲锋衣,服装,服装服装,9965.36,7,69757.52,2024/07/08,华中,支付宝,pending,51,女
ORD002580,iPhone 15,电子产品,电子产品,6677.78,3,20033.34,2025/01/12,华中,支付宝,pending,20,女
ORD002581,Levi's 501,服装,服装服装,8428.36,8,67426.88,2025/05/08,东北,银行卡,completed,27,男
ORD002582,Zara 西装外套,服装,服装服装,4745.53,6,28473.18,2024/03/28,华南,银行卡,completed,53,女
ORD002583,北面冲锋衣,服装,服装服装,2847.25,10,28472.5,2024/08/25,华东,支付宝,completed,46,男
ORD002584,北面冲锋衣,服装,服装服装,1330.71,3,3992.13,2024/07/08,西北,支付宝,pending,45,女
ORD002585,网易严选床垫,家居,家居家居,4499.24,8,35993.92,2025/02/17,西北,支付宝,completed,40,
ORD002586,Levi's 501,服装,服装服装,9539.56,9,85856.04,2024/09/09,华中,银行卡,refunded,19,
ORD002587,蒙牛纯牛奶,食品,食品食品,8981.41,8,71851.28,2024/10/02,华南,支付宝,pending,48,
ORD002588,深入理解计算机系统,图书,图书图书,4753.89,1,4753.89,2024/07/10,华东,信用卡,completed,56,女
ORD002589,蒙牛纯牛奶,食品,食品食品,7439.72,1,7439.72,2024/04/02,华中,银行卡,completed,40,女
ORD002590,MacBook Air,电子产品,电子产品,4945.1,9,44505.9,2024/03/30,东北,支付宝,completed,24,女
ORD002591,网易严选床垫,家居,家居家居,2887.47,2,5774.94,2024/03/27,华中,银行卡,refunded,29,女
ORD002592,Levi's 501,服装,服装服装,2150.61,7,15054.27,2025/03/15,华东,微信支付,completed,47,女
ORD002593,戴森吸尘器,家居,家居家居,8022.38,1,8022.38,2025/01/24,华东,微信支付,completed,26,男
ORD002594,Apple Watch,电子产品,电子产品,3371.06,5,16855.3,2024/04/28,华中,支付宝,completed,54,女
ORD002595,Zara 西装外套,服装,服装服装,3176.6,8,25412.8,2024/05/25,华中,银行卡,refunded,39,男
ORD002596,思考快与慢,图书,图书图书,1911.35,4,7645.4,2024/06/05,华北,信用卡,pending,19,女
ORD002597,百威啤酒,食品,食品食品,4555.34,6,27332.04,2025/01/20,华中,支付宝,completed,60,女
ORD002598,Python编程从入门到实践,图书,图书图书,2590.85,10,25908.5,2025/01/19,西南,微信支付,refunded,22,女
ORD002599,Samsung Galaxy S24,电子产品,电子产品,5047.48,8,40379.84,2024/07/13,华东,信用卡,refunded,55,男
ORD002600,思考快与慢,图书,图书图书,2571.19,5,12855.95,2025/04/13,华中,微信支付,completed,19,女
ORD002601,深入理解计算机系统,图书,图书图书,6528.0,7,45696.0,2025/04/09,西南,银行卡,refunded,47,
ORD002602,H&M 连衣裙,服装,服装服装,6877.18,2,13754.36,2024/09/24,华中,银行卡,completed,45,女
ORD002603,百威啤酒,食品,食品食品,1261.14,8,10089.12,2025/02/09,西北,微信支付,pending,50,男
ORD002604,德芙巧克力,食品,食品食品,1641.77,8,13134.16,2024/05/05,华南,信用卡,completed,27,
ORD002605,深入理解计算机系统,图书,图书图书,1672.37,10,16723.7,2024/12/07,华北,信用卡,completed,30,男
ORD002606,Levi's 501,服装,服装服装,8212.36,8,65698.88,2024/02/25,华南,银行卡,completed,32,
ORD002607,美的电饭煲,家居,家居家居,971.72,8,7773.76,2024/06/21,华中,信用卡,refunded,36,男
ORD002608,优衣库羽绒服,服装,服装服装,4243.1,9,38187.9,2024/11/04,西南,信用卡,completed,55,
ORD002609,AirPods Pro,电子产品,电子产品,6524.27,9,58718.43,2024/08/08,华北,微信支付,pending,32,女
ORD002610,农夫山泉,食品,食品食品,9383.13,2,18766.26,2024/03/11,西南,信用卡,pending,43,男
ORD002611,MacBook Air,电子产品,电子产品,7602.55,4,30410.2,2024/05/31,华南,信用卡,cancelled,43,
ORD002612,百威啤酒,食品,食品食品,8553.65,5,42768.25,2025/03/17,东北,信用卡,pending,50,
ORD002613,深入理解计算机系统,图书,图书图书,9101.25,10,91012.5,2024/08/16,西北,银行卡,completed,45,男
ORD002614,H&M 连衣裙,服装,服装服装,5219.59,4,20878.36,2024/12/19,华中,支付宝,pending,22,
ORD002615,Apple Watch,电子产品,电子产品,850.81,7,5955.67,2025/02/27,西北,信用卡,completed,51,
ORD002616,Sony WH-1000XM5,电子产品,电子产品,6515.81,2,13031.62,2024/06/24,华东,信用卡,completed,65,
ORD002617,Nike Air Max,服装,服装服装,1592.64,8,12741.12,2025/05/14,华南,支付宝,pending,45,
ORD002618,茅台酒,食品,食品食品,4791.55,6,28749.3,2025/01/18,华中,微信支付,completed,28,女
ORD002619,Levi's 501,服装,服装服装,6914.44,9,62229.96,2024/06/04,华南,银行卡,completed,55,
ORD002620,农夫山泉,食品,食品食品,5095.88,3,15287.64,2024/04/25,华北,银行卡,completed,48,
ORD002621,Apple Watch,电子产品,电子产品,2606.4,1,2606.4,2024/01/26,华中,银行卡,completed,37,男
ORD002622,Adidas Ultraboost,服装,服装服装,4336.3,10,43363.0,2024/04/06,东北,信用卡,completed,35,女
ORD002623,三只松鼠坚果礼盒,食品,食品食品,4019.69,5,20098.45,2024/03/21,华中,信用卡,pending,47,女
ORD002624,iPhone 15,电子产品,电子产品,9806.38,7,68644.66,2024/02/01,华南,信用卡,refunded,55,
ORD002625,深入理解计算机系统,图书,图书图书,9810.1,4,39240.4,2025/05/06,华中,银行卡,completed,54,
ORD002626,九阳豆浆机,家居,家居家居,7243.4,3,21730.2,2024/09/15,华南,银行卡,completed,61,
ORD002627,罗技 MX Master 3,电子产品,电子产品,5304.22,1,5304.22,2024/04/11,西南,微信支付,cancelled,25,女
ORD002628,人类简史,图书,图书图书,9908.46,4,39633.84,2024/04/20,东北,信用卡,completed,18,男
ORD002629,MacBook Air,电子产品,电子产品,7594.33,1,7594.33,2024/02/23,西南,支付宝,completed,29,男
ORD002630,Adidas Ultraboost,服装,服装服装,9863.04,6,59178.24,2024/02/11,华南,信用卡,pending,24,
ORD002631,百威啤酒,食品,食品食品,4294.77,2,8589.54,2024/05/19,西北,银行卡,completed,37,女
ORD002632,蒙牛纯牛奶,食品,食品食品,1740.18,2,3480.36,2025/05/23,西南,信用卡,completed,21,男
ORD002633,三只松鼠坚果礼盒,食品,食品食品,8839.81,10,88398.1,2025/02/21,西南,微信支付,completed,32,
ORD002634,小米台灯,家居,家居家居,225.37,10,2253.7,2024/11/06,华中,银行卡,pending,26,男
ORD002635,深入理解计算机系统,图书,图书图书,6109.23,8,48873.84,2024/02/17,西南,银行卡,refunded,41,男
ORD002636,深入理解计算机系统,图书,图书图书,3660.89,6,21965.34,2025/02/04,华中,银行卡,pending,41,
ORD002637,茅台酒,食品,食品食品,9815.91,6,58895.46,2024/08/24,华东,微信支付,completed,54,女
ORD002638,网易严选床垫,家居,家居家居,8080.31,1,8080.31,2025/01/07,西北,支付宝,cancelled,40,男
ORD002639,百威啤酒,食品,食品食品,3395.28,2,6790.56,2024/10/17,西南,信用卡,completed,57,男
ORD002640,小米台灯,家居,家居家居,2100.75,3,6302.25,2024/09/11,东北,支付宝,completed,25,女
ORD002641,Adidas Ultraboost,服装,服装服装,19.74,9,177.66,2024/11/15,华北,微信支付,pending,35,
ORD002642,思考快与慢,图书,图书图书,4796.99,9,43172.91,2024/10/09,华中,银行卡,completed,53,女
ORD002643,深入理解计算机系统,图书,图书图书,2926.44,7,20485.08,2024/07/09,东北,微信支付,completed,43,女
ORD002644,Dell XPS 15,电子产品,电子产品,8137.29,2,16274.58,2024/01/15,华东,微信支付,completed,63,女
ORD002645,戴森吸尘器,家居,家居家居,5906.09,5,29530.45,2025/05/03,华北,微信支付,completed,28,
ORD002646,Nike Air Max,服装,服装服装,3457.53,2,6915.06,2025/04/28,华中,支付宝,refunded,25,女
ORD002647,Python编程从入门到实践,图书,图书图书,6833.77,1,6833.77,2024/03/15,华北,信用卡,cancelled,19,男
ORD002648,九阳豆浆机,家居,家居家居,5953.55,9,53581.95,2024/04/28,西北,信用卡,completed,39,女
ORD002649,优衣库羽绒服,服装,服装服装,4787.95,4,19151.8,2024/10/10,华北,银行卡,cancelled,57,男
ORD002650,MacBook Air,电子产品,电子产品,5408.89,3,16226.67,2024/06/20,东北,银行卡,pending,32,男
ORD002651,农夫山泉,食品,食品食品,6477.26,10,64772.6,2024/02/27,华北,微信支付,completed,45,男
ORD002652,思考快与慢,图书,图书图书,7760.6,4,31042.4,2024/06/01,华中,信用卡,pending,29,男
ORD002653,New Balance 574,服装,服装服装,4859.76,9,43737.84,2024/12/18,东北,支付宝,completed,34,男
ORD002654,茅台酒,食品,食品食品,6082.88,6,36497.28,2024/02/27,华东,银行卡,cancelled,26,
ORD002655,Dell XPS 15,电子产品,电子产品,2464.66,8,19717.28,2024/03/21,华东,银行卡,pending,54,男
ORD002656,H&M 连衣裙,服装,服装服装,9883.6,5,49418.0,2024/02/15,华东,银行卡,refunded,30,
ORD002657,小熊加湿器,家居,家居家居,9520.66,7,66644.62,2025/04/14,西北,银行卡,cancelled,45,男
ORD002658,戴森吸尘器,家居,家居家居,5120.96,2,10241.92,2024/10/01,华东,微信支付,pending,47,女
ORD002659,AirPods Pro,电子产品,电子产品,6923.07,5,34615.35,2024/09/29,华东,银行卡,pending,54,女
ORD002660,优衣库羽绒服,服装,服装服装,5233.5,6,31401.0,2025/03/19,华中,支付宝,completed,28,女
ORD002661,人类简史,图书,图书图书,7444.79,4,29779.16,2024/02/09,华中,银行卡,completed,29,男
ORD002662,New Balance 574,服装,服装服装,7016.61,1,7016.61,2024/12/05,华北,支付宝,cancelled,60,男
ORD002663,戴森吸尘器,家居,家居家居,3798.65,10,37986.5,2025/05/01,华南,支付宝,cancelled,55,女
ORD002664,Apple Watch,电子产品,电子产品,8558.12,10,85581.2,2025/04/02,华中,银行卡,pending,33,
ORD002665,农夫山泉,食品,食品食品,7807.43,10,78074.3,2024/08/17,华中,支付宝,completed,21,
ORD002666,星巴克咖啡豆,食品,食品食品,3127.31,10,31273.1,2024/08/15,华北,微信支付,pending,31,男
ORD002667,Levi's 501,服装,服装服装,6036.11,2,12072.22,2025/02/21,西北,信用卡,completed,63,女
ORD002668,Levi's 501,服装,服装服装,9905.98,5,49529.9,2024/10/05,华东,支付宝,pending,55,女
ORD002669,百威啤酒,食品,食品食品,1770.23,4,7080.92,2024/01/07,西北,支付宝,cancelled,41,男
ORD002670,Levi's 501,服装,服装服装,4837.91,2,9675.82,2025/01/03,华东,银行卡,completed,64,
ORD002671,Nike Air Max,服装,服装服装,7103.89,3,21311.67,2024/10/14,华东,微信支付,completed,52,
ORD002672,Zara 西装外套,服装,服装服装,8206.83,10,82068.3,2024/06/01,华中,银行卡,pending,30,
ORD002673,人类简史,图书,图书图书,1983.33,2,3966.66,2025/04/10,西南,银行卡,pending,47,男
ORD002674,美的电饭煲,家居,家居家居,7382.6,4,29530.4,2024/07/28,华东,信用卡,completed,62,女
ORD002675,New Balance 574,服装,服装服装,4468.91,7,31282.37,2025/03/04,华中,信用卡,pending,50,女
ORD002676,小米台灯,家居,家居家居,4207.84,5,21039.2,2024/09/06,西南,信用卡,completed,36,
ORD002677,Python编程从入门到实践,图书,图书图书,178.88,6,1073.28,2024/07/15,东北,信用卡,pending,60,
ORD002678,Adidas Ultraboost,服装,服装服装,5031.42,7,35219.94,2024/07/22,华中,支付宝,completed,61,男
ORD002679,MacBook Air,电子产品,电子产品,9930.92,10,99309.2,2024/09/27,西南,信用卡,completed,53,
ORD002680,百威啤酒,食品,食品食品,7180.75,8,57446.0,2024/11/24,东北,微信支付,refunded,44,
ORD002681,H&M 连衣裙,服装,服装服装,64.01,6,384.06,2024/09/05,东北,银行卡,cancelled,37,男
ORD002682,小米台灯,家居,家居家居,9996.2,6,59977.2,2024/07/07,华中,微信支付,completed,63,男
ORD002683,良品铺子零食包,食品,食品食品,267.01,4,1068.04,2024/06/10,华北,信用卡,pending,27,男
ORD002684,蒙牛纯牛奶,食品,食品食品,5202.81,1,5202.81,2024/09/07,华北,银行卡,completed,32,女
ORD002685,德芙巧克力,食品,食品食品,8428.62,3,25285.86,2024/08/26,华北,微信支付,pending,55,
ORD002686,美的电饭煲,家居,家居家居,1769.79,4,7079.16,2024/01/25,华北,支付宝,completed,28,
ORD002687,茅台酒,食品,食品食品,2943.9,8,23551.2,2024/08/10,东北,信用卡,refunded,35,
ORD002688,蒙牛纯牛奶,食品,食品食品,5349.75,1,5349.75,2024/07/19,华北,支付宝,completed,26,
ORD002689,New Balance 574,服装,服装服装,1008.76,4,4035.04,2025/02/02,华南,微信支付,pending,56,
ORD002690,New Balance 574,服装,服装服装,4010.84,4,16043.36,2024/07/09,东北,支付宝,pending,45,男
ORD002691,农夫山泉,食品,食品食品,9875.44,10,98754.4,2025/03/11,华北,支付宝,refunded,21,男
ORD002692,网易严选床垫,家居,家居家居,4722.76,8,37782.08,2024/11/29,华南,微信支付,pending,57,
ORD002693,茅台酒,食品,食品食品,1407.86,6,8447.16,2024/01/13,华北,银行卡,completed,40,
ORD002694,MacBook Air,电子产品,电子产品,4848.15,1,4848.15,2024/07/07,华中,银行卡,completed,36,女
ORD002695,戴森吸尘器,家居,家居家居,8801.04,2,17602.08,2024/01/01,东北,微信支付,completed,35,女
ORD002696,小米台灯,家居,家居家居,4932.65,10,49326.5,2024/03/17,华北,支付宝,completed,51,女
ORD002697,罗技 MX Master 3,电子产品,电子产品,3862.3,7,27036.1,2024/06/10,西北,信用卡,completed,42,女
ORD002698,深入理解计算机系统,图书,图书图书,3399.34,7,23795.38,2025/05/28,华北,信用卡,pending,65,
ORD002699,iPhone 15,电子产品,电子产品,1010.9,8,8087.2,2024/07/16,东北,微信支付,completed,54,男
ORD002700,Sony WH-1000XM5,电子产品,电子产品,907.72,5,4538.6,2024/08/30,华中,支付宝,completed,65,女
ORD002701,思考快与慢,图书,图书图书,3008.05,2,6016.1,2025/01/08,华南,银行卡,refunded,56,女
ORD002702,Apple Watch,电子产品,电子产品,7599.26,4,30397.04,2025/04/26,华北,支付宝,completed,20,男
ORD002703,农夫山泉,食品,食品食品,3336.0,6,20016.0,2024/07/03,东北,支付宝,completed,42,男
ORD002704,三体全集,图书,图书图书,6624.78,5,33123.9,2024/03/08,华中,微信支付,completed,65,
ORD002705,蒙牛纯牛奶,食品,食品食品,9585.25,4,38341.0,2025/05/22,华南,银行卡,completed,24,男
ORD002706,算法导论,图书,图书图书,3235.16,7,22646.12,2024/02/09,西北,微信支付,completed,26,女
ORD002707,戴森吸尘器,家居,家居家居,7576.44,6,45458.64,2024/12/19,华东,支付宝,completed,53,
ORD002708,戴森吸尘器,家居,家居家居,3414.95,3,10244.85,2025/02/08,华东,微信支付,pending,41,
ORD002709,AirPods Pro,电子产品,电子产品,4085.8,5,20429.0,2024/06/21,西北,信用卡,completed,41,女
ORD002710,农夫山泉,食品,食品食品,4328.67,1,4328.67,2024/11/15,华南,银行卡,cancelled,51,
ORD002711,北面冲锋衣,服装,服装服装,3514.93,2,7029.86,2024/02/07,华北,信用卡,completed,27,
ORD002712,九阳豆浆机,家居,家居家居,9592.31,1,9592.31,2024/05/27,华南,支付宝,refunded,45,男
ORD002713,德芙巧克力,食品,食品食品,4034.9,8,32279.2,2025/03/21,华东,微信支付,cancelled,42,男
ORD002714,Sony WH-1000XM5,电子产品,电子产品,2323.1,4,9292.4,2024/03/08,华中,信用卡,pending,55,男
ORD002715,深入理解计算机系统,图书,图书图书,8748.24,10,87482.4,2025/03/13,华中,微信支付,completed,30,女
ORD002716,罗技 MX Master 3,电子产品,电子产品,5925.63,2,11851.26,2024/08/07,东北,支付宝,completed,30,女
ORD002717,网易严选床垫,家居,家居家居,8922.96,8,71383.68,2024/02/27,华东,信用卡,pending,25,男
ORD002718,三体全集,图书,图书图书,6008.62,1,6008.62,2024/04/01,西南,银行卡,completed,61,
ORD002719,Apple Watch,电子产品,电子产品,3152.94,4,12611.76,2024/10/09,华南,支付宝,completed,48,
ORD002720,百威啤酒,食品,食品食品,1134.23,9,10208.07,2025/02/23,西南,微信支付,completed,49,女
ORD002721,小米台灯,家居,家居家居,1123.2,8,8985.6,2025/01/23,华南,信用卡,pending,22,
ORD002722,九阳豆浆机,家居,家居家居,125.59,10,1255.9,2025/04/23,西南,微信支付,completed,42,男
ORD002723,德芙巧克力,食品,食品食品,5746.37,6,34478.22,2024/04/15,东北,银行卡,completed,25,
ORD002724,原则,图书,图书图书,5846.73,5,29233.65,2024/10/29,华南,微信支付,cancelled,51,
ORD002725,小米台灯,家居,家居家居,1079.77,5,5398.85,2024/02/07,东北,信用卡,cancelled,51,男
ORD002726,九阳豆浆机,家居,家居家居,3574.62,3,10723.86,2024/01/09,西南,信用卡,pending,65,女
ORD002727,Kindle Paperwhite,电子产品,电子产品,7883.64,3,23650.92,2025/05/24,西北,微信支付,completed,46,女
ORD002728,三体全集,图书,图书图书,923.62,9,8312.58,2024/03/13,华中,支付宝,completed,43,女
ORD002729,原则,图书,图书图书,9955.96,7,69691.72,2025/03/20,华北,支付宝,pending,51,
ORD002730,iPad Air,电子产品,电子产品,4265.75,9,38391.75,2025/02/13,华南,信用卡,completed,26,女
ORD002731,蒙牛纯牛奶,食品,食品食品,-7472.92,8,-59783.36,2024/08/06,华东,支付宝,completed,26,男
ORD002732,New Balance 574,服装,服装服装,6342.26,9,57080.34,2025/05/22,华北,微信支付,pending,20,女
ORD002733,AirPods Pro,电子产品,电子产品,5421.85,2,10843.7,2025/04/22,华中,支付宝,pending,20,女
ORD002734,深入理解计算机系统,图书,图书图书,8097.9,3,24293.7,2024/02/01,华中,银行卡,completed,54,
ORD002735,Sony WH-1000XM5,电子产品,电子产品,5214.55,8,41716.4,2024/05/15,西北,微信支付,completed,41,男
ORD002736,思考快与慢,图书,图书图书,38.37,9,345.33,2024/07/06,西南,微信支付,completed,65,女
ORD002737,星巴克咖啡豆,食品,食品食品,1359.1,8,10872.8,2025/03/29,西南,银行卡,refunded,31,女
ORD002738,农夫山泉,食品,食品食品,94.53,7,661.71,2024/07/11,华东,支付宝,completed,54,
ORD002739,德芙巧克力,食品,食品食品,3321.26,10,33212.6,2024/06/01,东北,信用卡,completed,27,男
ORD002740,Dell XPS 15,电子产品,电子产品,7999.8,2,15999.6,2024/08/24,东北,银行卡,completed,51,女
ORD002741,深入理解计算机系统,图书,图书图书,2575.43,2,5150.86,2024/12/28,华东,银行卡,refunded,38,女
ORD002742,Samsung Galaxy S24,电子产品,电子产品,3053.1,2,6106.2,2025/02/23,华南,微信支付,completed,22,
ORD002743,深入理解计算机系统,图书,图书图书,6446.56,2,12893.12,2025/05/27,西北,银行卡,completed,51,男
ORD002744,美的电饭煲,家居,家居家居,1956.74,4,7826.96,2024/11/04,华南,银行卡,cancelled,54,女
ORD002745,三只松鼠坚果礼盒,食品,食品食品,2985.14,4,11940.56,2024/01/01,华中,微信支付,refunded,42,男
ORD002746,思考快与慢,图书,图书图书,8086.03,7,56602.21,2025/03/29,华东,微信支付,refunded,53,男
ORD002747,九阳豆浆机,家居,家居家居,8877.73,3,26633.19,2024/03/10,东北,微信支付,pending,52,男
ORD002748,Nike Air Max,服装,服装服装,7856.75,7,54997.25,2025/04/29,华东,微信支付,refunded,25,男
ORD002749,小米台灯,家居,家居家居,5300.74,7,37105.18,2025/04/21,华南,支付宝,cancelled,26,女
ORD002750,三体全集,图书,图书图书,7657.43,2,15314.86,2024/04/18,西南,信用卡,completed,29,
ORD002751,原则,图书,图书图书,552.85,2,1105.7,2024/05/09,东北,银行卡,completed,44,男
ORD002752,蒙牛纯牛奶,食品,食品食品,7231.34,6,43388.04,2024/02/17,东北,微信支付,completed,60,男
ORD002753,蒙牛纯牛奶,食品,食品食品,6548.16,1,6548.16,2024/08/30,华南,信用卡,cancelled,29,女
ORD002754,Python编程从入门到实践,图书,图书图书,9758.69,3,29276.07,2024/07/29,华东,微信支付,cancelled,62,男
ORD002755,深入理解计算机系统,图书,图书图书,154.82,8,1238.56,2024/11/21,华北,银行卡,completed,45,男
ORD002756,Python编程从入门到实践,图书,图书图书,2032.7,4,8130.8,2024/05/01,华中,银行卡,completed,61,
ORD002757,美的电饭煲,家居,家居家居,559.4,7,3915.8,2025/02/11,华北,支付宝,cancelled,44,男
ORD002758,戴森吸尘器,家居,家居家居,6839.91,3,20519.73,2024/03/30,华中,微信支付,completed,40,
ORD002759,宜家书架,家居,家居家居,4052.12,9,36469.08,2024/01/19,东北,支付宝,cancelled,37,女
ORD002760,九阳豆浆机,家居,家居家居,7586.07,3,22758.21,2024/04/09,东北,信用卡,cancelled,56,女
ORD002761,iPad Air,电子产品,电子产品,6780.78,6,40684.68,2024/08/08,华北,信用卡,completed,64,
ORD002762,罗技 MX Master 3,电子产品,电子产品,1089.23,9,9803.07,2024/10/03,华东,支付宝,completed,46,女
ORD002763,Nike Air Max,服装,服装服装,8819.68,3,26459.04,2024/11/09,东北,支付宝,completed,34,
ORD002764,Python编程从入门到实践,图书,图书图书,9515.57,3,28546.71,2024/10/17,华东,微信支付,completed,43,男
ORD002765,Levi's 501,服装,服装服装,4747.46,4,18989.84,2024/05/06,华中,信用卡,pending,51,男
ORD002766,思考快与慢,图书,图书图书,7800.56,1,7800.56,2024/09/26,华中,银行卡,completed,50,
ORD002767,Zara 西装外套,服装,服装服装,2802.28,8,22418.24,2024/06/24,华南,微信支付,completed,22,男
ORD002768,H&M 连衣裙,服装,服装服装,1633.77,7,11436.39,2024/05/22,华中,银行卡,refunded,57,男
ORD002769,iPad Air,电子产品,电子产品,6612.79,5,33063.95,2024/12/14,西南,银行卡,completed,48,男
ORD002770,Adidas Ultraboost,服装,服装服装,2165.62,10,21656.2,2024/09/19,西南,银行卡,completed,35,男
ORD002771,小米台灯,家居,家居家居,6594.44,6,39566.64,2025/01/03,华中,信用卡,completed,51,男
ORD002772,宜家书架,家居,家居家居,6853.09,8,54824.72,2024/02/13,华北,信用卡,refunded,49,男
ORD002773,Zara 西装外套,服装,服装服装,2870.89,5,14354.45,2024/06/20,华北,信用卡,completed,65,男
ORD002774,戴森吸尘器,家居,家居家居,6656.96,1,6656.96,2025/03/22,西北,银行卡,completed,52,女
ORD002775,戴森吸尘器,家居,家居家居,3881.2,1,3881.2,2024/03/16,华东,银行卡,completed,23,女
ORD002776,Samsung Galaxy S24,电子产品,电子产品,3144.32,5,15721.6,2024/06/13,华南,微信支付,refunded,27,
ORD002777,Zara 西装外套,服装,服装服装,2570.05,9,23130.45,2024/05/17,西北,支付宝,pending,30,女
ORD002778,茅台酒,食品,食品食品,3718.17,5,18590.85,2025/04/04,华南,银行卡,cancelled,47,女
ORD002779,三只松鼠坚果礼盒,食品,食品食品,5959.44,10,59594.4,2024/05/16,西北,银行卡,completed,38,女
ORD002780,思考快与慢,图书,图书图书,2247.31,9,20225.79,2024/05/09,华东,支付宝,refunded,33,男
ORD002781,三只松鼠坚果礼盒,食品,食品食品,3711.63,1,3711.63,2025/03/03,华南,银行卡,completed,27,
ORD002782,戴森吸尘器,家居,家居家居,5058.58,2,10117.16,2025/03/04,东北,微信支付,completed,64,女
ORD002783,Levi's 501,服装,服装服装,2003.89,1,2003.89,2024/04/29,西南,微信支付,completed,38,女
ORD002784,Nike Air Max,服装,服装服装,6545.99,7,45821.93,2024/11/24,西南,支付宝,completed,61,男
ORD002785,Adidas Ultraboost,服装,服装服装,5236.75,8,41894.0,2024/12/30,华北,微信支付,pending,52,男
ORD002786,德芙巧克力,食品,食品食品,6696.51,10,66965.1,2024/03/02,华中,支付宝,completed,36,男
ORD002787,算法导论,图书,图书图书,2295.24,9,20657.16,2024/09/15,西南,信用卡,completed,19,男
ORD002788,蒙牛纯牛奶,食品,食品食品,8255.75,6,49534.5,2025/01/17,华中,信用卡,refunded,22,
ORD002789,茅台酒,食品,食品食品,4733.75,1,4733.75,2025/04/30,西北,银行卡,completed,47,女
ORD002790,北面冲锋衣,服装,服装服装,2712.63,10,27126.3,2024/06/19,西南,支付宝,completed,35,
ORD002791,小熊加湿器,家居,家居家居,5890.56,4,23562.24,2024/01/22,西南,支付宝,completed,46,女
ORD002792,农夫山泉,食品,食品食品,537.64,9,4838.76,2024/08/21,西南,银行卡,completed,37,男
ORD002793,蒙牛纯牛奶,食品,食品食品,166.81,5,834.05,2025/01/21,华南,信用卡,completed,26,男
ORD002794,宜家书架,家居,家居家居,5348.34,3,16045.02,2024/04/28,华东,银行卡,refunded,59,
ORD002795,iPad Air,电子产品,电子产品,3392.02,8,27136.16,2024/07/23,华北,支付宝,refunded,46,男
ORD002796,小米台灯,家居,家居家居,4917.76,3,14753.28,2024/08/14,华东,银行卡,refunded,29,女
ORD002797,优衣库羽绒服,服装,服装服装,8853.06,7,61971.42,2024/06/15,东北,银行卡,pending,43,男
ORD002798,德芙巧克力,食品,食品食品,6104.37,7,42730.59,2025/04/12,东北,支付宝,pending,54,男
ORD002799,Levi's 501,服装,服装服装,8376.18,9,75385.62,2025/01/27,华北,信用卡,pending,43,女
ORD002800,三只松鼠坚果礼盒,食品,食品食品,9668.38,7,67678.66,2025/05/01,东北,信用卡,completed,62,女
ORD002801,三体全集,图书,图书图书,6279.81,10,62798.1,2025/05/05,华中,微信支付,completed,40,女
ORD002802,戴森吸尘器,家居,家居家居,918.36,8,7346.88,2024/08/08,华北,微信支付,pending,58,
ORD002803,百威啤酒,食品,食品食品,5557.86,2,11115.72,2024/07/25,西南,微信支付,completed,28,女
ORD002804,农夫山泉,食品,食品食品,1117.35,10,11173.5,2025/05/24,华北,支付宝,pending,30,女
ORD002805,iPhone 15,电子产品,电子产品,9781.69,6,58690.14,2024/07/15,东北,银行卡,pending,38,男
ORD002806,算法导论,图书,图书图书,1822.24,7,12755.68,2025/04/13,东北,信用卡,completed,39,女
ORD002807,Nike Air Max,服装,服装服装,4456.83,8,35654.64,2025/03/28,西北,微信支付,pending,56,
ORD002808,优衣库羽绒服,服装,服装服装,9979.85,3,29939.55,2024/11/16,西南,银行卡,completed,42,女
ORD002809,茅台酒,食品,食品食品,646.27,4,2585.08,2024/10/12,东北,银行卡,completed,60,
ORD002810,茅台酒,食品,食品食品,3072.51,3,9217.53,2024/11/09,西北,微信支付,pending,37,女
ORD002811,宜家书架,家居,家居家居,8318.84,9,74869.56,2024/12/12,东北,信用卡,completed,60,女
ORD002812,Adidas Ultraboost,服装,服装服装,5413.39,4,21653.56,2025/04/02,华南,银行卡,completed,49,女
ORD002813,Levi's 501,服装,服装服装,6259.65,3,18778.95,2025/04/23,华南,信用卡,cancelled,29,
ORD002814,Python编程从入门到实践,图书,图书图书,4511.61,4,18046.44,2024/02/22,西南,支付宝,refunded,33,女
ORD002815,蒙牛纯牛奶,食品,食品食品,7190.62,8,57524.96,2024/06/04,华南,信用卡,completed,30,男
ORD002816,Sony WH-1000XM5,电子产品,电子产品,6546.3,9,58916.7,2025/01/17,华南,支付宝,refunded,19,
ORD002817,思考快与慢,图书,图书图书,799.55,5,3997.75,2025/02/23,华中,支付宝,completed,62,
ORD002818,德芙巧克力,食品,食品食品,1987.51,9,17887.59,2025/01/07,东北,支付宝,completed,45,
ORD002819,H&M 连衣裙,服装,服装服装,7132.79,5,35663.95,2024/02/19,东北,支付宝,pending,41,女
ORD002820,宜家书架,家居,家居家居,8714.26,6,52285.56,2024/09/21,华东,微信支付,completed,43,女
ORD002821,New Balance 574,服装,服装服装,7926.06,7,55482.42,2025/01/21,华中,支付宝,completed,31,女
ORD002822,人类简史,图书,图书图书,5426.79,7,37987.53,2024/01/09,华北,银行卡,completed,57,男
ORD002823,Levi's 501,服装,服装服装,3554.62,7,24882.34,2024/08/15,华南,支付宝,completed,19,女
ORD002824,Zara 西装外套,服装,服装服装,1063.46,8,8507.68,2025/02/15,华中,信用卡,refunded,52,
ORD002825,算法导论,图书,图书图书,771.76,8,6174.08,2025/04/13,华北,支付宝,refunded,27,
ORD002826,原则,图书,图书图书,7607.38,8,60859.04,2024/03/11,西北,银行卡,cancelled,25,
ORD002827,iPad Air,电子产品,电子产品,6720.36,2,13440.72,2025/01/31,华东,支付宝,completed,37,女
ORD002828,深入理解计算机系统,图书,图书图书,4934.13,4,19736.52,2024/02/24,西南,微信支付,cancelled,32,女
ORD002829,良品铺子零食包,食品,食品食品,200.68,4,802.72,2025/04/18,西南,微信支付,pending,24,男
ORD002830,小熊加湿器,家居,家居家居,5231.64,1,5231.64,2024/06/07,华东,微信支付,completed,54,
ORD002831,网易严选床垫,家居,家居家居,1552.21,4,6208.84,2024/08/14,西南,支付宝,completed,42,女
ORD002832,戴森吸尘器,家居,家居家居,5423.51,1,5423.51,2024/08/12,西北,银行卡,cancelled,39,
ORD002833,网易严选床垫,家居,家居家居,5827.23,1,5827.23,2025/03/19,东北,支付宝,pending,61,
ORD002834,德芙巧克力,食品,食品食品,9053.46,4,36213.84,2024/07/03,东北,微信支付,completed,22,女
ORD002835,农夫山泉,食品,食品食品,5634.2,10,56342.0,2025/05/21,华中,支付宝,refunded,64,
ORD002836,北面冲锋衣,服装,服装服装,3132.85,5,15664.25,2024/08/03,西南,银行卡,cancelled,23,女
ORD002837,深入理解计算机系统,图书,图书图书,5145.96,4,20583.84,2024/08/02,西南,信用卡,refunded,33,女
ORD002838,九阳豆浆机,家居,家居家居,7441.43,9,66972.87,2025/02/18,华北,银行卡,completed,37,女
ORD002839,蒙牛纯牛奶,食品,食品食品,4236.23,4,16944.92,2025/04/25,华南,支付宝,cancelled,34,女
ORD002840,Nike Air Max,服装,服装服装,9184.0,9,82656.0,2024/09/07,东北,银行卡,pending,27,女
ORD002841,美的电饭煲,家居,家居家居,7768.18,7,54377.26,2024/06/20,华东,信用卡,pending,47,男
ORD002842,百威啤酒,食品,食品食品,2587.45,7,18112.15,2024/08/15,华中,信用卡,completed,59,女
ORD002843,人类简史,图书,图书图书,6629.25,1,6629.25,2024/10/06,东北,微信支付,completed,32,
ORD002844,MacBook Air,电子产品,电子产品,4212.23,6,25273.38,2024/03/07,华南,支付宝,refunded,32,男
ORD002845,Levi's 501,服装,服装服装,6145.71,7,43019.97,2024/05/26,华东,银行卡,completed,53,
ORD002846,九阳豆浆机,家居,家居家居,8049.33,5,40246.65,2024/12/06,西南,微信支付,completed,26,
ORD002847,三体全集,图书,图书图书,8408.81,9,75679.29,2024/01/20,华北,支付宝,refunded,46,男
ORD002848,深入理解计算机系统,图书,图书图书,4578.94,2,9157.88,2024/04/21,华南,银行卡,pending,58,男
ORD002849,Dell XPS 15,电子产品,电子产品,7022.83,1,7022.83,2024/05/21,西南,信用卡,completed,43,男
ORD002850,算法导论,图书,图书图书,3860.87,2,7721.74,2024/04/29,华东,支付宝,pending,36,男
ORD002851,戴森吸尘器,家居,家居家居,2717.78,10,27177.8,2025/04/16,西南,信用卡,completed,39,
ORD002852,星巴克咖啡豆,食品,食品食品,7815.09,8,62520.72,2024/08/25,华中,微信支付,pending,39,女
ORD002853,北面冲锋衣,服装,服装服装,2056.67,7,14396.69,2024/03/31,华中,支付宝,refunded,61,女
ORD002854,iPhone 15,电子产品,电子产品,5813.51,6,34881.06,2024/04/17,华中,微信支付,pending,34,男
ORD002855,思考快与慢,图书,图书图书,8298.02,10,82980.2,2024/04/27,华南,支付宝,completed,23,男
ORD002856,网易严选床垫,家居,家居家居,2804.52,2,5609.04,2024/03/15,华北,银行卡,completed,59,
ORD002857,深入理解计算机系统,图书,图书图书,7773.88,9,69964.92,2025/01/22,东北,微信支付,completed,50,男
ORD002858,AirPods Pro,电子产品,电子产品,3819.07,7,26733.49,2024/11/30,西南,银行卡,completed,29,女
ORD002859,iPad Air,电子产品,电子产品,754.22,5,3771.1,2025/01/15,华南,银行卡,completed,57,男
ORD002860,思考快与慢,图书,图书图书,3906.68,2,7813.36,2024/05/28,东北,信用卡,completed,63,男
ORD002861,深入理解计算机系统,图书,图书图书,4585.83,6,27514.98,2024/07/05,华北,信用卡,pending,32,男
ORD002862,网易严选床垫,家居,家居家居,6197.0,4,24788.0,2025/02/18,华东,支付宝,completed,23,女
ORD002863,德芙巧克力,食品,食品食品,9553.97,9,85985.73,2024/10/05,华东,银行卡,pending,20,男
ORD002864,德芙巧克力,食品,食品食品,9138.52,6,54831.12,2025/04/05,西北,支付宝,completed,50,男
ORD002865,算法导论,图书,图书图书,7868.59,4,31474.36,2025/06/01,西南,微信支付,cancelled,38,男
ORD002866,茅台酒,食品,食品食品,6927.46,1,6927.46,2024/10/14,华南,支付宝,completed,27,女
ORD002867,星巴克咖啡豆,食品,食品食品,1243.08,1,1243.08,2025/03/19,华南,银行卡,completed,33,女
ORD002868,网易严选床垫,家居,家居家居,6550.62,1,6550.62,2025/05/11,华南,银行卡,cancelled,30,男
ORD002869,Adidas Ultraboost,服装,服装服装,9079.5,1,9079.5,2025/05/19,华东,信用卡,cancelled,59,
ORD002870,茅台酒,食品,食品食品,1357.71,8,10861.68,2024/07/15,西南,微信支付,completed,23,
ORD002871,原则,图书,图书图书,7658.84,8,61270.72,2025/05/23,华东,信用卡,refunded,64,
ORD002872,Nike Air Max,服装,服装服装,629.91,9,5669.19,2024/06/02,华中,银行卡,refunded,45,
ORD002873,H&M 连衣裙,服装,服装服装,1468.19,5,7340.95,2025/02/15,华东,微信支付,pending,55,男
ORD002874,Levi's 501,服装,服装服装,1883.02,10,18830.2,2024/01/23,华东,支付宝,completed,48,
ORD002875,Samsung Galaxy S24,电子产品,电子产品,1556.28,3,4668.84,2025/03/01,东北,信用卡,completed,65,女
ORD002876,Sony WH-1000XM5,电子产品,电子产品,4833.28,1,4833.28,2024/09/26,华东,微信支付,cancelled,50,
ORD002877,人类简史,图书,图书图书,6483.5,1,6483.5,2025/02/08,华中,银行卡,cancelled,18,
ORD002878,Nike Air Max,服装,服装服装,4658.87,10,46588.7,2025/01/20,西北,信用卡,pending,22,女
ORD002879,Samsung Galaxy S24,电子产品,电子产品,1078.61,10,10786.1,2024/02/19,西北,银行卡,completed,23,女
ORD002880,美的电饭煲,家居,家居家居,4230.05,3,12690.15,2024/04/01,东北,信用卡,completed,28,
ORD002881,Kindle Paperwhite,电子产品,电子产品,7668.49,1,7668.49,2024/04/04,华南,信用卡,pending,40,女
ORD002882,Nike Air Max,服装,服装服装,843.62,5,4218.1,2025/04/10,华北,银行卡,completed,26,男
ORD002883,Python编程从入门到实践,图书,图书图书,5198.01,4,20792.04,2024/02/06,华东,银行卡,completed,18,
ORD002884,算法导论,图书,图书图书,8234.3,2,16468.6,2025/05/24,西北,支付宝,completed,51,女
ORD002885,Samsung Galaxy S24,电子产品,电子产品,6968.15,1,6968.15,2024/11/29,东北,信用卡,refunded,43,男
ORD002886,良品铺子零食包,食品,食品食品,4439.6,4,17758.4,2024/03/23,华东,支付宝,completed,52,女
ORD002887,Nike Air Max,服装,服装服装,9790.92,5,48954.6,2025/03/09,华北,银行卡,completed,47,男
ORD002888,罗技 MX Master 3,电子产品,电子产品,7548.53,5,37742.65,2024/06/30,华北,银行卡,pending,23,男
ORD002889,北面冲锋衣,服装,服装服装,4403.97,2,8807.94,2024/08/11,西南,银行卡,cancelled,25,
ORD002890,iPhone 15,电子产品,电子产品,9310.32,7,65172.24,2025/01/17,华南,信用卡,completed,23,
ORD002891,网易严选床垫,家居,家居家居,4622.55,8,36980.4,2024/12/09,华东,微信支付,completed,28,男
ORD002892,算法导论,图书,图书图书,2458.17,9,22123.53,2024/09/14,华南,支付宝,pending,28,
ORD002893,农夫山泉,食品,食品食品,5536.95,6,33221.7,2024/07/03,西南,信用卡,completed,20,
ORD002894,Apple Watch,电子产品,电子产品,448.27,10,4482.7,2025/05/28,华东,微信支付,pending,21,女
ORD002895,MacBook Air,电子产品,电子产品,9461.88,4,37847.52,2024/03/07,华南,银行卡,completed,64,
ORD002896,Python编程从入门到实践,图书,图书图书,5648.07,4,22592.28,2024/09/03,西北,银行卡,completed,53,女
ORD002897,深入理解计算机系统,图书,图书图书,6859.71,7,48017.97,2024/09/08,西北,支付宝,completed,36,女
ORD002898,Levi's 501,服装,服装服装,6674.0,6,40044.0,2024/03/29,西南,信用卡,completed,32,男
ORD002899,AirPods Pro,电子产品,电子产品,8587.11,6,51522.66,2024/10/02,西南,信用卡,refunded,21,
ORD002900,北面冲锋衣,服装,服装服装,6924.26,8,55394.08,2025/04/17,华南,支付宝,completed,18,男
ORD002901,网易严选床垫,家居,家居家居,3508.84,6,21053.04,2024/06/30,华中,微信支付,refunded,44,
ORD002902,宜家书架,家居,家居家居,9224.08,1,9224.08,2024/07/17,华东,支付宝,completed,62,
ORD002903,良品铺子零食包,食品,食品食品,3315.5,2,6631.0,2025/04/21,华中,微信支付,completed,56,男
ORD002904,New Balance 574,服装,服装服装,9149.66,10,91496.6,2024/11/02,西北,支付宝,pending,22,男
ORD002905,三只松鼠坚果礼盒,食品,食品食品,8741.46,3,26224.38,2024/06/05,西北,微信支付,completed,44,
ORD002906,Python编程从入门到实践,图书,图书图书,7049.29,9,63443.61,2024/02/03,华东,支付宝,completed,31,
ORD002907,德芙巧克力,食品,食品食品,7501.76,8,60014.08,2025/01/19,西南,支付宝,completed,25,男
ORD002908,Levi's 501,服装,服装服装,2629.24,2,5258.48,2024/08/29,东北,信用卡,completed,47,女
ORD002909,农夫山泉,食品,食品食品,8975.93,9,80783.37,2024/06/03,华南,微信支付,completed,62,男
ORD002910,Zara 西装外套,服装,服装服装,1835.08,5,9175.4,2024/07/05,华南,支付宝,completed,19,
ORD002911,三体全集,图书,图书图书,4537.17,2,9074.34,2024/08/17,西南,微信支付,refunded,23,女
ORD002912,New Balance 574,服装,服装服装,5609.93,7,39269.51,2025/02/28,西南,支付宝,completed,65,
ORD002913,New Balance 574,服装,服装服装,7684.61,1,7684.61,2024/03/31,华中,微信支付,completed,21,男
ORD002914,农夫山泉,食品,食品食品,7253.1,1,7253.1,2025/03/21,西北,信用卡,completed,21,女
ORD002915,星巴克咖啡豆,食品,食品食品,9176.74,2,18353.48,2024/06/22,华北,银行卡,pending,57,男
ORD002916,戴森吸尘器,家居,家居家居,3306.98,8,26455.84,2025/03/22,华南,支付宝,pending,21,
ORD002917,H&M 连衣裙,服装,服装服装,5726.94,5,28634.7,2024/09/18,东北,微信支付,completed,50,
ORD002918,网易严选床垫,家居,家居家居,1226.04,3,3678.12,2024/12/22,华东,微信支付,refunded,56,
ORD002919,良品铺子零食包,食品,食品食品,6018.74,8,48149.92,2024/06/02,华中,银行卡,pending,64,女
ORD002920,星巴克咖啡豆,食品,食品食品,6520.66,3,19561.98,2024/07/02,华东,微信支付,completed,21,男
ORD002921,戴森吸尘器,家居,家居家居,9764.01,1,9764.01,2024/08/18,华北,微信支付,completed,41,男
ORD002922,Samsung Galaxy S24,电子产品,电子产品,5309.97,9,47789.73,2024/10/19,西南,信用卡,completed,40,男
ORD002923,iPhone 15,电子产品,电子产品,8029.18,7,56204.26,2024/01/14,西南,微信支付,completed,60,男
ORD002924,Adidas Ultraboost,服装,服装服装,1959.13,1,1959.13,2025/02/16,西北,银行卡,pending,38,
ORD002925,Dell XPS 15,电子产品,电子产品,9068.87,4,36275.48,2024/12/13,西南,微信支付,completed,51,男
ORD002926,Apple Watch,电子产品,电子产品,3449.4,3,10348.2,2024/10/06,华中,信用卡,completed,21,
ORD002927,Nike Air Max,服装,服装服装,9963.68,9,89673.12,2025/04/19,东北,微信支付,pending,59,
ORD002928,小熊加湿器,家居,家居家居,729.76,1,729.76,2024/09/05,华南,信用卡,pending,46,
ORD002929,Adidas Ultraboost,服装,服装服装,5605.39,1,5605.39,2024/01/02,华中,支付宝,completed,47,
ORD002930,北面冲锋衣,服装,服装服装,5979.57,7,41856.99,2024/08/01,西北,支付宝,completed,24,女
ORD002931,人类简史,图书,图书图书,6749.37,5,33746.85,2025/05/20,华东,信用卡,cancelled,28,男
ORD002932,小米台灯,家居,家居家居,9785.54,10,97855.4,2024/01/09,华南,支付宝,pending,19,女
ORD002933,Levi's 501,服装,服装服装,8817.31,8,70538.48,2025/05/14,华北,信用卡,completed,44,女
ORD002934,New Balance 574,服装,服装服装,5307.06,3,15921.18,2024/06/06,华中,微信支付,pending,35,
ORD002935,Nike Air Max,服装,服装服装,8398.47,9,75586.23,2024/10/02,华东,支付宝,completed,53,
ORD002936,Nike Air Max,服装,服装服装,7627.25,4,30509.0,2025/03/14,华中,微信支付,completed,43,女
ORD002937,深入理解计算机系统,图书,图书图书,8282.21,4,33128.84,2024/09/01,西南,信用卡,refunded,43,男
ORD002938,蒙牛纯牛奶,食品,食品食品,5506.92,6,33041.52,2024/04/09,华东,银行卡,pending,42,男
ORD002939,美的电饭煲,家居,家居家居,5957.2,4,23828.8,2024/10/02,东北,微信支付,completed,52,
ORD002940,Kindle Paperwhite,电子产品,电子产品,7821.48,10,78214.8,2024/10/27,东北,支付宝,completed,47,男
ORD002941,Kindle Paperwhite,电子产品,电子产品,1774.17,10,17741.7,2024/05/05,华东,支付宝,cancelled,20,女
ORD002942,原则,图书,图书图书,6335.81,8,50686.48,2024/10/09,西北,银行卡,completed,35,女
ORD002943,iPad Air,电子产品,电子产品,2446.0,1,2446.0,2024/02/02,华南,微信支付,refunded,29,
ORD002944,戴森吸尘器,家居,家居家居,2369.96,9,21329.64,2024/12/15,华东,银行卡,pending,40,
ORD002945,Kindle Paperwhite,电子产品,电子产品,6802.88,1,6802.88,2024/01/20,华东,微信支付,cancelled,46,女
ORD002946,星巴克咖啡豆,食品,食品食品,296.37,3,889.11,2025/05/07,西北,支付宝,completed,41,男
ORD002947,农夫山泉,食品,食品食品,4787.06,10,47870.6,2024/03/27,华南,微信支付,refunded,41,
ORD002948,算法导论,图书,图书图书,3432.93,8,27463.44,2024/10/29,西南,信用卡,pending,61,女
ORD002949,算法导论,图书,图书图书,5764.94,3,17294.82,2024/04/07,东北,支付宝,completed,33,男
ORD002950,百威啤酒,食品,食品食品,2046.92,7,14328.44,2024/03/11,华南,微信支付,completed,30,女
ORD002951,H&M 连衣裙,服装,服装服装,4205.36,9,37848.24,2024/10/08,华北,信用卡,completed,37,男
ORD002952,美的电饭煲,家居,家居家居,5249.06,4,20996.24,2024/05/28,西北,信用卡,pending,52,女
ORD002953,百威啤酒,食品,食品食品,1978.22,2,3956.44,2024/05/11,华北,信用卡,pending,47,女
ORD002954,戴森吸尘器,家居,家居家居,4434.39,6,26606.34,2025/03/22,华中,银行卡,completed,29,男
ORD002955,农夫山泉,食品,食品食品,621.39,6,3728.34,2024/09/01,东北,信用卡,completed,38,
ORD002956,宜家书架,家居,家居家居,4546.93,9,40922.37,2025/05/20,东北,支付宝,completed,61,女
ORD002957,优衣库羽绒服,服装,服装服装,8711.22,3,26133.66,2025/02/14,华东,信用卡,pending,37,
ORD002958,H&M 连衣裙,服装,服装服装,338.02,5,1690.1,2024/04/03,华北,信用卡,completed,44,女
ORD002959,Zara 西装外套,服装,服装服装,1037.75,2,2075.5,2025/04/07,西北,信用卡,completed,52,男
ORD002960,AirPods Pro,电子产品,电子产品,4984.95,5,24924.75,2025/02/26,西南,银行卡,cancelled,20,男
ORD002961,优衣库羽绒服,服装,服装服装,7011.87,9,63106.83,2024/10/06,华东,信用卡,completed,35,女
ORD002962,H&M 连衣裙,服装,服装服装,6432.57,7,45027.99,2024/03/12,华南,微信支付,completed,36,
ORD002963,罗技 MX Master 3,电子产品,电子产品,9112.99,5,45564.95,2024/02/09,华中,支付宝,completed,59,女
ORD002964,深入理解计算机系统,图书,图书图书,4821.44,3,14464.32,2024/10/24,华中,银行卡,completed,29,
ORD002965,良品铺子零食包,食品,食品食品,9091.01,6,54546.06,2024/06/16,西北,银行卡,pending,60,男
ORD002966,百威啤酒,食品,食品食品,9775.03,4,39100.12,2025/02/11,西北,支付宝,pending,60,
ORD002967,MacBook Air,电子产品,电子产品,6496.1,7,45472.7,2024/07/24,华东,信用卡,pending,32,女
ORD002968,星巴克咖啡豆,食品,食品食品,4626.27,2,9252.54,2024/12/11,华北,银行卡,completed,58,
ORD002969,深入理解计算机系统,图书,图书图书,7607.14,7,53249.98,2025/02/28,东北,银行卡,completed,47,男
ORD002970,九阳豆浆机,家居,家居家居,979.61,5,4898.05,2024/10/06,东北,微信支付,refunded,57,
ORD002971,算法导论,图书,图书图书,7845.54,10,78455.4,2025/04/01,西南,支付宝,completed,20,男
ORD002972,宜家书架,家居,家居家居,4249.82,5,21249.1,2025/05/16,西北,信用卡,completed,20,
ORD002973,三体全集,图书,图书图书,7838.32,2,15676.64,2024/08/29,华东,微信支付,completed,59,
ORD002974,良品铺子零食包,食品,食品食品,1286.46,10,12864.6,2024/01/10,东北,微信支付,cancelled,49,男
ORD002975,算法导论,图书,图书图书,6579.55,8,52636.4,2024/08/06,华南,支付宝,completed,49,女
ORD002976,戴森吸尘器,家居,家居家居,634.16,3,1902.48,2024/11/26,华东,支付宝,completed,27,男
ORD002977,九阳豆浆机,家居,家居家居,8011.81,7,56082.67,2025/03/05,华东,支付宝,pending,37,
ORD002978,北面冲锋衣,服装,服装服装,8055.98,1,8055.98,2024/07/13,华北,微信支付,completed,18,男
ORD002979,Kindle Paperwhite,电子产品,电子产品,7392.58,4,29570.32,2024/09/21,华北,微信支付,cancelled,60,
ORD002980,Levi's 501,服装,服装服装,1098.82,9,9889.38,2025/02/17,华东,银行卡,pending,30,女
ORD002981,九阳豆浆机,家居,家居家居,2226.28,1,2226.28,2024/04/22,西南,信用卡,pending,40,男
ORD002982,Adidas Ultraboost,服装,服装服装,8433.64,6,50601.84,2024/01/12,东北,微信支付,cancelled,37,
ORD002983,Dell XPS 15,电子产品,电子产品,2337.56,8,18700.48,2025/02/27,西北,微信支付,completed,22,男
ORD002984,Levi's 501,服装,服装服装,9593.65,3,28780.95,2024/07/28,华南,银行卡,completed,61,女
ORD002985,优衣库羽绒服,服装,服装服装,2929.77,2,5859.54,2024/03/19,东北,信用卡,completed,21,男
ORD002986,Python编程从入门到实践,图书,图书图书,2856.91,5,14284.55,2024/04/05,华北,信用卡,completed,61,
ORD002987,H&M 连衣裙,服装,服装服装,1950.09,7,13650.63,2025/01/19,东北,支付宝,pending,61,男
ORD002988,三体全集,图书,图书图书,5739.21,5,28696.05,2025/02/23,东北,支付宝,completed,18,
ORD002989,农夫山泉,食品,食品食品,6457.37,10,64573.7,2024/11/24,华南,微信支付,completed,24,
ORD002990,星巴克咖啡豆,食品,食品食品,295.88,5,1479.4,2024/01/06,华东,信用卡,completed,38,
ORD002991,小米台灯,家居,家居家居,6011.87,6,36071.22,2024/11/07,华北,支付宝,completed,25,女
ORD002992,戴森吸尘器,家居,家居家居,2609.45,6,15656.7,2025/05/14,西南,银行卡,pending,37,男
ORD002993,德芙巧克力,食品,食品食品,7347.17,3,22041.51,2024/01/23,华北,支付宝,completed,45,
ORD002994,AirPods Pro,电子产品,电子产品,1750.47,6,10502.82,2024/10/11,华南,信用卡,completed,31,男
ORD002995,百威啤酒,食品,食品食品,122.5,9,1102.5,2024/05/18,西南,银行卡,cancelled,25,
ORD002996,茅台酒,食品,食品食品,2841.89,2,5683.78,2024/07/07,华东,信用卡,pending,42,男
ORD002997,良品铺子零食包,食品,食品食品,1697.66,4,6790.64,2024/08/03,华南,信用卡,cancelled,26,
ORD002998,农夫山泉,食品,食品食品,3330.92,4,13323.68,2024/04/09,东北,银行卡,cancelled,45,女
ORD002999,德芙巧克力,食品,食品食品,820.48,9,7384.32,2024/01/29,华中,银行卡,cancelled,41,女
ORD003000,算法导论,图书,图书图书,6512.81,6,39076.86,2024/02/08,华南,信用卡,completed,32,男
ORD003001,原则,图书,图书图书,4582.82,2,9165.64,2024/02/18,西南,银行卡,pending,64,男
ORD003002,北面冲锋衣,服装,服装服装,4344.86,3,13034.58,2024/12/09,西南,信用卡,cancelled,47,
ORD003003,New Balance 574,服装,服装服装,2331.71,5,11658.55,2024/04/19,华东,信用卡,cancelled,64,
ORD003004,茅台酒,食品,食品食品,2718.98,10,27189.8,2024/12/18,华东,微信支付,cancelled,18,
ORD003005,Levi's 501,服装,服装服装,6408.22,10,64082.2,2024/12/01,东北,微信支付,completed,36,女
ORD003006,蒙牛纯牛奶,食品,食品食品,1490.91,4,5963.64,2025/05/07,西南,支付宝,completed,44,
ORD003007,H&M 连衣裙,服装,服装服装,2746.64,4,10986.56,2025/03/21,东北,支付宝,pending,29,男
ORD003008,宜家书架,家居,家居家居,6410.13,3,19230.39,2024/02/19,华中,信用卡,completed,31,女
ORD003009,百威啤酒,食品,食品食品,2741.82,8,21934.56,2025/02/04,华北,银行卡,completed,36,女
ORD003010,思考快与慢,图书,图书图书,787.73,6,4726.38,2024/02/11,华东,信用卡,completed,19,男
ORD003011,深入理解计算机系统,图书,图书图书,950.99,7,6656.93,2024/09/22,华北,支付宝,completed,53,男
ORD003012,Levi's 501,服装,服装服装,2604.69,7,18232.83,2024/03/27,华南,银行卡,completed,59,女
ORD003013,九阳豆浆机,家居,家居家居,2251.63,2,4503.26,2025/01/23,西北,微信支付,completed,33,男
ORD003014,小熊加湿器,家居,家居家居,6173.63,7,43215.41,2024/05/17,西南,支付宝,completed,23,
ORD003015,Sony WH-1000XM5,电子产品,电子产品,9893.04,10,98930.4,2024/08/02,华东,信用卡,completed,43,女
ORD003016,Dell XPS 15,电子产品,电子产品,770.5,9,6934.5,2024/09/04,东北,微信支付,completed,43,男
ORD003017,茅台酒,食品,食品食品,4251.2,3,12753.6,2024/12/28,华南,银行卡,completed,31,
ORD003018,Zara 西装外套,服装,服装服装,7254.66,4,29018.64,2024/11/07,华中,银行卡,completed,20,女
ORD003019,Kindle Paperwhite,电子产品,电子产品,87.74,9,789.66,2024/05/01,华北,信用卡,completed,39,女
ORD003020,深入理解计算机系统,图书,图书图书,1597.59,6,9585.54,2024/06/14,华中,微信支付,completed,50,女
ORD003021,网易严选床垫,家居,家居家居,9538.89,3,28616.67,2025/05/13,华东,微信支付,completed,43,女
ORD003022,算法导论,图书,图书图书,1805.64,1,1805.64,2025/03/21,华南,支付宝,completed,30,男
ORD003023,Apple Watch,电子产品,电子产品,6098.78,1,6098.78,2024/05/28,华北,微信支付,pending,32,男
ORD003024,Sony WH-1000XM5,电子产品,电子产品,5552.38,6,33314.28,2024/12/01,西南,信用卡,refunded,30,女
ORD003025,小米台灯,家居,家居家居,4982.36,1,4982.36,2024/08/07,东北,银行卡,completed,55,
ORD003026,小米台灯,家居,家居家居,6187.16,10,61871.6,2024/11/06,东北,银行卡,cancelled,45,
ORD003027,戴森吸尘器,家居,家居家居,4632.21,8,37057.68,2024/09/04,华中,微信支付,pending,61,女
ORD003028,百威啤酒,食品,食品食品,1511.29,3,4533.87,2024/01/25,华北,支付宝,completed,39,女
ORD003029,优衣库羽绒服,服装,服装服装,9132.26,4,36529.04,2025/01/05,西北,微信支付,refunded,59,
ORD003030,戴森吸尘器,家居,家居家居,6694.63,8,53557.04,2024/10/15,西南,信用卡,completed,48,
ORD003031,优衣库羽绒服,服装,服装服装,7203.52,4,28814.08,2024/01/29,西北,支付宝,completed,25,男
ORD003032,Nike Air Max,服装,服装服装,2612.34,8,20898.72,2024/02/02,华北,银行卡,completed,51,女
ORD003033,人类简史,图书,图书图书,9025.86,1,9025.86,2025/02/22,华南,银行卡,refunded,55,男
ORD003034,思考快与慢,图书,图书图书,5045.88,8,40367.04,2025/01/04,华中,信用卡,completed,34,
ORD003035,人类简史,图书,图书图书,3704.73,8,29637.84,2025/04/05,华东,支付宝,completed,44,
ORD003036,Nike Air Max,服装,服装服装,2439.72,9,21957.48,2025/03/25,东北,微信支付,completed,52,
ORD003037,九阳豆浆机,家居,家居家居,3171.79,10,31717.9,2024/10/29,华中,支付宝,completed,49,女
ORD003038,良品铺子零食包,食品,食品食品,329.91,3,989.73,2025/02/24,西北,银行卡,pending,38,男
ORD003039,Adidas Ultraboost,服装,服装服装,8249.41,5,41247.05,2024/10/26,东北,银行卡,refunded,41,男
ORD003040,Samsung Galaxy S24,电子产品,电子产品,292.28,7,2045.96,2024/03/02,西北,支付宝,completed,61,女
ORD003041,Levi's 501,服装,服装服装,3652.5,5,18262.5,2024/05/15,华南,信用卡,pending,36,
ORD003042,Nike Air Max,服装,服装服装,2224.76,3,6674.28,2024/02/28,华东,支付宝,completed,21,男
ORD003043,思考快与慢,图书,图书图书,7756.16,5,38780.8,2024/06/29,华南,微信支付,completed,40,女
ORD003044,AirPods Pro,电子产品,电子产品,1916.08,9,17244.72,2025/01/14,华南,支付宝,completed,20,男
ORD003045,深入理解计算机系统,图书,图书图书,362.34,1,362.34,2025/01/22,华中,银行卡,pending,56,
ORD003046,北面冲锋衣,服装,服装服装,1099.83,9,9898.47,2024/01/24,华北,微信支付,pending,63,女
ORD003047,百威啤酒,食品,食品食品,3634.48,9,32710.32,2024/03/01,华南,信用卡,completed,47,男
ORD003048,Python编程从入门到实践,图书,图书图书,8864.21,10,88642.1,2025/03/22,华北,支付宝,completed,51,女
ORD003049,Sony WH-1000XM5,电子产品,电子产品,6324.31,6,37945.86,2024/10/24,东北,微信支付,completed,19,男
ORD003050,Sony WH-1000XM5,电子产品,电子产品,7433.43,6,44600.58,2025/05/29,西南,支付宝,completed,42,女
ORD003051,美的电饭煲,家居,家居家居,7107.39,4,28429.56,2024/07/13,华中,银行卡,completed,52,男
ORD003052,美的电饭煲,家居,家居家居,9666.79,9,87001.11,2024/10/31,华东,微信支付,completed,27,男
ORD003053,戴森吸尘器,家居,家居家居,230.79,7,1615.53,2024/04/30,华中,信用卡,pending,30,男
ORD003054,三只松鼠坚果礼盒,食品,食品食品,3931.51,6,23589.06,2025/01/28,华南,微信支付,completed,37,男
ORD003055,德芙巧克力,食品,食品食品,3342.04,3,10026.12,2024/11/26,华中,信用卡,pending,62,女
ORD003056,宜家书架,家居,家居家居,530.99,2,1061.98,2024/10/08,华中,微信支付,completed,62,女
ORD003057,罗技 MX Master 3,电子产品,电子产品,6976.79,10,69767.9,2024/08/25,华南,微信支付,completed,53,女
ORD003058,星巴克咖啡豆,食品,食品食品,4301.27,2,8602.54,2025/05/01,西南,银行卡,pending,48,女
ORD003059,蒙牛纯牛奶,食品,食品食品,3552.43,7,24867.01,2024/09/22,华北,银行卡,pending,50,
ORD003060,Sony WH-1000XM5,电子产品,电子产品,6182.35,10,61823.5,2025/05/17,西北,微信支付,cancelled,27,
ORD003061,iPad Air,电子产品,电子产品,3187.33,2,6374.66,2024/09/11,西南,银行卡,completed,57,
ORD003062,Adidas Ultraboost,服装,服装服装,6511.58,1,6511.58,2024/06/09,华南,微信支付,pending,56,
ORD003063,三只松鼠坚果礼盒,食品,食品食品,6737.46,2,13474.92,2024/04/27,华中,银行卡,refunded,38,
ORD003064,三体全集,图书,图书图书,6995.05,1,6995.05,2024/12/20,西北,银行卡,completed,64,
ORD003065,Kindle Paperwhite,电子产品,电子产品,9848.26,2,19696.52,2024/01/11,东北,支付宝,refunded,18,女
ORD003066,戴森吸尘器,家居,家居家居,2959.13,6,17754.78,2024/07/20,华北,支付宝,completed,28,女
ORD003067,农夫山泉,食品,食品食品,4082.72,2,8165.44,2024/04/09,华东,支付宝,completed,56,男
ORD003068,美的电饭煲,家居,家居家居,2880.86,2,5761.72,2025/01/06,华南,银行卡,completed,29,男
ORD003069,农夫山泉,食品,食品食品,2414.59,6,14487.54,2024/09/04,华北,银行卡,cancelled,50,女
ORD003070,九阳豆浆机,家居,家居家居,535.39,4,2141.56,2025/02/27,华南,银行卡,completed,53,男
ORD003071,H&M 连衣裙,服装,服装服装,2546.83,4,10187.32,2024/02/23,东北,银行卡,completed,44,女
ORD003072,MacBook Air,电子产品,电子产品,9262.11,9,83358.99,2024/04/12,华中,银行卡,pending,58,女
ORD003073,德芙巧克力,食品,食品食品,5138.47,10,51384.7,2025/05/29,西南,微信支付,completed,22,女
ORD003074,Samsung Galaxy S24,电子产品,电子产品,2785.2,4,11140.8,2024/06/24,华中,信用卡,completed,54,女
ORD003075,九阳豆浆机,家居,家居家居,4572.53,9,41152.77,2024/06/14,华中,支付宝,completed,43,
ORD003076,蒙牛纯牛奶,食品,食品食品,6909.08,7,48363.56,2025/05/03,东北,微信支付,completed,38,女
ORD003077,Sony WH-1000XM5,电子产品,电子产品,6209.39,10,62093.9,2024/12/26,华南,信用卡,completed,29,
ORD003078,小米台灯,家居,家居家居,5695.41,1,5695.41,2024/04/21,东北,银行卡,completed,43,男
ORD003079,百威啤酒,食品,食品食品,3600.42,5,18002.1,2024/11/09,西北,微信支付,completed,57,女
ORD003080,AirPods Pro,电子产品,电子产品,8124.05,3,24372.15,2024/05/08,华中,微信支付,completed,42,
ORD003081,农夫山泉,食品,食品食品,4896.84,4,19587.36,2025/05/30,华东,支付宝,completed,46,女
ORD003082,优衣库羽绒服,服装,服装服装,3917.57,6,23505.42,2024/11/06,西南,银行卡,pending,58,女
ORD003083,蒙牛纯牛奶,食品,食品食品,5617.31,3,16851.93,2025/02/26,华南,微信支付,completed,23,
ORD003084,德芙巧克力,食品,食品食品,2004.86,1,2004.86,2024/03/03,华南,银行卡,cancelled,33,男
ORD003085,Adidas Ultraboost,服装,服装服装,8782.41,7,61476.87,2025/05/06,华东,银行卡,completed,57,女
ORD003086,百威啤酒,食品,食品食品,8975.81,3,26927.43,2024/01/17,西北,银行卡,completed,25,女
ORD003087,九阳豆浆机,家居,家居家居,1472.52,3,4417.56,2025/03/05,华东,银行卡,pending,33,男
ORD003088,网易严选床垫,家居,家居家居,3619.71,3,10859.13,2024/03/16,华南,银行卡,pending,38,
ORD003089,思考快与慢,图书,图书图书,6729.48,7,47106.36,2024/05/19,东北,支付宝,refunded,65,女
ORD003090,宜家书架,家居,家居家居,6015.17,1,6015.17,2024/08/30,东北,银行卡,cancelled,61,
ORD003091,小熊加湿器,家居,家居家居,1289.03,1,1289.03,2025/01/01,华北,微信支付,cancelled,65,女
ORD003092,Zara 西装外套,服装,服装服装,2586.7,1,2586.7,2024/07/29,西北,微信支付,pending,33,男
ORD003093,New Balance 574,服装,服装服装,1930.61,6,11583.66,2025/04/08,华南,支付宝,completed,34,女
ORD003094,Adidas Ultraboost,服装,服装服装,7781.67,8,62253.36,2025/05/19,华南,支付宝,pending,41,男
ORD003095,MacBook Air,电子产品,电子产品,5044.74,2,10089.48,2024/12/19,华中,微信支付,completed,30,
ORD003096,MacBook Air,电子产品,电子产品,8417.85,4,33671.4,2024/06/09,西北,信用卡,pending,34,男
ORD003097,思考快与慢,图书,图书图书,3560.46,7,24923.22,2024/12/02,华东,信用卡,completed,63,男
ORD003098,Zara 西装外套,服装,服装服装,9157.12,5,45785.6,2024/07/20,华北,信用卡,refunded,34,女
ORD003099,星巴克咖啡豆,食品,食品食品,8131.92,3,24395.76,2024/03/12,西北,信用卡,pending,57,女
ORD003100,戴森吸尘器,家居,家居家居,423.47,6,2540.82,2024/04/01,华北,支付宝,completed,46,男
ORD003101,Levi's 501,服装,服装服装,2508.06,4,10032.24,2024/11/29,华东,支付宝,refunded,36,女
ORD003102,三体全集,图书,图书图书,3169.71,7,22187.97,2024/05/16,华东,信用卡,completed,53,男
ORD003103,百威啤酒,食品,食品食品,469.66,7,3287.62,2024/09/21,华东,支付宝,completed,55,女
ORD003104,星巴克咖啡豆,食品,食品食品,1980.77,5,9903.85,2024/12/12,华中,支付宝,completed,65,
ORD003105,人类简史,图书,图书图书,3903.04,2,7806.08,2025/03/12,华中,支付宝,completed,44,
ORD003106,深入理解计算机系统,图书,图书图书,6975.79,7,48830.53,2024/09/23,东北,信用卡,pending,54,女
ORD003107,人类简史,图书,图书图书,6753.5,8,54028.0,2024/12/19,华北,微信支付,completed,22,男
ORD003108,九阳豆浆机,家居,家居家居,3123.94,1,3123.94,2025/04/06,西南,支付宝,pending,22,女
ORD003109,良品铺子零食包,食品,食品食品,9620.36,2,19240.72,2024/11/23,华东,微信支付,pending,41,女
ORD003110,MacBook Air,电子产品,电子产品,7900.97,7,55306.79,2024/03/07,华北,微信支付,pending,42,女
ORD003111,Adidas Ultraboost,服装,服装服装,112.53,9,1012.77,2024/03/25,西北,支付宝,pending,62,
ORD003112,Sony WH-1000XM5,电子产品,电子产品,2336.4,3,7009.2,2025/05/26,华南,支付宝,completed,45,男
ORD003113,星巴克咖啡豆,食品,食品食品,8532.02,2,17064.04,2024/03/19,华东,微信支付,pending,27,
ORD003114,三体全集,图书,图书图书,2218.72,3,6656.16,2024/04/18,华南,支付宝,completed,34,
ORD003115,原则,图书,图书图书,9176.99,3,27530.97,2024/07/05,华东,微信支付,completed,64,女
ORD003116,人类简史,图书,图书图书,7629.4,8,61035.2,2024/04/04,华中,银行卡,refunded,22,女
ORD003117,百威啤酒,食品,食品食品,9172.71,1,9172.71,2024/06/28,华南,微信支付,pending,22,女
ORD003118,九阳豆浆机,家居,家居家居,6397.56,2,12795.12,2024/05/11,西南,支付宝,completed,38,女
ORD003119,小米台灯,家居,家居家居,455.06,2,910.12,2024/10/31,华东,银行卡,completed,21,女
ORD003120,百威啤酒,食品,食品食品,8864.09,10,88640.9,2025/05/02,华东,信用卡,pending,39,女
ORD003121,原则,图书,图书图书,9620.31,8,76962.48,2024/02/29,东北,信用卡,pending,40,女
ORD003122,深入理解计算机系统,图书,图书图书,8349.78,1,8349.78,2024/01/17,华中,银行卡,completed,36,男
ORD003123,优衣库羽绒服,服装,服装服装,3396.48,5,16982.4,2024/04/05,华东,微信支付,completed,59,男
ORD003124,蒙牛纯牛奶,食品,食品食品,1848.0,6,11088.0,2025/02/02,华北,微信支付,completed,21,男
ORD003125,Levi's 501,服装,服装服装,2267.96,2,4535.92,2025/04/01,华北,微信支付,completed,49,女
ORD003126,Levi's 501,服装,服装服装,871.19,9,7840.71,2024/09/13,西北,银行卡,completed,50,男
ORD003127,星巴克咖啡豆,食品,食品食品,6759.25,1,6759.25,2024/10/12,华南,微信支付,pending,50,
ORD003128,Nike Air Max,服装,服装服装,1221.51,1,1221.51,2025/01/17,华北,信用卡,completed,45,女
ORD003129,Levi's 501,服装,服装服装,1075.1,7,7525.7,2024/02/25,华东,信用卡,cancelled,60,女
ORD003130,星巴克咖啡豆,食品,食品食品,90.03,9,810.27,2024/07/02,西南,信用卡,refunded,35,女
ORD003131,三体全集,图书,图书图书,1189.76,7,8328.32,2024/03/14,华南,银行卡,completed,59,女
ORD003132,北面冲锋衣,服装,服装服装,1396.46,9,12568.14,2024/04/17,东北,信用卡,completed,53,
ORD003133,人类简史,图书,图书图书,3512.74,6,21076.44,2024/07/30,华中,信用卡,pending,32,男
ORD003134,星巴克咖啡豆,食品,食品食品,1318.16,9,11863.44,2024/06/22,西北,微信支付,completed,50,男
ORD003135,Zara 西装外套,服装,服装服装,4246.59,2,8493.18,2024/02/19,华北,信用卡,completed,27,男
ORD003136,宜家书架,家居,家居家居,4088.44,9,36795.96,2024/10/21,西北,信用卡,completed,39,
ORD003137,Zara 西装外套,服装,服装服装,3979.96,6,23879.76,2025/05/25,东北,银行卡,pending,30,女
ORD003138,Apple Watch,电子产品,电子产品,297.91,1,297.91,2025/05/29,华北,银行卡,completed,61,
ORD003139,原则,图书,图书图书,4397.3,3,13191.9,2025/02/02,华北,微信支付,cancelled,18,男
ORD003140,网易严选床垫,家居,家居家居,6141.11,5,30705.55,2025/04/16,西南,信用卡,completed,30,
ORD003141,德芙巧克力,食品,食品食品,3698.27,8,29586.16,2025/02/19,华北,银行卡,refunded,56,女
ORD003142,蒙牛纯牛奶,食品,食品食品,3634.92,8,29079.36,2025/03/19,东北,微信支付,completed,19,
ORD003143,北面冲锋衣,服装,服装服装,9739.5,5,48697.5,2024/11/16,东北,支付宝,completed,44,女
ORD003144,星巴克咖啡豆,食品,食品食品,5185.13,5,25925.65,2024/07/27,东北,银行卡,completed,19,女
ORD003145,优衣库羽绒服,服装,服装服装,5846.9,5,29234.5,2024/05/02,华北,支付宝,completed,19,女
ORD003146,宜家书架,家居,家居家居,1348.04,3,4044.12,2024/03/08,华中,信用卡,refunded,58,
ORD003147,三体全集,图书,图书图书,8624.96,5,43124.8,2025/02/04,华北,银行卡,completed,54,
ORD003148,小熊加湿器,家居,家居家居,1754.68,3,5264.04,2025/04/17,华南,银行卡,completed,26,女
ORD003149,Apple Watch,电子产品,电子产品,7844.66,9,70601.94,2024/04/24,华东,信用卡,completed,31,女
ORD003150,New Balance 574,服装,服装服装,9821.22,2,19642.44,2024/09/01,华中,信用卡,refunded,51,
ORD003151,New Balance 574,服装,服装服装,2563.26,6,15379.56,2024/10/03,西北,银行卡,completed,52,女
ORD003152,Kindle Paperwhite,电子产品,电子产品,788.61,3,2365.83,2024/03/21,华中,微信支付,completed,50,
ORD003153,深入理解计算机系统,图书,图书图书,1143.28,4,4573.12,2024/03/25,西南,银行卡,pending,25,男
ORD003154,宜家书架,家居,家居家居,2148.49,4,8593.96,2024/03/28,华东,信用卡,pending,41,男
ORD003155,三体全集,图书,图书图书,7562.61,8,60500.88,2025/04/02,华南,微信支付,completed,27,男
ORD003156,三体全集,图书,图书图书,8347.37,5,41736.85,2024/03/22,华东,支付宝,completed,55,女
ORD003157,蒙牛纯牛奶,食品,食品食品,9094.7,8,72757.6,2025/01/26,华北,信用卡,pending,22,女
ORD003158,Apple Watch,电子产品,电子产品,6201.92,4,24807.68,2025/03/04,西南,信用卡,pending,42,
ORD003159,宜家书架,家居,家居家居,1675.32,7,11727.24,2024/05/30,东北,信用卡,completed,38,男
ORD003160,Adidas Ultraboost,服装,服装服装,7585.91,4,30343.64,2024/12/04,东北,支付宝,completed,58,男
ORD003161,H&M 连衣裙,服装,服装服装,861.47,4,3445.88,2025/04/27,东北,信用卡,cancelled,46,
ORD003162,百威啤酒,食品,食品食品,9418.83,4,37675.32,2024/12/21,西南,微信支付,completed,45,男
ORD003163,良品铺子零食包,食品,食品食品,7340.67,5,36703.35,2024/08/26,东北,信用卡,completed,28,男
ORD003164,AirPods Pro,电子产品,电子产品,1040.57,8,8324.56,2025/05/31,西南,微信支付,refunded,57,
ORD003165,MacBook Air,电子产品,电子产品,9995.35,5,49976.75,2024/10/17,华东,信用卡,completed,35,
ORD003166,宜家书架,家居,家居家居,7171.79,9,64546.11,2025/05/20,华北,银行卡,completed,59,男
ORD003167,星巴克咖啡豆,食品,食品食品,1508.37,3,4525.11,2025/05/20,华中,银行卡,refunded,61,男
ORD003168,星巴克咖啡豆,食品,食品食品,9533.22,10,95332.2,2024/07/22,华北,银行卡,completed,33,女
ORD003169,Dell XPS 15,电子产品,电子产品,4991.77,7,34942.39,2024/09/21,华中,银行卡,completed,60,男
ORD003170,宜家书架,家居,家居家居,2815.21,9,25336.89,2025/04/21,华南,微信支付,pending,49,
ORD003171,优衣库羽绒服,服装,服装服装,1414.62,10,14146.2,2025/03/31,西北,银行卡,pending,45,
ORD003172,网易严选床垫,家居,家居家居,938.1,3,2814.3,2024/12/27,华中,信用卡,completed,61,女
ORD003173,良品铺子零食包,食品,食品食品,7226.89,6,43361.34,2024/02/24,华中,支付宝,completed,65,男
ORD003174,算法导论,图书,图书图书,3151.29,2,6302.58,2024/06/28,华东,信用卡,completed,55,
ORD003175,Sony WH-1000XM5,电子产品,电子产品,9823.41,1,9823.41,2024/01/19,西北,信用卡,completed,41,男
ORD003176,优衣库羽绒服,服装,服装服装,7870.38,8,62963.04,2025/05/29,华南,微信支付,refunded,50,
ORD003177,Apple Watch,电子产品,电子产品,7263.47,3,21790.41,2024/09/21,东北,信用卡,completed,54,女
ORD003178,农夫山泉,食品,食品食品,6045.84,3,18137.52,2025/01/05,东北,银行卡,completed,37,男
ORD003179,三体全集,图书,图书图书,5346.5,6,32079.0,2024/06/22,西南,信用卡,completed,18,
ORD003180,H&M 连衣裙,服装,服装服装,631.77,2,1263.54,2024/04/06,华北,支付宝,pending,42,男
ORD003181,H&M 连衣裙,服装,服装服装,7206.85,8,57654.8,2024/10/19,华中,银行卡,completed,24,男
ORD003182,小米台灯,家居,家居家居,2391.1,9,21519.9,2024/03/02,华东,银行卡,completed,24,
ORD003183,小米台灯,家居,家居家居,4398.01,2,8796.02,2024/07/03,华中,支付宝,pending,52,男
ORD003184,星巴克咖啡豆,食品,食品食品,5149.51,6,30897.06,2024/07/29,东北,支付宝,completed,43,女
ORD003185,Apple Watch,电子产品,电子产品,5478.96,7,38352.72,2025/05/12,华北,银行卡,completed,28,
ORD003186,良品铺子零食包,食品,食品食品,9226.96,4,36907.84,2024/01/20,华东,微信支付,completed,47,女
ORD003187,Samsung Galaxy S24,电子产品,电子产品,9279.21,2,18558.42,2024/01/26,西南,支付宝,completed,47,
ORD003188,Nike Air Max,服装,服装服装,9912.93,7,69390.51,2024/02/06,华东,信用卡,completed,64,
ORD003189,北面冲锋衣,服装,服装服装,1477.26,4,5909.04,2024/08/30,华中,银行卡,pending,47,男
ORD003190,Levi's 501,服装,服装服装,4752.52,5,23762.6,2025/02/15,华南,信用卡,cancelled,36,女
ORD003191,思考快与慢,图书,图书图书,2914.24,2,5828.48,2024/04/13,华东,微信支付,cancelled,29,男
ORD003192,iPad Air,电子产品,电子产品,7994.86,1,7994.86,2024/12/28,西北,信用卡,completed,43,女
ORD003193,MacBook Air,电子产品,电子产品,8958.06,3,26874.18,2024/01/05,华南,支付宝,completed,64,女
ORD003194,Kindle Paperwhite,电子产品,电子产品,3364.71,5,16823.55,2024/12/31,华中,支付宝,completed,64,女
ORD003195,Levi's 501,服装,服装服装,2480.07,7,17360.49,2024/08/01,华东,支付宝,completed,20,
ORD003196,人类简史,图书,图书图书,2753.08,9,24777.72,2025/02/06,西北,信用卡,pending,32,男
ORD003197,小熊加湿器,家居,家居家居,6184.22,7,43289.54,2025/05/01,东北,银行卡,completed,31,
ORD003198,农夫山泉,食品,食品食品,7399.44,6,44396.64,2024/08/20,华中,支付宝,refunded,42,女
ORD003199,宜家书架,家居,家居家居,7719.12,9,69472.08,2025/03/02,西北,信用卡,completed,42,女
ORD003200,戴森吸尘器,家居,家居家居,6396.14,9,57565.26,2024/03/22,华中,信用卡,completed,33,男
ORD003201,罗技 MX Master 3,电子产品,电子产品,9808.49,3,29425.47,2024/08/07,西南,微信支付,completed,54,
ORD003202,三体全集,图书,图书图书,3435.29,2,6870.58,2024/08/06,华中,信用卡,completed,61,
ORD003203,三只松鼠坚果礼盒,食品,食品食品,4337.45,4,17349.8,2024/07/11,西北,信用卡,completed,48,女
ORD003204,星巴克咖啡豆,食品,食品食品,2026.43,10,20264.3,2024/05/24,西南,微信支付,completed,27,
ORD003205,戴森吸尘器,家居,家居家居,4726.22,7,33083.54,2024/07/06,西北,支付宝,completed,54,女
ORD003206,蒙牛纯牛奶,食品,食品食品,4051.1,4,16204.4,2024/09/05,华北,微信支付,pending,63,女
ORD003207,德芙巧克力,食品,食品食品,8282.91,8,66263.28,2024/05/18,华南,微信支付,pending,23,男
ORD003208,九阳豆浆机,家居,家居家居,4044.05,3,12132.15,2024/07/04,西北,微信支付,pending,62,女
ORD003209,人类简史,图书,图书图书,1660.14,3,4980.42,2024/06/24,西北,支付宝,pending,32,女
ORD003210,良品铺子零食包,食品,食品食品,7569.31,1,7569.31,2025/04/29,东北,微信支付,pending,32,男
ORD003211,原则,图书,图书图书,3372.01,3,10116.03,2024/03/16,华北,信用卡,completed,45,男
ORD003212,网易严选床垫,家居,家居家居,8077.84,9,72700.56,2024/01/23,西北,微信支付,completed,51,
ORD003213,iPad Air,电子产品,电子产品,7807.4,4,31229.6,2024/03/26,西北,信用卡,cancelled,52,女
ORD003214,宜家书架,家居,家居家居,2084.36,2,4168.72,2024/05/05,华中,银行卡,completed,55,女
ORD003215,戴森吸尘器,家居,家居家居,3450.44,2,6900.88,2024/10/24,华北,微信支付,refunded,34,女
ORD003216,农夫山泉,食品,食品食品,5742.59,10,57425.9,2024/09/24,华北,微信支付,completed,58,男
ORD003217,Dell XPS 15,电子产品,电子产品,8783.97,5,43919.85,2024/07/10,东北,信用卡,cancelled,28,男
ORD003218,北面冲锋衣,服装,服装服装,883.75,4,3535.0,2024/05/24,西北,信用卡,completed,47,女
ORD003219,优衣库羽绒服,服装,服装服装,7988.18,3,23964.54,2025/01/16,华东,信用卡,completed,45,
ORD003220,网易严选床垫,家居,家居家居,1637.0,9,14733.0,2025/03/08,西南,支付宝,cancelled,22,
ORD003221,良品铺子零食包,食品,食品食品,1781.31,3,5343.93,2025/02/06,西北,微信支付,completed,55,女
ORD003222,iPad Air,电子产品,电子产品,2080.79,9,18727.11,2024/11/23,东北,信用卡,cancelled,59,男
ORD003223,三体全集,图书,图书图书,8551.27,7,59858.89,2025/05/19,西南,支付宝,refunded,39,男
ORD003224,小熊加湿器,家居,家居家居,9813.91,3,29441.73,2025/04/16,华北,支付宝,completed,37,男
ORD003225,三体全集,图书,图书图书,5960.4,5,29802.0,2025/02/27,西南,微信支付,completed,59,
ORD003226,戴森吸尘器,家居,家居家居,6443.31,9,57989.79,2024/08/28,西北,银行卡,completed,58,男
ORD003227,宜家书架,家居,家居家居,3292.88,5,16464.4,2024/08/28,西北,支付宝,completed,58,女
ORD003228,思考快与慢,图书,图书图书,3780.79,10,37807.9,2024/02/23,华北,信用卡,completed,38,
ORD003229,小米台灯,家居,家居家居,3186.02,10,31860.2,2024/12/07,华中,银行卡,pending,35,
ORD003230,iPad Air,电子产品,电子产品,5319.34,4,21277.36,2025/04/22,华北,信用卡,cancelled,27,女
ORD003231,小米台灯,家居,家居家居,3907.09,4,15628.36,2025/05/20,西南,支付宝,completed,46,女
ORD003232,Dell XPS 15,电子产品,电子产品,2111.96,7,14783.72,2025/05/09,华南,支付宝,completed,57,
ORD003233,戴森吸尘器,家居,家居家居,8283.97,9,74555.73,2024/02/24,华南,微信支付,pending,39,
ORD003234,优衣库羽绒服,服装,服装服装,6462.81,3,19388.43,2025/05/14,华中,信用卡,completed,51,女
ORD003235,H&M 连衣裙,服装,服装服装,1204.19,1,1204.19,2024/01/04,西南,银行卡,completed,37,女
ORD003236,德芙巧克力,食品,食品食品,3329.23,4,13316.92,2024/12/21,华南,银行卡,refunded,58,女
ORD003237,算法导论,图书,图书图书,953.84,2,1907.68,2024/12/08,东北,信用卡,completed,18,男
ORD003238,Dell XPS 15,电子产品,电子产品,7047.84,6,42287.04,2025/04/10,东北,银行卡,completed,59,男
ORD003239,百威啤酒,食品,食品食品,9886.68,1,9886.68,2025/05/05,华东,信用卡,completed,50,女
ORD003240,小米台灯,家居,家居家居,3677.96,1,3677.96,2025/01/24,华南,银行卡,completed,49,男
ORD003241,小米台灯,家居,家居家居,698.7,10,6987.0,2024/11/17,华东,银行卡,refunded,62,男
ORD003242,Python编程从入门到实践,图书,图书图书,312.89,4,1251.56,2024/04/02,西北,银行卡,cancelled,33,
ORD003243,小熊加湿器,家居,家居家居,9340.23,9,84062.07,2024/09/02,东北,微信支付,refunded,24,男
ORD003244,算法导论,图书,图书图书,4997.09,5,24985.45,2025/02/11,西南,微信支付,completed,64,男
ORD003245,Nike Air Max,服装,服装服装,5848.35,8,46786.8,2024/07/14,华中,银行卡,completed,29,男
ORD003246,美的电饭煲,家居,家居家居,2157.43,9,19416.87,2024/04/22,华南,微信支付,completed,61,男
ORD003247,iPad Air,电子产品,电子产品,3526.35,7,24684.45,2024/10/31,华中,支付宝,cancelled,58,女
ORD003248,H&M 连衣裙,服装,服装服装,4830.5,6,28983.0,2024/07/23,华南,银行卡,pending,46,
ORD003249,Zara 西装外套,服装,服装服装,773.39,8,6187.12,2024/09/06,华南,微信支付,completed,55,
ORD003250,宜家书架,家居,家居家居,9153.78,8,73230.24,2025/03/13,华南,微信支付,completed,34,女
ORD003251,三体全集,图书,图书图书,9533.93,1,9533.93,2024/10/06,西南,信用卡,refunded,51,男
ORD003252,算法导论,图书,图书图书,3172.79,3,9518.37,2024/09/04,华南,微信支付,completed,28,
ORD003253,三体全集,图书,图书图书,9660.41,4,38641.64,2024/05/02,华南,微信支付,completed,26,
ORD003254,美的电饭煲,家居,家居家居,4791.98,8,38335.84,2024/09/17,西南,支付宝,completed,57,男
ORD003255,网易严选床垫,家居,家居家居,5721.7,7,40051.9,2024/12/20,东北,支付宝,cancelled,38,
ORD003256,九阳豆浆机,家居,家居家居,1400.2,3,4200.6,2025/03/26,华北,微信支付,pending,29,
ORD003257,宜家书架,家居,家居家居,3894.67,2,7789.34,2024/07/01,西南,微信支付,completed,22,女
ORD003258,网易严选床垫,家居,家居家居,4657.0,10,46570.0,2025/04/18,华中,银行卡,completed,42,男
ORD003259,北面冲锋衣,服装,服装服装,2096.35,9,18867.15,2024/07/27,华东,微信支付,completed,44,男
ORD003260,戴森吸尘器,家居,家居家居,4634.94,4,18539.76,2024/12/24,华中,微信支付,cancelled,35,女
ORD003261,Samsung Galaxy S24,电子产品,电子产品,3872.63,5,19363.15,2025/04/30,华东,微信支付,completed,20,女
ORD003262,Python编程从入门到实践,图书,图书图书,228.83,3,686.49,2025/04/13,华北,银行卡,completed,27,女
ORD003263,九阳豆浆机,家居,家居家居,8182.24,1,8182.24,2024/12/28,西北,微信支付,refunded,36,
ORD003264,New Balance 574,服装,服装服装,4985.79,7,34900.53,2024/11/27,华南,微信支付,pending,65,女
ORD003265,New Balance 574,服装,服装服装,7128.51,9,64156.59,2025/01/12,西南,信用卡,completed,24,
ORD003266,九阳豆浆机,家居,家居家居,1423.63,7,9965.41,2025/06/01,西南,支付宝,refunded,19,男
ORD003267,Dell XPS 15,电子产品,电子产品,4717.18,4,18868.72,2024/09/16,华中,银行卡,completed,27,女
ORD003268,iPad Air,电子产品,电子产品,6053.5,3,18160.5,2025/01/06,东北,微信支付,completed,46,女
ORD003269,优衣库羽绒服,服装,服装服装,3040.01,1,3040.01,2025/01/23,华东,支付宝,completed,34,
ORD003270,算法导论,图书,图书图书,6581.5,7,46070.5,2024/09/28,华中,支付宝,cancelled,39,男
ORD003271,Nike Air Max,服装,服装服装,1245.05,9,11205.45,2024/08/04,华中,信用卡,completed,64,男
ORD003272,人类简史,图书,图书图书,6083.12,2,12166.24,2024/06/23,西南,支付宝,cancelled,37,男
ORD003273,网易严选床垫,家居,家居家居,6031.87,7,42223.09,2024/03/11,华中,信用卡,pending,45,男
ORD003274,德芙巧克力,食品,食品食品,7510.14,8,60081.12,2024/09/16,华南,微信支付,pending,44,女
ORD003275,思考快与慢,图书,图书图书,6358.67,9,57228.03,2025/02/19,华北,银行卡,refunded,28,男
ORD003276,Python编程从入门到实践,图书,图书图书,5783.78,8,46270.24,2024/05/12,华北,银行卡,completed,58,
ORD003277,德芙巧克力,食品,食品食品,241.85,6,1451.1,2024/04/16,华南,信用卡,pending,48,
ORD003278,小米台灯,家居,家居家居,6245.16,8,49961.28,2024/05/12,华北,信用卡,pending,65,
ORD003279,宜家书架,家居,家居家居,5223.28,10,52232.8,2024/06/19,华南,支付宝,completed,47,女
ORD003280,H&M 连衣裙,服装,服装服装,7430.53,7,52013.71,2024/02/08,华东,支付宝,pending,30,
ORD003281,良品铺子零食包,食品,食品食品,1664.43,1,1664.43,2025/01/10,东北,信用卡,cancelled,49,男
ORD003282,思考快与慢,图书,图书图书,9291.43,6,55748.58,2024/12/30,华北,信用卡,pending,32,
ORD003283,蒙牛纯牛奶,食品,食品食品,8872.08,6,53232.48,2025/03/18,西北,支付宝,refunded,39,
ORD003284,小米台灯,家居,家居家居,4359.25,9,39233.25,2024/07/23,华中,银行卡,cancelled,26,
ORD003285,九阳豆浆机,家居,家居家居,5772.12,3,17316.36,2024/10/24,华东,支付宝,pending,44,女
ORD003286,Dell XPS 15,电子产品,电子产品,3450.53,8,27604.24,2025/04/06,华北,支付宝,completed,38,女
ORD003287,百威啤酒,食品,食品食品,1010.87,3,3032.61,2024/08/24,西北,微信支付,completed,55,
ORD003288,优衣库羽绒服,服装,服装服装,3400.14,1,3400.14,2024/01/06,华北,支付宝,refunded,31,女
ORD003289,Apple Watch,电子产品,电子产品,3320.41,8,26563.28,2024/11/02,华北,微信支付,completed,40,男
ORD003290,九阳豆浆机,家居,家居家居,5598.3,6,33589.8,2025/05/09,西南,微信支付,pending,27,女
ORD003291,百威啤酒,食品,食品食品,6100.94,10,61009.4,2025/05/02,西南,支付宝,pending,22,男
ORD003292,宜家书架,家居,家居家居,6268.39,6,37610.34,2024/10/12,华南,银行卡,completed,50,女
ORD003293,良品铺子零食包,食品,食品食品,4040.99,6,24245.94,2024/12/14,东北,信用卡,cancelled,23,女
ORD003294,New Balance 574,服装,服装服装,1343.65,2,2687.3,2024/03/19,华南,银行卡,cancelled,44,
ORD003295,Samsung Galaxy S24,电子产品,电子产品,7174.94,10,71749.4,2024/05/20,东北,支付宝,completed,41,
ORD003296,Adidas Ultraboost,服装,服装服装,4518.57,10,45185.7,2024/10/25,西北,银行卡,completed,40,
ORD003297,宜家书架,家居,家居家居,361.12,6,2166.72,2025/04/10,华中,微信支付,completed,26,男
ORD003298,北面冲锋衣,服装,服装服装,7849.28,10,78492.8,2024/03/20,西南,信用卡,completed,21,男
ORD003299,小熊加湿器,家居,家居家居,1286.65,1,1286.65,2025/05/14,华南,微信支付,completed,56,男
ORD003300,Zara 西装外套,服装,服装服装,8235.29,5,41176.45,2024/01/11,华东,信用卡,completed,37,男
ORD003301,Zara 西装外套,服装,服装服装,7473.14,2,14946.28,2024/03/09,华北,微信支付,pending,54,男
ORD003302,良品铺子零食包,食品,食品食品,3366.49,2,6732.98,2024/02/01,华中,支付宝,pending,26,男
ORD003303,算法导论,图书,图书图书,6157.8,10,61578.0,2024/09/03,华东,微信支付,refunded,39,男
ORD003304,人类简史,图书,图书图书,253.41,6,1520.46,2024/12/21,华东,微信支付,completed,23,女
ORD003305,Adidas Ultraboost,服装,服装服装,3258.91,2,6517.82,2024/10/02,西北,信用卡,refunded,26,女
ORD003306,Levi's 501,服装,服装服装,4724.52,3,14173.56,2025/02/05,西北,银行卡,pending,39,女
ORD003307,深入理解计算机系统,图书,图书图书,1475.03,3,4425.09,2025/02/18,华东,微信支付,completed,33,
ORD003308,AirPods Pro,电子产品,电子产品,8957.52,1,8957.52,2024/04/14,华中,银行卡,completed,31,男
ORD003309,Levi's 501,服装,服装服装,8874.15,10,88741.5,2025/04/16,华东,银行卡,completed,58,
ORD003310,深入理解计算机系统,图书,图书图书,9069.01,9,81621.09,2024/11/18,西南,银行卡,completed,46,
ORD003311,戴森吸尘器,家居,家居家居,3952.48,7,27667.36,2024/09/04,东北,微信支付,pending,29,
ORD003312,MacBook Air,电子产品,电子产品,537.29,8,4298.32,2024/08/29,西北,微信支付,completed,45,男
ORD003313,iPad Air,电子产品,电子产品,6434.29,3,19302.87,2025/04/01,华南,信用卡,completed,37,男
ORD003314,网易严选床垫,家居,家居家居,8961.98,7,62733.86,2024/06/08,西北,信用卡,pending,32,男
ORD003315,茅台酒,食品,食品食品,1358.36,9,12225.24,2024/03/28,西北,银行卡,completed,52,
ORD003316,人类简史,图书,图书图书,5017.37,6,30104.22,2024/12/10,华南,信用卡,pending,29,女
ORD003317,小米台灯,家居,家居家居,5888.74,4,23554.96,2025/04/09,华北,微信支付,pending,51,
ORD003318,德芙巧克力,食品,食品食品,5815.07,1,5815.07,2025/05/09,西北,银行卡,pending,40,女
ORD003319,茅台酒,食品,食品食品,4461.44,2,8922.88,2024/01/28,西南,信用卡,completed,52,男
ORD003320,农夫山泉,食品,食品食品,1758.55,5,8792.75,2025/01/03,华中,信用卡,completed,27,
ORD003321,茅台酒,食品,食品食品,6582.98,1,6582.98,2024/08/11,西南,信用卡,pending,33,女
ORD003322,宜家书架,家居,家居家居,8734.68,7,61142.76,2024/09/17,华中,微信支付,pending,22,
ORD003323,思考快与慢,图书,图书图书,1056.51,5,5282.55,2024/03/29,华中,支付宝,cancelled,27,男
ORD003324,德芙巧克力,食品,食品食品,58.5,7,409.5,2024/11/14,西南,微信支付,completed,32,
ORD003325,网易严选床垫,家居,家居家居,695.4,8,5563.2,2025/03/18,西北,银行卡,refunded,64,女
ORD003326,三体全集,图书,图书图书,3983.32,2,7966.64,2024/12/31,华中,银行卡,cancelled,19,男
ORD003327,Samsung Galaxy S24,电子产品,电子产品,2963.3,9,26669.7,2024/03/16,东北,信用卡,completed,32,
ORD003328,算法导论,图书,图书图书,1448.06,6,8688.36,2025/02/08,西南,微信支付,completed,54,
ORD003329,网易严选床垫,家居,家居家居,2634.56,5,13172.8,2024/03/02,华南,信用卡,pending,26,
ORD003330,Adidas Ultraboost,服装,服装服装,9909.84,7,69368.88,2024/02/15,西北,银行卡,completed,45,
ORD003331,深入理解计算机系统,图书,图书图书,3424.16,2,6848.32,2024/12/06,华北,银行卡,completed,37,男
ORD003332,网易严选床垫,家居,家居家居,6997.86,5,34989.3,2024/05/30,西北,信用卡,completed,38,女
ORD003333,蒙牛纯牛奶,食品,食品食品,39.99,7,279.93,2024/06/12,华中,微信支付,completed,55,
ORD003334,三只松鼠坚果礼盒,食品,食品食品,3710.97,1,3710.97,2025/02/28,西南,信用卡,pending,56,
ORD003335,深入理解计算机系统,图书,图书图书,1042.51,10,10425.1,2025/03/28,华中,微信支付,pending,59,女
ORD003336,Sony WH-1000XM5,电子产品,电子产品,3899.94,9,35099.46,2024/09/01,华中,微信支付,completed,51,
ORD003337,三只松鼠坚果礼盒,食品,食品食品,3583.77,10,35837.7,2024/03/27,华东,信用卡,pending,65,
ORD003338,AirPods Pro,电子产品,电子产品,9188.6,9,82697.4,2025/05/25,华南,支付宝,completed,18,
ORD003339,百威啤酒,食品,食品食品,2929.58,9,26366.22,2024/09/08,华东,信用卡,completed,28,男
ORD003340,Dell XPS 15,电子产品,电子产品,4140.38,5,20701.9,2024/01/19,西南,微信支付,completed,21,男
ORD003341,Levi's 501,服装,服装服装,8682.93,7,60780.51,2024/09/03,西北,支付宝,pending,20,男
ORD003342,三只松鼠坚果礼盒,食品,食品食品,964.06,5,4820.3,2025/01/04,华北,支付宝,completed,48,男
ORD003343,小米台灯,家居,家居家居,1193.58,8,9548.64,2024/01/14,华东,支付宝,completed,49,女
ORD003344,Samsung Galaxy S24,电子产品,电子产品,2294.4,9,20649.6,2024/05/22,华中,银行卡,completed,50,男
ORD003345,小米台灯,家居,家居家居,8449.8,8,67598.4,2024/07/01,华东,信用卡,refunded,50,男
ORD003346,思考快与慢,图书,图书图书,5955.83,7,41690.81,2024/11/29,东北,微信支付,cancelled,65,男
ORD003347,深入理解计算机系统,图书,图书图书,4652.52,8,37220.16,2025/03/16,华东,支付宝,completed,28,
ORD003348,Samsung Galaxy S24,电子产品,电子产品,1153.52,2,2307.04,2025/01/08,西北,信用卡,completed,40,男
ORD003349,百威啤酒,食品,食品食品,1477.05,10,14770.5,2025/05/20,华中,微信支付,pending,24,女
ORD003350,九阳豆浆机,家居,家居家居,8959.84,7,62718.88,2025/01/27,华南,支付宝,pending,38,
ORD003351,星巴克咖啡豆,食品,食品食品,3724.82,9,33523.38,2024/03/02,东北,微信支付,completed,54,女
ORD003352,Python编程从入门到实践,图书,图书图书,2127.15,4,8508.6,2024/07/25,西南,支付宝,completed,31,女
ORD003353,Adidas Ultraboost,服装,服装服装,9179.19,6,55075.14,2024/10/11,西北,微信支付,completed,50,女
ORD003354,罗技 MX Master 3,电子产品,电子产品,4487.28,9,40385.52,2024/05/11,华中,支付宝,pending,28,
ORD003355,H&M 连衣裙,服装,服装服装,6940.97,3,20822.91,2024/06/04,华中,银行卡,completed,21,
ORD003356,Sony WH-1000XM5,电子产品,电子产品,4531.8,5,22659.0,2025/01/07,华北,信用卡,completed,39,男
ORD003357,人类简史,图书,图书图书,2895.03,5,14475.15,2024/07/16,华东,微信支付,completed,35,女
ORD003358,Levi's 501,服装,服装服装,7782.42,5,38912.1,2024/06/03,华北,银行卡,completed,54,男
ORD003359,百威啤酒,食品,食品食品,4016.67,8,32133.36,2024/11/14,华南,信用卡,completed,53,
ORD003360,Adidas Ultraboost,服装,服装服装,7899.44,1,7899.44,2024/07/21,华东,支付宝,pending,64,
ORD003361,思考快与慢,图书,图书图书,9401.97,5,47009.85,2025/04/02,西南,支付宝,completed,26,
ORD003362,网易严选床垫,家居,家居家居,5930.91,3,17792.73,2024/04/02,华东,支付宝,pending,63,男
ORD003363,人类简史,图书,图书图书,1079.61,7,7557.27,2025/03/01,华中,支付宝,cancelled,61,女
ORD003364,Levi's 501,服装,服装服装,7387.18,1,7387.18,2024/10/31,华南,信用卡,cancelled,59,男
ORD003365,宜家书架,家居,家居家居,1738.58,3,5215.74,2025/01/14,华中,微信支付,cancelled,36,女
ORD003366,思考快与慢,图书,图书图书,2307.44,2,4614.88,2025/03/10,西北,支付宝,completed,26,女
ORD003367,H&M 连衣裙,服装,服装服装,3428.34,4,13713.36,2024/07/30,华北,支付宝,completed,22,男
ORD003368,深入理解计算机系统,图书,图书图书,2098.09,2,4196.18,2025/03/14,西北,银行卡,pending,28,
ORD003369,小米台灯,家居,家居家居,7372.01,4,29488.04,2025/02/24,西北,微信支付,refunded,31,男
ORD003370,Dell XPS 15,电子产品,电子产品,6234.22,2,12468.44,2024/04/21,华中,银行卡,completed,27,
ORD003371,深入理解计算机系统,图书,图书图书,5942.58,3,17827.74,2025/02/05,西南,微信支付,completed,41,男
ORD003372,美的电饭煲,家居,家居家居,7264.97,1,7264.97,2024/02/05,东北,信用卡,cancelled,63,
ORD003373,Nike Air Max,服装,服装服装,2039.49,10,20394.9,2025/01/09,西北,信用卡,completed,22,男
ORD003374,北面冲锋衣,服装,服装服装,6162.52,7,43137.64,2024/05/22,西北,信用卡,completed,38,
ORD003375,iPhone 15,电子产品,电子产品,1390.24,4,5560.96,2024/05/30,华中,银行卡,refunded,24,男
ORD003376,网易严选床垫,家居,家居家居,8502.08,8,68016.64,2024/12/21,华南,微信支付,refunded,21,
ORD003377,宜家书架,家居,家居家居,2232.94,10,22329.4,2025/05/15,华东,支付宝,completed,26,
ORD003378,思考快与慢,图书,图书图书,2593.41,9,23340.69,2024/01/07,华东,信用卡,cancelled,37,女
ORD003379,星巴克咖啡豆,食品,食品食品,9077.33,8,72618.64,2024/07/02,西南,支付宝,completed,31,女
ORD003380,九阳豆浆机,家居,家居家居,4316.16,5,21580.8,2024/07/28,西南,微信支付,pending,49,女
ORD003381,H&M 连衣裙,服装,服装服装,5162.75,9,46464.75,2024/03/07,华北,微信支付,completed,47,女
ORD003382,Sony WH-1000XM5,电子产品,电子产品,1131.51,8,9052.08,2024/11/11,华北,微信支付,completed,60,男
ORD003383,德芙巧克力,食品,食品食品,9002.36,6,54014.16,2024/07/18,东北,银行卡,completed,52,
ORD003384,优衣库羽绒服,服装,服装服装,8568.59,10,85685.9,2024/12/19,华东,微信支付,cancelled,50,女
ORD003385,三只松鼠坚果礼盒,食品,食品食品,1508.25,1,1508.25,2024/04/30,华北,微信支付,pending,61,
ORD003386,Dell XPS 15,电子产品,电子产品,8650.52,5,43252.6,2025/01/24,西南,银行卡,completed,51,女
ORD003387,深入理解计算机系统,图书,图书图书,3659.4,8,29275.2,2024/08/22,华中,信用卡,completed,48,
ORD003388,iPad Air,电子产品,电子产品,1302.81,9,11725.29,2024/04/30,东北,微信支付,completed,45,
ORD003389,思考快与慢,图书,图书图书,1286.15,4,5144.6,2025/01/11,东北,支付宝,pending,37,
ORD003390,美的电饭煲,家居,家居家居,1575.9,3,4727.7,2024/10/07,西南,微信支付,pending,50,
ORD003391,宜家书架,家居,家居家居,1466.31,3,4398.93,2024/03/11,华东,银行卡,completed,18,
ORD003392,戴森吸尘器,家居,家居家居,9311.24,10,93112.4,2024/01/16,华中,银行卡,cancelled,56,女
ORD003393,Zara 西装外套,服装,服装服装,1194.98,9,10754.82,2024/09/01,东北,微信支付,refunded,60,女
ORD003394,Adidas Ultraboost,服装,服装服装,9139.14,3,27417.42,2024/08/28,西南,信用卡,completed,46,女
ORD003395,Kindle Paperwhite,电子产品,电子产品,6258.72,3,18776.16,2024/05/14,华中,银行卡,pending,41,男
ORD003396,MacBook Air,电子产品,电子产品,2356.7,9,21210.3,2024/03/09,西北,支付宝,completed,39,
ORD003397,九阳豆浆机,家居,家居家居,9642.48,8,77139.84,2025/02/08,华南,信用卡,completed,53,女
ORD003398,Python编程从入门到实践,图书,图书图书,77.28,10,772.8,2024/10/25,华东,微信支付,completed,29,
ORD003399,AirPods Pro,电子产品,电子产品,3561.2,10,35612.0,2025/01/14,华中,信用卡,cancelled,53,
ORD003400,德芙巧克力,食品,食品食品,7145.68,5,35728.4,2024/08/09,西南,支付宝,pending,59,男
ORD003401,优衣库羽绒服,服装,服装服装,5890.65,2,11781.3,2025/04/06,西北,银行卡,completed,65,
ORD003402,Adidas Ultraboost,服装,服装服装,8558.53,3,25675.59,2024/11/16,华中,信用卡,completed,46,女
ORD003403,思考快与慢,图书,图书图书,4888.15,1,4888.15,2024/12/14,华东,微信支付,pending,64,女
ORD003404,H&M 连衣裙,服装,服装服装,7205.1,9,64845.9,2024/11/03,西北,支付宝,completed,21,女
ORD003405,星巴克咖啡豆,食品,食品食品,4773.1,10,47731.0,2025/02/13,西北,信用卡,refunded,58,女
ORD003406,Nike Air Max,服装,服装服装,5954.72,4,23818.88,2024/12/02,西南,银行卡,completed,35,男
ORD003407,蒙牛纯牛奶,食品,食品食品,1781.09,8,14248.72,2024/10/13,华东,银行卡,completed,56,男
ORD003408,宜家书架,家居,家居家居,5253.12,4,21012.48,2024/07/16,华南,信用卡,pending,52,女
ORD003409,良品铺子零食包,食品,食品食品,5149.22,2,10298.44,2024/11/06,西南,支付宝,completed,29,
ORD003410,茅台酒,食品,食品食品,283.63,8,2269.04,2024/03/06,西北,信用卡,completed,43,
ORD003411,Dell XPS 15,电子产品,电子产品,708.35,1,708.35,2024/02/11,华中,银行卡,pending,20,女
ORD003412,小熊加湿器,家居,家居家居,2174.39,9,19569.51,2024/04/21,西北,银行卡,completed,46,
ORD003413,农夫山泉,食品,食品食品,8275.96,1,8275.96,2024/01/18,华南,支付宝,cancelled,48,
ORD003414,Adidas Ultraboost,服装,服装服装,3639.6,2,7279.2,2024/02/12,华南,微信支付,cancelled,46,女
ORD003415,三只松鼠坚果礼盒,食品,食品食品,2062.21,2,4124.42,2024/05/09,华中,信用卡,completed,38,女
ORD003416,人类简史,图书,图书图书,4635.84,6,27815.04,2024/01/06,西南,支付宝,completed,63,男
ORD003417,原则,图书,图书图书,6244.76,7,43713.32,2024/02/11,华南,银行卡,completed,23,男
ORD003418,茅台酒,食品,食品食品,4635.62,8,37084.96,2024/12/09,华东,支付宝,refunded,43,男
ORD003419,Sony WH-1000XM5,电子产品,电子产品,3407.33,7,23851.31,2024/06/15,华东,信用卡,completed,46,
ORD003420,算法导论,图书,图书图书,8125.86,6,48755.16,2024/11/15,华南,信用卡,completed,18,男
ORD003421,网易严选床垫,家居,家居家居,8359.0,9,75231.0,2025/02/08,西北,微信支付,completed,57,女
ORD003422,人类简史,图书,图书图书,8394.33,4,33577.32,2024/05/04,东北,银行卡,completed,54,
ORD003423,茅台酒,食品,食品食品,7008.64,9,63077.76,2024/08/20,华北,微信支付,refunded,37,男
ORD003424,网易严选床垫,家居,家居家居,3307.74,8,26461.92,2025/04/22,西北,支付宝,completed,63,女
ORD003425,宜家书架,家居,家居家居,6486.56,6,38919.36,2024/04/27,华东,微信支付,pending,48,女
ORD003426,优衣库羽绒服,服装,服装服装,2259.65,6,13557.9,2025/01/15,华中,信用卡,completed,52,女
ORD003427,原则,图书,图书图书,6238.45,4,24953.8,2024/07/26,西南,微信支付,completed,65,男
ORD003428,小熊加湿器,家居,家居家居,5692.43,1,5692.43,2025/04/08,东北,信用卡,completed,25,男
ORD003429,Adidas Ultraboost,服装,服装服装,1424.94,7,9974.58,2024/10/09,华中,微信支付,completed,58,
ORD003430,美的电饭煲,家居,家居家居,413.93,7,2897.51,2025/02/03,东北,支付宝,completed,20,男
ORD003431,百威啤酒,食品,食品食品,4488.9,8,35911.2,2024/09/09,华北,银行卡,refunded,51,
ORD003432,九阳豆浆机,家居,家居家居,4458.14,6,26748.84,2024/09/28,华中,银行卡,pending,23,女
ORD003433,Nike Air Max,服装,服装服装,7088.13,8,56705.04,2024/03/10,东北,微信支付,completed,54,女
ORD003434,iPhone 15,电子产品,电子产品,7944.61,4,31778.44,2025/01/26,东北,银行卡,completed,52,
ORD003435,北面冲锋衣,服装,服装服装,590.18,9,5311.62,2024/05/28,华北,支付宝,pending,47,男
ORD003436,良品铺子零食包,食品,食品食品,8519.21,2,17038.42,2024/11/13,华南,微信支付,pending,19,男
ORD003437,德芙巧克力,食品,食品食品,7408.9,1,7408.9,2025/02/04,华南,信用卡,completed,46,女
ORD003438,小熊加湿器,家居,家居家居,3101.96,7,21713.72,2025/01/06,东北,支付宝,pending,25,女
ORD003439,思考快与慢,图书,图书图书,4353.0,10,43530.0,2025/02/19,华北,信用卡,completed,45,
ORD003440,Dell XPS 15,电子产品,电子产品,3272.42,1,3272.42,2024/02/10,华南,支付宝,completed,45,
ORD003441,百威啤酒,食品,食品食品,7784.94,1,7784.94,2024/03/22,华东,微信支付,completed,24,女
ORD003442,茅台酒,食品,食品食品,2104.04,4,8416.16,2024/06/19,华北,信用卡,pending,60,男
ORD003443,Sony WH-1000XM5,电子产品,电子产品,1104.55,5,5522.75,2024/05/31,东北,支付宝,completed,37,男
ORD003444,Apple Watch,电子产品,电子产品,3229.13,5,16145.65,2024/02/24,西南,支付宝,completed,59,女
ORD003445,Zara 西装外套,服装,服装服装,1812.15,1,1812.15,2024/12/02,东北,支付宝,completed,33,男
ORD003446,深入理解计算机系统,图书,图书图书,4863.35,9,43770.15,2024/12/18,西北,微信支付,completed,60,
ORD003447,Sony WH-1000XM5,电子产品,电子产品,5211.26,9,46901.34,2025/01/01,西北,银行卡,completed,18,
ORD003448,三只松鼠坚果礼盒,食品,食品食品,3124.99,6,18749.94,2024/03/27,华中,信用卡,pending,21,
ORD003449,Dell XPS 15,电子产品,电子产品,2639.9,8,21119.2,2025/01/01,华中,银行卡,refunded,27,女
ORD003450,算法导论,图书,图书图书,2795.85,5,13979.25,2024/09/12,华南,支付宝,completed,46,
ORD003451,New Balance 574,服装,服装服装,6443.76,5,32218.8,2025/04/11,西南,银行卡,pending,55,女
ORD003452,Levi's 501,服装,服装服装,3403.06,3,10209.18,2025/06/01,西南,微信支付,completed,21,男
ORD003453,戴森吸尘器,家居,家居家居,6997.48,3,20992.44,2024/09/06,西南,微信支付,completed,34,男
ORD003454,Sony WH-1000XM5,电子产品,电子产品,9571.02,1,9571.02,2024/07/14,西北,信用卡,completed,57,女
ORD003455,Python编程从入门到实践,图书,图书图书,3452.09,7,24164.63,2024/02/19,华南,支付宝,pending,34,
ORD003456,AirPods Pro,电子产品,电子产品,1867.09,5,9335.45,2024/08/31,华南,微信支付,completed,56,女
ORD003457,北面冲锋衣,服装,服装服装,4041.39,1,4041.39,2024/04/17,华北,信用卡,pending,29,女
ORD003458,人类简史,图书,图书图书,1115.85,4,4463.4,2024/07/22,西北,微信支付,completed,64,男
ORD003459,三只松鼠坚果礼盒,食品,食品食品,7316.5,5,36582.5,2024/06/10,华中,微信支付,completed,47,女
ORD003460,iPhone 15,电子产品,电子产品,1562.3,10,15623.0,2024/06/18,华北,支付宝,completed,59,
ORD003461,罗技 MX Master 3,电子产品,电子产品,7127.3,1,7127.3,2025/04/08,华北,银行卡,completed,39,
ORD003462,Levi's 501,服装,服装服装,963.75,8,7710.0,2025/03/27,东北,银行卡,completed,51,女
ORD003463,AirPods Pro,电子产品,电子产品,3685.35,5,18426.75,2024/03/24,西南,微信支付,completed,34,女
ORD003464,Samsung Galaxy S24,电子产品,电子产品,5806.14,1,5806.14,2024/07/27,西北,微信支付,completed,22,
ORD003465,优衣库羽绒服,服装,服装服装,825.84,2,1651.68,2024/09/16,华东,支付宝,pending,50,女
ORD003466,深入理解计算机系统,图书,图书图书,7814.73,7,54703.11,2024/06/13,华南,支付宝,completed,19,男
ORD003467,Python编程从入门到实践,图书,图书图书,4906.47,10,49064.7,2024/02/06,西南,支付宝,completed,47,男
ORD003468,良品铺子零食包,食品,食品食品,7938.19,6,47629.14,2025/04/07,华中,微信支付,completed,38,男
ORD003469,优衣库羽绒服,服装,服装服装,2425.71,8,19405.68,2024/07/11,西南,银行卡,completed,28,男
ORD003470,New Balance 574,服装,服装服装,6679.0,1,6679.0,2024/09/13,华北,支付宝,pending,29,女
ORD003471,Kindle Paperwhite,电子产品,电子产品,2664.17,6,15985.02,2024/02/26,西南,支付宝,refunded,39,
ORD003472,星巴克咖啡豆,食品,食品食品,2475.76,10,24757.6,2024/07/20,西北,支付宝,completed,30,男
ORD003473,小熊加湿器,家居,家居家居,7345.52,2,14691.04,2025/03/22,华北,支付宝,completed,54,
ORD003474,Python编程从入门到实践,图书,图书图书,2751.97,6,16511.82,2024/05/03,华南,银行卡,pending,38,女
ORD003475,原则,图书,图书图书,3153.65,8,25229.2,2024/05/22,华北,支付宝,completed,65,女
ORD003476,iPad Air,电子产品,电子产品,9655.53,1,9655.53,2025/03/18,华南,支付宝,pending,27,女
ORD003477,蒙牛纯牛奶,食品,食品食品,1661.9,1,1661.9,2024/04/17,华东,微信支付,completed,22,
ORD003478,小熊加湿器,家居,家居家居,4498.71,8,35989.68,2025/02/04,西北,银行卡,completed,48,男
ORD003479,Dell XPS 15,电子产品,电子产品,962.29,6,5773.74,2024/12/24,华南,信用卡,pending,26,男
ORD003480,人类简史,图书,图书图书,-2079.54,6,-12477.24,2024/12/17,华南,银行卡,completed,53,
ORD003481,New Balance 574,服装,服装服装,5007.15,7,35050.05,2024/04/06,华中,支付宝,completed,27,女
ORD003482,思考快与慢,图书,图书图书,8188.94,2,16377.88,2025/02/11,东北,银行卡,completed,28,男
ORD003483,宜家书架,家居,家居家居,8161.86,7,57133.02,2024/05/03,西南,支付宝,pending,38,女
ORD003484,算法导论,图书,图书图书,2044.45,9,18400.05,2025/03/18,华东,银行卡,pending,65,男
ORD003485,九阳豆浆机,家居,家居家居,4833.14,1,4833.14,2024/01/25,西北,银行卡,completed,48,女
ORD003486,小熊加湿器,家居,家居家居,2157.97,10,21579.7,2025/01/06,西北,信用卡,pending,20,
ORD003487,New Balance 574,服装,服装服装,3404.08,3,10212.24,2024/11/22,华中,银行卡,pending,51,男
ORD003488,原则,图书,图书图书,3158.4,1,3158.4,2024/05/09,西南,信用卡,completed,50,男
ORD003489,iPad Air,电子产品,电子产品,4609.2,2,9218.4,2024/05/22,华东,银行卡,completed,52,
ORD003490,良品铺子零食包,食品,食品食品,421.63,6,2529.78,2024/08/13,西北,支付宝,pending,26,
ORD003491,Dell XPS 15,电子产品,电子产品,1251.31,4,5005.24,2024/08/29,华南,微信支付,completed,59,女
ORD003492,Kindle Paperwhite,电子产品,电子产品,5747.49,7,40232.43,2024/06/09,西北,信用卡,pending,29,女
ORD003493,Samsung Galaxy S24,电子产品,电子产品,2259.41,6,13556.46,2024/01/27,西南,信用卡,completed,51,男
ORD003494,MacBook Air,电子产品,电子产品,5291.42,7,37039.94,2024/02/28,西南,微信支付,pending,41,
ORD003495,Kindle Paperwhite,电子产品,电子产品,2351.6,4,9406.4,2024/06/12,华中,银行卡,completed,42,
ORD003496,Levi's 501,服装,服装服装,921.62,1,921.62,2024/05/10,华北,信用卡,completed,43,男
ORD003497,Kindle Paperwhite,电子产品,电子产品,5143.12,3,15429.36,2024/11/12,华北,微信支付,cancelled,35,男
ORD003498,小米台灯,家居,家居家居,321.59,7,2251.13,2024/12/23,华中,支付宝,refunded,24,男
ORD003499,AirPods Pro,电子产品,电子产品,6486.16,4,25944.64,2024/02/09,华南,银行卡,completed,28,
ORD003500,美的电饭煲,家居,家居家居,6148.68,3,18446.04,2024/01/01,华中,支付宝,completed,52,
ORD003501,算法导论,图书,图书图书,9926.15,7,69483.05,2025/05/02,华南,支付宝,pending,59,女
ORD003502,戴森吸尘器,家居,家居家居,9987.75,5,49938.75,2025/04/17,华东,微信支付,pending,52,男
ORD003503,Levi's 501,服装,服装服装,5427.63,5,27138.15,2025/02/27,华北,信用卡,completed,35,
ORD003504,Dell XPS 15,电子产品,电子产品,173.83,1,173.83,2024/04/15,西北,信用卡,completed,26,男
ORD003505,美的电饭煲,家居,家居家居,9222.11,4,36888.44,2024/06/18,华北,微信支付,completed,54,女
ORD003506,H&M 连衣裙,服装,服装服装,8402.36,2,16804.72,2024/05/12,华北,支付宝,completed,49,男
ORD003507,星巴克咖啡豆,食品,食品食品,317.86,2,635.72,2024/10/17,西南,信用卡,completed,29,男
ORD003508,德芙巧克力,食品,食品食品,2759.43,10,27594.3,2025/05/25,华北,信用卡,pending,18,
ORD003509,Dell XPS 15,电子产品,电子产品,7179.34,6,43076.04,2024/06/12,西南,信用卡,completed,65,男
ORD003510,罗技 MX Master 3,电子产品,电子产品,6527.98,3,19583.94,2024/03/25,东北,信用卡,completed,33,男
ORD003511,H&M 连衣裙,服装,服装服装,9934.41,2,19868.82,2024/10/07,西南,支付宝,completed,33,男
ORD003512,算法导论,图书,图书图书,1159.49,10,11594.9,2024/05/06,西北,支付宝,completed,19,
ORD003513,原则,图书,图书图书,8671.43,8,69371.44,2024/04/25,西北,支付宝,completed,61,男
ORD003514,九阳豆浆机,家居,家居家居,6113.75,3,18341.25,2024/04/13,华东,银行卡,completed,24,男
ORD003515,优衣库羽绒服,服装,服装服装,7347.75,1,7347.75,2024/05/27,西南,银行卡,completed,56,女
ORD003516,New Balance 574,服装,服装服装,6122.98,5,30614.9,2024/02/21,华中,支付宝,completed,51,男
ORD003517,北面冲锋衣,服装,服装服装,6871.91,10,68719.1,2024/11/09,东北,微信支付,refunded,63,
ORD003518,百威啤酒,食品,食品食品,4514.72,1,4514.72,2024/02/01,华中,银行卡,completed,45,男
ORD003519,Kindle Paperwhite,电子产品,电子产品,512.16,6,3072.96,2024/07/31,华南,支付宝,completed,57,
ORD003520,小熊加湿器,家居,家居家居,2981.78,5,14908.9,2025/02/04,华中,信用卡,completed,56,男
ORD003521,Samsung Galaxy S24,电子产品,电子产品,9504.66,4,38018.64,2024/03/08,华东,支付宝,completed,43,
ORD003522,Python编程从入门到实践,图书,图书图书,5272.42,5,26362.1,2024/06/07,华东,信用卡,completed,21,男
ORD003523,美的电饭煲,家居,家居家居,4167.73,6,25006.38,2025/05/05,西北,微信支付,completed,54,
ORD003524,Dell XPS 15,电子产品,电子产品,2964.82,8,23718.56,2025/05/03,西南,微信支付,pending,43,男
ORD003525,Python编程从入门到实践,图书,图书图书,7728.03,7,54096.21,2024/10/03,东北,信用卡,completed,29,男
ORD003526,三体全集,图书,图书图书,3351.23,4,13404.92,2025/05/27,东北,银行卡,completed,43,
ORD003527,深入理解计算机系统,图书,图书图书,6119.74,8,48957.92,2024/08/19,西南,微信支付,completed,27,男
ORD003528,算法导论,图书,图书图书,6874.56,1,6874.56,2025/01/07,西北,银行卡,completed,35,
ORD003529,罗技 MX Master 3,电子产品,电子产品,34.36,2,68.72,2024/09/28,华东,信用卡,cancelled,18,
ORD003530,H&M 连衣裙,服装,服装服装,9679.43,2,19358.86,2025/02/03,华中,银行卡,completed,43,女
ORD003531,小熊加湿器,家居,家居家居,1807.42,8,14459.36,2025/03/08,华南,银行卡,completed,30,
ORD003532,宜家书架,家居,家居家居,6632.43,5,33162.15,2025/03/02,西南,信用卡,pending,35,
ORD003533,九阳豆浆机,家居,家居家居,8982.67,4,35930.68,2024/10/03,东北,信用卡,completed,35,
ORD003534,Zara 西装外套,服装,服装服装,8662.41,6,51974.46,2024/06/27,东北,银行卡,completed,39,女
ORD003535,深入理解计算机系统,图书,图书图书,2793.34,6,16760.04,2025/01/12,华南,银行卡,completed,50,男
ORD003536,Samsung Galaxy S24,电子产品,电子产品,7890.78,10,78907.8,2024/08/16,华东,信用卡,completed,50,男
ORD003537,三只松鼠坚果礼盒,食品,食品食品,2242.98,10,22429.8,2024/04/10,华南,银行卡,completed,43,女
ORD003538,H&M 连衣裙,服装,服装服装,1083.1,4,4332.4,2024/12/11,东北,信用卡,cancelled,21,
ORD003539,农夫山泉,食品,食品食品,7820.26,7,54741.82,2024/12/15,西北,银行卡,completed,58,男
ORD003540,小熊加湿器,家居,家居家居,871.76,3,2615.28,2024/02/22,华东,信用卡,refunded,20,女
ORD003541,三只松鼠坚果礼盒,食品,食品食品,5840.43,3,17521.29,2024/08/04,华南,微信支付,completed,61,女
ORD003542,罗技 MX Master 3,电子产品,电子产品,7518.6,7,52630.2,2024/03/12,华中,支付宝,refunded,27,
ORD003543,人类简史,图书,图书图书,9196.65,7,64376.55,2024/03/19,华南,支付宝,completed,20,女
ORD003544,H&M 连衣裙,服装,服装服装,1329.43,10,13294.3,2024/04/06,华北,银行卡,completed,46,
ORD003545,原则,图书,图书图书,2982.89,10,29828.9,2025/02/22,华中,微信支付,completed,44,
ORD003546,优衣库羽绒服,服装,服装服装,7483.21,9,67348.89,2024/10/16,华中,微信支付,completed,63,
ORD003547,九阳豆浆机,家居,家居家居,2687.46,5,13437.3,2024/05/11,华东,银行卡,cancelled,30,男
ORD003548,美的电饭煲,家居,家居家居,6452.66,7,45168.62,2024/01/05,西北,信用卡,completed,37,男
ORD003549,良品铺子零食包,食品,食品食品,6086.29,2,12172.58,2024/06/01,东北,支付宝,pending,23,女
ORD003550,良品铺子零食包,食品,食品食品,9662.91,5,48314.55,2025/05/31,东北,银行卡,completed,20,
ORD003551,iPhone 15,电子产品,电子产品,1479.17,3,4437.51,2024/03/20,华东,支付宝,completed,22,男
ORD003552,Samsung Galaxy S24,电子产品,电子产品,2927.63,4,11710.52,2024/07/17,东北,信用卡,completed,39,女
ORD003553,罗技 MX Master 3,电子产品,电子产品,6680.51,5,33402.55,2024/05/26,西南,信用卡,completed,30,女
ORD003554,H&M 连衣裙,服装,服装服装,5894.39,6,35366.34,2025/03/07,华东,支付宝,completed,22,女
ORD003555,算法导论,图书,图书图书,9037.29,4,36149.16,2024/10/03,西北,微信支付,pending,46,女
ORD003556,优衣库羽绒服,服装,服装服装,6166.62,1,6166.62,2024/03/22,华北,信用卡,refunded,59,男
ORD003557,Python编程从入门到实践,图书,图书图书,1327.72,7,9294.04,2025/04/03,西北,银行卡,completed,20,男
ORD003558,小熊加湿器,家居,家居家居,300.82,6,1804.92,2024/08/31,华东,支付宝,pending,25,男
ORD003559,深入理解计算机系统,图书,图书图书,4253.77,1,4253.77,2024/08/31,西南,银行卡,completed,26,男
ORD003560,九阳豆浆机,家居,家居家居,9749.36,1,9749.36,2024/11/27,华北,银行卡,pending,21,女
ORD003561,Sony WH-1000XM5,电子产品,电子产品,6693.36,5,33466.8,2024/04/30,华北,银行卡,cancelled,54,
ORD003562,宜家书架,家居,家居家居,7935.91,7,55551.37,2024/10/16,华东,信用卡,completed,64,
ORD003563,良品铺子零食包,食品,食品食品,1363.99,9,12275.91,2024/10/26,西南,信用卡,completed,45,
ORD003564,Zara 西装外套,服装,服装服装,6952.46,5,34762.3,2025/04/14,华中,信用卡,cancelled,34,
ORD003565,Levi's 501,服装,服装服装,9730.81,4,38923.24,2025/03/30,西南,微信支付,completed,37,女
ORD003566,思考快与慢,图书,图书图书,8991.73,9,80925.57,2024/06/28,西北,微信支付,completed,25,男
ORD003567,农夫山泉,食品,食品食品,2868.57,5,14342.85,2025/03/14,东北,银行卡,completed,27,女
ORD003568,小米台灯,家居,家居家居,4410.89,7,30876.23,2024/08/05,东北,微信支付,refunded,59,女
ORD003569,MacBook Air,电子产品,电子产品,6823.7,2,13647.4,2025/01/13,西南,信用卡,refunded,21,男
ORD003570,Levi's 501,服装,服装服装,3038.73,10,30387.3,2024/02/22,华南,支付宝,completed,55,
ORD003571,农夫山泉,食品,食品食品,4641.54,6,27849.24,2024/04/03,华北,银行卡,refunded,40,女
ORD003572,深入理解计算机系统,图书,图书图书,7678.29,1,7678.29,2024/11/23,华南,支付宝,completed,27,女
ORD003573,九阳豆浆机,家居,家居家居,9293.97,3,27881.91,2024/08/15,华南,微信支付,completed,36,
ORD003574,Dell XPS 15,电子产品,电子产品,357.53,2,715.06,2024/04/02,东北,支付宝,pending,60,
ORD003575,iPhone 15,电子产品,电子产品,302.84,2,605.68,2024/12/11,东北,支付宝,completed,39,女
ORD003576,Apple Watch,电子产品,电子产品,542.91,3,1628.73,2024/07/28,西北,信用卡,cancelled,63,
ORD003577,百威啤酒,食品,食品食品,4032.03,3,12096.09,2025/04/06,西北,支付宝,pending,24,男
ORD003578,九阳豆浆机,家居,家居家居,4834.93,6,29009.58,2024/03/06,东北,微信支付,refunded,31,
ORD003579,Python编程从入门到实践,图书,图书图书,9070.22,8,72561.76,2025/02/16,西北,微信支付,completed,51,
ORD003580,Zara 西装外套,服装,服装服装,1507.43,9,13566.87,2024/07/04,华南,微信支付,completed,64,女
ORD003581,iPhone 15,电子产品,电子产品,6064.91,1,6064.91,2024/06/07,华北,银行卡,completed,64,男
ORD003582,iPhone 15,电子产品,电子产品,9295.32,9,83657.88,2024/02/18,华东,银行卡,completed,43,女
ORD003583,Kindle Paperwhite,电子产品,电子产品,4615.22,9,41536.98,2024/01/15,华中,银行卡,completed,28,
ORD003584,iPhone 15,电子产品,电子产品,8454.8,7,59183.6,2024/08/09,西南,银行卡,refunded,36,
ORD003585,iPhone 15,电子产品,电子产品,4268.57,9,38417.13,2024/11/06,华南,银行卡,pending,58,男
ORD003586,茅台酒,食品,食品食品,4710.45,4,18841.8,2024/04/12,东北,微信支付,completed,26,男
ORD003587,Kindle Paperwhite,电子产品,电子产品,2129.98,5,10649.9,2024/01/17,西北,微信支付,pending,39,
ORD003588,德芙巧克力,食品,食品食品,4182.64,4,16730.56,2025/03/26,西北,信用卡,completed,45,女
ORD003589,茅台酒,食品,食品食品,4981.32,1,4981.32,2024/10/24,华北,微信支付,pending,30,男
ORD003590,星巴克咖啡豆,食品,食品食品,7203.92,1,7203.92,2024/09/07,华东,信用卡,refunded,18,女
ORD003591,iPad Air,电子产品,电子产品,1633.62,5,8168.1,2024/01/14,华北,微信支付,completed,50,女
ORD003592,小熊加湿器,家居,家居家居,3155.0,8,25240.0,2024/05/14,西北,微信支付,pending,22,
ORD003593,农夫山泉,食品,食品食品,778.49,7,5449.43,2024/02/12,华南,微信支付,pending,39,男
ORD003594,九阳豆浆机,家居,家居家居,6400.53,3,19201.59,2024/10/17,华东,银行卡,pending,61,
ORD003595,Zara 西装外套,服装,服装服装,5678.11,7,39746.77,2024/07/03,西南,支付宝,completed,65,
ORD003596,北面冲锋衣,服装,服装服装,3569.55,10,35695.5,2024/05/16,西南,银行卡,completed,53,男
ORD003597,Sony WH-1000XM5,电子产品,电子产品,6337.88,3,19013.64,2024/10/16,西南,支付宝,completed,38,
ORD003598,网易严选床垫,家居,家居家居,3678.43,1,3678.43,2025/03/17,西北,微信支付,completed,54,
ORD003599,小熊加湿器,家居,家居家居,8235.09,3,24705.27,2024/01/18,西北,支付宝,completed,61,
ORD003600,美的电饭煲,家居,家居家居,5717.02,10,57170.2,2025/05/28,华中,信用卡,completed,42,女
ORD003601,Adidas Ultraboost,服装,服装服装,4485.36,5,22426.8,2025/01/31,华东,微信支付,completed,65,
ORD003602,H&M 连衣裙,服装,服装服装,9058.3,5,45291.5,2024/05/03,东北,银行卡,refunded,54,男
ORD003603,罗技 MX Master 3,电子产品,电子产品,7916.3,5,39581.5,2024/01/13,华北,微信支付,completed,58,男
ORD003604,优衣库羽绒服,服装,服装服装,7745.07,6,46470.42,2025/01/07,东北,银行卡,completed,29,
ORD003605,Samsung Galaxy S24,电子产品,电子产品,3005.98,6,18035.88,2024/04/08,西南,信用卡,pending,57,
ORD003606,原则,图书,图书图书,8841.54,9,79573.86,2024/07/04,西南,支付宝,completed,35,女
ORD003607,良品铺子零食包,食品,食品食品,7090.31,3,21270.93,2024/08/03,西北,支付宝,completed,54,男
ORD003608,Python编程从入门到实践,图书,图书图书,7799.77,2,15599.54,2025/02/01,华东,支付宝,refunded,19,
ORD003609,Levi's 501,服装,服装服装,8724.13,8,69793.04,2024/05/11,西南,信用卡,completed,34,男
ORD003610,Adidas Ultraboost,服装,服装服装,1433.29,9,12899.61,2024/05/25,华东,支付宝,completed,33,男
ORD003611,Adidas Ultraboost,服装,服装服装,6269.73,10,62697.3,2024/05/07,华东,银行卡,refunded,47,男
ORD003612,戴森吸尘器,家居,家居家居,713.46,10,7134.6,2025/03/15,东北,支付宝,completed,37,男
ORD003613,MacBook Air,电子产品,电子产品,6856.98,1,6856.98,2025/03/05,华南,微信支付,cancelled,23,
ORD003614,小米台灯,家居,家居家居,8811.83,9,79306.47,2025/03/24,华南,银行卡,completed,47,
ORD003615,九阳豆浆机,家居,家居家居,2379.87,10,23798.7,2024/07/19,西南,银行卡,completed,51,
ORD003616,H&M 连衣裙,服装,服装服装,3871.58,6,23229.48,2024/07/25,东北,支付宝,completed,29,男
ORD003617,北面冲锋衣,服装,服装服装,318.44,10,3184.4,2025/04/11,东北,支付宝,completed,43,女
ORD003618,Dell XPS 15,电子产品,电子产品,175.98,7,1231.86,2024/07/08,华北,微信支付,completed,58,
ORD003619,百威啤酒,食品,食品食品,692.89,4,2771.56,2024/01/21,华北,微信支付,completed,51,女
ORD003620,九阳豆浆机,家居,家居家居,8750.58,2,17501.16,2024/12/08,西南,银行卡,completed,52,男
ORD003621,北面冲锋衣,服装,服装服装,9338.71,5,46693.55,2024/05/20,西北,银行卡,pending,35,
ORD003622,蒙牛纯牛奶,食品,食品食品,3981.73,1,3981.73,2024/08/14,华东,支付宝,completed,18,女
ORD003623,德芙巧克力,食品,食品食品,3865.87,3,11597.61,2024/02/05,东北,微信支付,completed,48,女
ORD003624,网易严选床垫,家居,家居家居,8783.76,7,61486.32,2024/06/09,西南,银行卡,pending,24,女
ORD003625,九阳豆浆机,家居,家居家居,5559.33,5,27796.65,2024/07/10,华中,信用卡,pending,34,男
ORD003626,九阳豆浆机,家居,家居家居,168.97,4,675.88,2024/11/17,西北,信用卡,completed,49,女
ORD003627,H&M 连衣裙,服装,服装服装,1289.68,4,5158.72,2024/08/23,西北,信用卡,cancelled,51,男
ORD003628,星巴克咖啡豆,食品,食品食品,1559.25,1,1559.25,2024/03/31,西北,支付宝,completed,44,
ORD003629,Apple Watch,电子产品,电子产品,1138.95,9,10250.55,2025/01/16,华中,信用卡,cancelled,27,
ORD003630,H&M 连衣裙,服装,服装服装,5731.56,9,51584.04,2024/04/11,西北,银行卡,completed,39,男
ORD003631,Sony WH-1000XM5,电子产品,电子产品,1073.09,10,10730.9,2024/05/02,华中,支付宝,completed,37,男
ORD003632,农夫山泉,食品,食品食品,7060.51,1,7060.51,2024/02/10,华中,信用卡,completed,46,
ORD003633,H&M 连衣裙,服装,服装服装,2903.3,10,29033.0,2024/08/26,东北,支付宝,completed,36,女
ORD003634,iPhone 15,电子产品,电子产品,8531.95,4,34127.8,2024/11/30,华北,微信支付,refunded,25,女
ORD003635,北面冲锋衣,服装,服装服装,2285.27,3,6855.81,2024/08/13,东北,信用卡,completed,54,女
ORD003636,Kindle Paperwhite,电子产品,电子产品,9115.18,8,72921.44,2024/07/19,华南,银行卡,completed,20,
ORD003637,宜家书架,家居,家居家居,8724.92,1,8724.92,2024/07/02,华东,支付宝,pending,21,男
ORD003638,MacBook Air,电子产品,电子产品,5497.42,2,10994.84,2024/11/23,西南,银行卡,pending,41,男
ORD003639,茅台酒,食品,食品食品,9210.55,10,92105.5,2024/06/04,西南,信用卡,pending,65,女
ORD003640,iPad Air,电子产品,电子产品,4018.27,9,36164.43,2024/12/06,华东,信用卡,completed,63,
ORD003641,百威啤酒,食品,食品食品,7332.48,7,51327.36,2024/08/09,华南,银行卡,completed,18,女
ORD003642,Python编程从入门到实践,图书,图书图书,5532.13,1,5532.13,2024/03/30,华东,微信支付,cancelled,49,
ORD003643,AirPods Pro,电子产品,电子产品,3988.51,4,15954.04,2024/01/17,西北,支付宝,pending,32,
ORD003644,Zara 西装外套,服装,服装服装,6617.57,1,6617.57,2024/01/08,东北,银行卡,refunded,46,男
ORD003645,网易严选床垫,家居,家居家居,7599.06,2,15198.12,2025/01/12,华东,支付宝,refunded,42,
ORD003646,Nike Air Max,服装,服装服装,2089.58,1,2089.58,2024/02/12,华东,信用卡,completed,48,
ORD003647,Dell XPS 15,电子产品,电子产品,5641.87,10,56418.7,2024/06/30,东北,支付宝,completed,63,
ORD003648,星巴克咖啡豆,食品,食品食品,8755.77,7,61290.39,2024/01/11,华北,微信支付,completed,59,女
ORD003649,Levi's 501,服装,服装服装,143.53,7,1004.71,2024/01/21,华南,支付宝,cancelled,45,
ORD003650,星巴克咖啡豆,食品,食品食品,9298.03,7,65086.21,2025/01/13,华中,银行卡,refunded,19,
ORD003651,九阳豆浆机,家居,家居家居,4755.97,5,23779.85,2024/02/10,东北,银行卡,completed,31,男
ORD003652,良品铺子零食包,食品,食品食品,5711.93,7,39983.51,2025/01/05,东北,微信支付,cancelled,45,男
ORD003653,宜家书架,家居,家居家居,8566.53,9,77098.77,2024/05/07,东北,微信支付,completed,33,男
ORD003654,Samsung Galaxy S24,电子产品,电子产品,5743.6,2,11487.2,2025/04/01,华南,银行卡,completed,56,女
ORD003655,New Balance 574,服装,服装服装,1730.1,2,3460.2,2025/03/02,西北,微信支付,completed,38,
ORD003656,Kindle Paperwhite,电子产品,电子产品,6601.03,6,39606.18,2024/06/01,华东,信用卡,completed,42,
ORD003657,Adidas Ultraboost,服装,服装服装,9070.77,2,18141.54,2025/05/19,华东,微信支付,cancelled,43,女
ORD003658,罗技 MX Master 3,电子产品,电子产品,5104.95,8,40839.6,2025/03/14,东北,信用卡,cancelled,36,
ORD003659,星巴克咖啡豆,食品,食品食品,369.45,1,369.45,2024/09/14,华中,银行卡,completed,36,女
ORD003660,Dell XPS 15,电子产品,电子产品,9661.56,6,57969.36,2024/09/27,西北,银行卡,completed,31,女
ORD003661,AirPods Pro,电子产品,电子产品,1724.32,2,3448.64,2025/02/11,华北,微信支付,completed,21,女
ORD003662,蒙牛纯牛奶,食品,食品食品,7686.21,2,15372.42,2024/01/19,华中,微信支付,completed,39,
ORD003663,iPhone 15,电子产品,电子产品,110.59,6,663.54,2024/03/27,华南,信用卡,completed,61,女
ORD003664,算法导论,图书,图书图书,3074.59,5,15372.95,2025/05/19,华南,支付宝,pending,56,
ORD003665,人类简史,图书,图书图书,2745.94,1,2745.94,2025/05/19,华中,银行卡,pending,23,
ORD003666,美的电饭煲,家居,家居家居,1311.75,1,1311.75,2024/07/10,华北,微信支付,pending,24,女
ORD003667,AirPods Pro,电子产品,电子产品,7195.09,7,50365.63,2025/04/27,东北,微信支付,completed,24,男
ORD003668,蒙牛纯牛奶,食品,食品食品,3647.95,5,18239.75,2024/09/05,华中,支付宝,completed,45,
ORD003669,Dell XPS 15,电子产品,电子产品,9747.63,10,97476.3,2024/08/28,华北,银行卡,refunded,25,男
ORD003670,罗技 MX Master 3,电子产品,电子产品,6265.85,3,18797.55,2024/08/14,华中,信用卡,completed,26,男
ORD003671,H&M 连衣裙,服装,服装服装,1450.67,3,4352.01,2025/03/28,华北,支付宝,completed,46,
ORD003672,人类简史,图书,图书图书,8354.03,4,33416.12,2024/11/29,西北,银行卡,completed,46,女
ORD003673,Sony WH-1000XM5,电子产品,电子产品,8269.77,4,33079.08,2024/07/30,东北,信用卡,completed,31,
ORD003674,Samsung Galaxy S24,电子产品,电子产品,1344.4,9,12099.6,2024/03/02,华南,信用卡,completed,60,男
ORD003675,蒙牛纯牛奶,食品,食品食品,9333.36,2,18666.72,2024/05/27,西北,信用卡,completed,31,女
ORD003676,美的电饭煲,家居,家居家居,9003.8,8,72030.4,2024/06/09,华北,微信支付,cancelled,29,
ORD003677,北面冲锋衣,服装,服装服装,3417.69,7,23923.83,2024/09/10,西北,支付宝,pending,29,男
ORD003678,人类简史,图书,图书图书,7045.07,6,42270.42,2024/08/16,华南,银行卡,refunded,20,
ORD003679,农夫山泉,食品,食品食品,1299.0,4,5196.0,2024/12/13,东北,支付宝,completed,55,
ORD003680,Apple Watch,电子产品,电子产品,4448.15,3,13344.45,2024/10/15,华东,微信支付,cancelled,53,女
ORD003681,茅台酒,食品,食品食品,6991.26,5,34956.3,2024/02/22,西南,银行卡,completed,49,
ORD003682,算法导论,图书,图书图书,4463.68,1,4463.68,2024/12/26,西北,微信支付,refunded,24,
ORD003683,良品铺子零食包,食品,食品食品,4738.16,5,23690.8,2025/05/06,东北,支付宝,completed,42,女
ORD003684,美的电饭煲,家居,家居家居,4681.1,1,4681.1,2024/08/20,西南,银行卡,completed,31,男
ORD003685,良品铺子零食包,食品,食品食品,504.21,6,3025.26,2025/04/30,华南,微信支付,pending,63,女
ORD003686,德芙巧克力,食品,食品食品,469.37,3,1408.11,2024/07/30,西北,信用卡,refunded,42,男
ORD003687,优衣库羽绒服,服装,服装服装,2995.8,10,29958.0,2024/07/03,华东,支付宝,pending,21,女
ORD003688,原则,图书,图书图书,5902.45,8,47219.6,2024/12/11,华北,银行卡,refunded,60,女
ORD003689,Apple Watch,电子产品,电子产品,4227.21,1,4227.21,2024/06/14,西南,微信支付,completed,43,男
ORD003690,戴森吸尘器,家居,家居家居,1750.04,2,3500.08,2024/07/11,西南,微信支付,completed,60,
ORD003691,茅台酒,食品,食品食品,3925.07,3,11775.21,2025/05/04,华南,支付宝,completed,41,女
ORD003692,Zara 西装外套,服装,服装服装,1347.03,8,10776.24,2024/12/31,华北,支付宝,completed,53,女
ORD003693,三体全集,图书,图书图书,7256.74,9,65310.66,2024/10/24,西北,微信支付,pending,61,男
ORD003694,算法导论,图书,图书图书,1432.33,1,1432.33,2024/12/23,西北,银行卡,pending,57,
ORD003695,百威啤酒,食品,食品食品,3777.46,1,3777.46,2025/01/30,华中,信用卡,refunded,41,女
ORD003696,New Balance 574,服装,服装服装,9073.81,2,18147.62,2024/02/26,华中,支付宝,completed,44,女
ORD003697,三只松鼠坚果礼盒,食品,食品食品,7894.09,3,23682.27,2024/10/16,西北,支付宝,completed,19,男
ORD003698,Samsung Galaxy S24,电子产品,电子产品,623.53,7,4364.71,2024/03/03,华南,微信支付,cancelled,50,女
ORD003699,Zara 西装外套,服装,服装服装,7172.16,6,43032.96,2024/09/30,东北,支付宝,completed,64,
ORD003700,Sony WH-1000XM5,电子产品,电子产品,9016.01,3,27048.03,2024/04/14,西北,支付宝,completed,48,女
ORD003701,人类简史,图书,图书图书,8871.9,4,35487.6,2024/05/05,西南,信用卡,pending,19,男
ORD003702,人类简史,图书,图书图书,114.62,7,802.34,2024/06/06,西南,银行卡,completed,35,
ORD003703,戴森吸尘器,家居,家居家居,8328.57,6,49971.42,2024/03/11,东北,信用卡,completed,55,
ORD003704,Samsung Galaxy S24,电子产品,电子产品,7465.88,4,29863.52,2025/01/05,东北,微信支付,completed,33,
ORD003705,网易严选床垫,家居,家居家居,6306.02,10,63060.2,2024/02/19,华北,支付宝,completed,65,女
ORD003706,深入理解计算机系统,图书,图书图书,6143.41,4,24573.64,2024/08/11,华中,支付宝,completed,53,
ORD003707,思考快与慢,图书,图书图书,6735.76,4,26943.04,2025/04/17,华中,支付宝,completed,32,
ORD003708,美的电饭煲,家居,家居家居,9532.95,1,9532.95,2024/06/13,华北,银行卡,refunded,35,男
ORD003709,H&M 连衣裙,服装,服装服装,2672.78,9,24055.02,2024/04/30,华南,支付宝,cancelled,42,女
ORD003710,星巴克咖啡豆,食品,食品食品,1890.19,10,18901.9,2025/03/27,华中,支付宝,completed,23,
ORD003711,iPhone 15,电子产品,电子产品,8958.5,6,53751.0,2024/05/14,西南,银行卡,completed,46,
ORD003712,AirPods Pro,电子产品,电子产品,6966.13,1,6966.13,2024/05/11,西北,微信支付,completed,60,女
ORD003713,良品铺子零食包,食品,食品食品,9905.14,3,29715.42,2024/06/18,华北,支付宝,completed,55,男
ORD003714,Apple Watch,电子产品,电子产品,8468.4,5,42342.0,2024/07/28,华南,信用卡,pending,36,
ORD003715,百威啤酒,食品,食品食品,4658.71,8,37269.68,2024/06/01,华中,信用卡,refunded,37,女
ORD003716,戴森吸尘器,家居,家居家居,233.87,1,233.87,2024/07/04,西北,支付宝,pending,57,
ORD003717,iPad Air,电子产品,电子产品,6089.03,2,12178.06,2024/09/08,华中,微信支付,completed,48,女
ORD003718,九阳豆浆机,家居,家居家居,5829.7,3,17489.1,2024/01/23,西南,信用卡,completed,19,
ORD003719,Sony WH-1000XM5,电子产品,电子产品,5255.83,6,31534.98,2024/05/22,东北,银行卡,refunded,23,
ORD003720,优衣库羽绒服,服装,服装服装,878.81,5,4394.05,2024/09/15,华东,支付宝,pending,21,
ORD003721,三体全集,图书,图书图书,7621.77,3,22865.31,2024/08/04,华东,支付宝,refunded,42,女
ORD003722,戴森吸尘器,家居,家居家居,6203.14,9,55828.26,2025/05/07,东北,支付宝,pending,21,女
ORD003723,戴森吸尘器,家居,家居家居,6023.3,3,18069.9,2025/06/01,华中,银行卡,cancelled,19,女
ORD003724,戴森吸尘器,家居,家居家居,1162.99,7,8140.93,2024/06/06,华南,信用卡,pending,52,男
ORD003725,宜家书架,家居,家居家居,6318.13,6,37908.78,2024/08/17,西北,银行卡,refunded,58,
ORD003726,算法导论,图书,图书图书,921.6,6,5529.6,2024/11/29,华南,银行卡,completed,22,女
ORD003727,三体全集,图书,图书图书,4085.06,10,40850.6,2024/12/14,华东,支付宝,pending,46,男
ORD003728,小熊加湿器,家居,家居家居,6170.35,5,30851.75,2024/09/16,华东,信用卡,cancelled,54,男
ORD003729,AirPods Pro,电子产品,电子产品,4376.34,2,8752.68,2025/02/17,东北,微信支付,completed,63,女
ORD003730,网易严选床垫,家居,家居家居,1319.39,6,7916.34,2024/09/18,华南,支付宝,completed,64,男
ORD003731,网易严选床垫,家居,家居家居,3497.34,2,6994.68,2024/10/17,华南,支付宝,completed,52,
ORD003732,Sony WH-1000XM5,电子产品,电子产品,6485.24,4,25940.96,2024/04/30,西北,信用卡,refunded,20,
ORD003733,Apple Watch,电子产品,电子产品,7492.52,8,59940.16,2024/06/05,西北,信用卡,completed,22,
ORD003734,良品铺子零食包,食品,食品食品,3877.99,1,3877.99,2024/12/25,华东,信用卡,pending,50,男
ORD003735,九阳豆浆机,家居,家居家居,2493.32,3,7479.96,2025/02/20,华南,银行卡,refunded,31,女
ORD003736,思考快与慢,图书,图书图书,7321.86,1,7321.86,2024/12/08,华东,信用卡,pending,55,女
ORD003737,Nike Air Max,服装,服装服装,3254.82,10,32548.2,2024/12/27,华东,银行卡,completed,61,女
ORD003738,深入理解计算机系统,图书,图书图书,2341.14,1,2341.14,2024/12/20,东北,支付宝,completed,47,男
ORD003739,Nike Air Max,服装,服装服装,7010.65,1,7010.65,2024/06/24,华中,支付宝,completed,18,女
ORD003740,Apple Watch,电子产品,电子产品,9547.82,9,85930.38,2024/10/31,华中,银行卡,completed,53,男
ORD003741,九阳豆浆机,家居,家居家居,6480.87,8,51846.96,2025/05/25,华中,微信支付,pending,28,女
ORD003742,戴森吸尘器,家居,家居家居,2790.41,5,13952.05,2024/12/02,华东,支付宝,pending,47,女
ORD003743,算法导论,图书,图书图书,7238.16,10,72381.6,2024/06/27,华北,银行卡,completed,30,
ORD003744,深入理解计算机系统,图书,图书图书,7487.06,8,59896.48,2024/11/06,华东,微信支付,completed,64,女
ORD003745,原则,图书,图书图书,2031.69,9,18285.21,2025/03/11,东北,信用卡,pending,49,
ORD003746,Apple Watch,电子产品,电子产品,3365.26,1,3365.26,2024/06/17,华南,微信支付,completed,30,男
ORD003747,星巴克咖啡豆,食品,食品食品,7011.58,2,14023.16,2025/05/05,华东,支付宝,pending,62,
ORD003748,Nike Air Max,服装,服装服装,7411.21,4,29644.84,2024/04/02,西北,微信支付,pending,19,女
ORD003749,三体全集,图书,图书图书,1439.69,10,14396.9,2024/05/15,华东,微信支付,pending,45,
ORD003750,算法导论,图书,图书图书,5772.18,7,40405.26,2024/06/14,华中,微信支付,completed,27,女
ORD003751,小熊加湿器,家居,家居家居,1470.47,8,11763.76,2025/04/23,西北,支付宝,completed,48,男
ORD003752,Samsung Galaxy S24,电子产品,电子产品,7437.17,6,44623.02,2024/03/03,西南,微信支付,completed,51,男
ORD003753,iPad Air,电子产品,电子产品,3009.29,8,24074.32,2024/10/25,西北,银行卡,completed,47,男
ORD003754,小米台灯,家居,家居家居,1360.93,4,5443.72,2024/04/17,华北,信用卡,pending,52,男
ORD003755,美的电饭煲,家居,家居家居,8574.62,8,68596.96,2024/12/11,华南,支付宝,completed,41,男
ORD003756,New Balance 574,服装,服装服装,5945.65,1,5945.65,2024/12/18,华中,银行卡,cancelled,41,女
ORD003757,美的电饭煲,家居,家居家居,7238.59,5,36192.95,2024/06/04,华东,微信支付,pending,47,男
ORD003758,Adidas Ultraboost,服装,服装服装,447.42,9,4026.78,2025/02/01,西北,信用卡,completed,49,女
ORD003759,北面冲锋衣,服装,服装服装,3522.28,5,17611.4,2025/03/04,华中,银行卡,pending,23,男
ORD003760,九阳豆浆机,家居,家居家居,2291.59,2,4583.18,2024/06/30,东北,微信支付,completed,35,女
ORD003761,Levi's 501,服装,服装服装,5693.04,8,45544.32,2025/04/17,华南,信用卡,completed,22,
ORD003762,小熊加湿器,家居,家居家居,1490.68,8,11925.44,2024/06/29,东北,微信支付,pending,49,
ORD003763,MacBook Air,电子产品,电子产品,1221.07,10,12210.7,2024/01/11,华北,信用卡,completed,53,女
ORD003764,Kindle Paperwhite,电子产品,电子产品,6492.93,10,64929.3,2024/05/19,华中,银行卡,pending,47,男
ORD003765,蒙牛纯牛奶,食品,食品食品,174.46,6,1046.76,2024/01/17,西南,微信支付,completed,23,
ORD003766,罗技 MX Master 3,电子产品,电子产品,5417.49,8,43339.92,2025/05/01,华中,微信支付,pending,20,
ORD003767,三体全集,图书,图书图书,2116.34,3,6349.02,2024/02/20,华中,微信支付,completed,56,男
ORD003768,Kindle Paperwhite,电子产品,电子产品,9020.56,6,54123.36,2024/05/29,华北,信用卡,cancelled,23,
ORD003769,Python编程从入门到实践,图书,图书图书,3106.75,6,18640.5,2025/01/17,华东,微信支付,completed,46,女
ORD003770,MacBook Air,电子产品,电子产品,568.82,10,5688.2,2024/04/19,东北,支付宝,pending,46,女
ORD003771,良品铺子零食包,食品,食品食品,3008.42,5,15042.1,2024/01/22,华中,信用卡,pending,59,女
ORD003772,Sony WH-1000XM5,电子产品,电子产品,7324.05,9,65916.45,2024/05/19,华中,信用卡,completed,47,女
ORD003773,九阳豆浆机,家居,家居家居,6937.65,7,48563.55,2024/05/08,东北,支付宝,cancelled,29,
ORD003774,宜家书架,家居,家居家居,5943.54,9,53491.86,2024/12/26,西南,支付宝,completed,33,
ORD003775,北面冲锋衣,服装,服装服装,6976.47,8,55811.76,2024/04/02,华东,信用卡,completed,56,女
ORD003776,算法导论,图书,图书图书,8022.4,10,80224.0,2024/03/13,华中,支付宝,refunded,48,女
ORD003777,罗技 MX Master 3,电子产品,电子产品,9436.61,5,47183.05,2024/11/05,西南,微信支付,pending,23,男
ORD003778,算法导论,图书,图书图书,1524.89,8,12199.12,2024/12/05,华东,微信支付,completed,52,
ORD003779,Adidas Ultraboost,服装,服装服装,9464.67,1,9464.67,2025/05/28,华北,支付宝,completed,60,女
ORD003780,MacBook Air,电子产品,电子产品,2872.81,6,17236.86,2024/09/12,华东,微信支付,pending,35,女
ORD003781,深入理解计算机系统,图书,图书图书,1282.31,6,7693.86,2024/10/23,华北,信用卡,refunded,39,
ORD003782,美的电饭煲,家居,家居家居,2175.27,7,15226.89,2024/12/01,东北,支付宝,completed,57,男
ORD003783,百威啤酒,食品,食品食品,9894.7,6,59368.2,2024/03/31,西南,支付宝,refunded,64,女
ORD003784,星巴克咖啡豆,食品,食品食品,8301.71,2,16603.42,2025/01/18,华东,信用卡,completed,21,女
ORD003785,九阳豆浆机,家居,家居家居,2395.09,10,23950.9,2025/01/04,西北,银行卡,pending,56,男
ORD003786,MacBook Air,电子产品,电子产品,1906.69,9,17160.21,2025/04/23,华东,信用卡,completed,52,
ORD003787,良品铺子零食包,食品,食品食品,8898.79,5,44493.95,2025/02/09,西北,信用卡,completed,29,
ORD003788,AirPods Pro,电子产品,电子产品,2671.63,8,21373.04,2025/02/11,西北,信用卡,cancelled,27,
ORD003789,深入理解计算机系统,图书,图书图书,9064.31,3,27192.93,2024/02/12,华南,微信支付,completed,30,女
ORD003790,Samsung Galaxy S24,电子产品,电子产品,3223.61,8,25788.88,2024/02/20,华中,信用卡,cancelled,38,
ORD003791,小米台灯,家居,家居家居,9651.6,8,77212.8,2024/05/03,华东,支付宝,refunded,49,
ORD003792,宜家书架,家居,家居家居,6503.6,9,58532.4,2024/03/19,西北,微信支付,pending,65,女
ORD003793,算法导论,图书,图书图书,9889.29,7,69225.03,2024/09/18,华北,微信支付,completed,63,
ORD003794,农夫山泉,食品,食品食品,3725.57,8,29804.56,2024/03/28,东北,微信支付,completed,18,女
ORD003795,戴森吸尘器,家居,家居家居,4690.11,8,37520.88,2024/12/25,华北,银行卡,completed,61,
ORD003796,Zara 西装外套,服装,服装服装,1208.75,4,4835.0,2024/10/08,华东,支付宝,pending,58,女
ORD003797,美的电饭煲,家居,家居家居,3923.02,9,35307.18,2024/04/10,华东,微信支付,pending,19,女
ORD003798,Samsung Galaxy S24,电子产品,电子产品,2499.12,3,7497.36,2025/03/01,华东,银行卡,cancelled,22,女
ORD003799,Sony WH-1000XM5,电子产品,电子产品,8286.7,6,49720.2,2024/07/24,西南,银行卡,completed,51,男
ORD003800,H&M 连衣裙,服装,服装服装,1323.18,3,3969.54,2025/03/14,华南,银行卡,completed,28,女
ORD003801,小米台灯,家居,家居家居,5451.06,4,21804.24,2025/01/18,华北,微信支付,pending,33,女
ORD003802,H&M 连衣裙,服装,服装服装,3272.06,1,3272.06,2024/10/11,西北,银行卡,pending,34,男
ORD003803,Python编程从入门到实践,图书,图书图书,5237.33,4,20949.32,2025/01/19,华东,信用卡,cancelled,55,
ORD003804,iPhone 15,电子产品,电子产品,2725.06,5,13625.3,2024/07/07,华南,微信支付,completed,31,女
ORD003805,思考快与慢,图书,图书图书,3383.49,2,6766.98,2025/04/25,西北,银行卡,completed,45,女
ORD003806,Nike Air Max,服装,服装服装,2086.82,6,12520.92,2024/02/21,华中,银行卡,cancelled,56,女
ORD003807,宜家书架,家居,家居家居,1948.46,2,3896.92,2024/12/18,西南,银行卡,completed,49,女
ORD003808,Adidas Ultraboost,服装,服装服装,4948.48,6,29690.88,2024/06/20,东北,支付宝,pending,46,男
ORD003809,思考快与慢,图书,图书图书,2657.85,4,10631.4,2025/02/01,华南,银行卡,pending,61,男
ORD003810,深入理解计算机系统,图书,图书图书,7700.23,8,61601.84,2025/02/10,华北,银行卡,pending,53,男
ORD003811,iPhone 15,电子产品,电子产品,6711.8,7,46982.6,2024/12/18,西南,信用卡,refunded,25,男
ORD003812,思考快与慢,图书,图书图书,475.71,1,475.71,2024/02/10,华北,信用卡,completed,30,男
ORD003813,百威啤酒,食品,食品食品,2889.57,2,5779.14,2025/03/09,西北,信用卡,completed,45,女
ORD003814,蒙牛纯牛奶,食品,食品食品,8217.61,3,24652.83,2024/07/03,西南,支付宝,completed,56,
ORD003815,Dell XPS 15,电子产品,电子产品,9183.26,2,18366.52,2025/02/15,华中,信用卡,refunded,23,女
ORD003816,茅台酒,食品,食品食品,5766.25,5,28831.25,2024/09/27,西南,支付宝,completed,63,女
ORD003817,三体全集,图书,图书图书,1798.34,7,12588.38,2024/11/06,西南,微信支付,cancelled,39,
ORD003818,戴森吸尘器,家居,家居家居,8512.95,5,42564.75,2024/06/23,东北,银行卡,cancelled,29,男
ORD003819,AirPods Pro,电子产品,电子产品,3204.9,10,32049.0,2024/01/18,华北,支付宝,refunded,51,男
ORD003820,九阳豆浆机,家居,家居家居,8970.92,2,17941.84,2024/06/03,西北,银行卡,completed,34,女
ORD003821,网易严选床垫,家居,家居家居,2770.24,7,19391.68,2024/12/23,华南,微信支付,refunded,55,男
ORD003822,北面冲锋衣,服装,服装服装,4154.99,1,4154.99,2024/03/23,华南,支付宝,completed,59,
ORD003823,茅台酒,食品,食品食品,5592.56,7,39147.92,2025/05/27,华中,微信支付,completed,52,女
ORD003824,Sony WH-1000XM5,电子产品,电子产品,9758.91,5,48794.55,2024/01/11,华南,微信支付,pending,23,
ORD003825,优衣库羽绒服,服装,服装服装,5354.81,2,10709.62,2024/07/21,华南,微信支付,refunded,30,女
ORD003826,德芙巧克力,食品,食品食品,4361.54,9,39253.86,2024/07/29,西北,支付宝,completed,64,
ORD003827,优衣库羽绒服,服装,服装服装,9454.68,7,66182.76,2024/10/02,华中,微信支付,refunded,20,
ORD003828,Zara 西装外套,服装,服装服装,7580.41,2,15160.82,2024/04/20,华东,支付宝,completed,19,
ORD003829,原则,图书,图书图书,7035.08,10,70350.8,2024/01/14,东北,银行卡,completed,62,男
ORD003830,茅台酒,食品,食品食品,48.45,10,484.5,2024/12/06,华中,信用卡,completed,62,女
ORD003831,小熊加湿器,家居,家居家居,7989.73,2,15979.46,2024/05/25,东北,微信支付,pending,52,
ORD003832,Zara 西装外套,服装,服装服装,6859.7,8,54877.6,2024/01/05,华北,微信支付,pending,31,男
ORD003833,优衣库羽绒服,服装,服装服装,2346.48,3,7039.44,2024/11/29,华中,微信支付,pending,61,男
ORD003834,小米台灯,家居,家居家居,5287.51,9,47587.59,2024/02/02,西南,银行卡,cancelled,21,
ORD003835,Kindle Paperwhite,电子产品,电子产品,8113.7,7,56795.9,2025/04/08,西南,支付宝,completed,51,男
ORD003836,MacBook Air,电子产品,电子产品,2953.75,10,29537.5,2024/04/30,华中,支付宝,completed,43,女
ORD003837,九阳豆浆机,家居,家居家居,1680.23,6,10081.38,2024/02/20,华东,支付宝,completed,64,
ORD003838,Python编程从入门到实践,图书,图书图书,9892.13,4,39568.52,2025/03/22,西南,微信支付,completed,27,男
ORD003839,MacBook Air,电子产品,电子产品,503.44,4,2013.76,2024/04/08,西北,微信支付,completed,47,女
ORD003840,三体全集,图书,图书图书,5971.43,5,29857.15,2024/07/30,华南,支付宝,cancelled,29,女
ORD003841,星巴克咖啡豆,食品,食品食品,8553.63,5,42768.15,2024/05/30,华南,银行卡,completed,31,男
ORD003842,良品铺子零食包,食品,食品食品,5619.1,3,16857.3,2024/03/20,华东,微信支付,completed,46,
ORD003843,北面冲锋衣,服装,服装服装,9526.05,10,95260.5,2025/02/25,华北,支付宝,completed,25,女
ORD003844,Python编程从入门到实践,图书,图书图书,7873.01,5,39365.05,2025/02/26,华东,支付宝,completed,47,女
ORD003845,百威啤酒,食品,食品食品,5844.95,6,35069.7,2025/05/27,华中,银行卡,completed,27,
ORD003846,宜家书架,家居,家居家居,3755.96,8,30047.68,2024/09/10,西北,微信支付,completed,63,男
ORD003847,九阳豆浆机,家居,家居家居,2332.72,2,4665.44,2024/04/24,东北,信用卡,completed,48,男
ORD003848,Levi's 501,服装,服装服装,6847.42,4,27389.68,2024/04/24,华北,微信支付,completed,62,女
ORD003849,三体全集,图书,图书图书,8788.79,2,17577.58,2024/09/08,华北,信用卡,refunded,38,男
ORD003850,三体全集,图书,图书图书,5976.56,1,5976.56,2025/04/21,华南,支付宝,completed,57,
ORD003851,百威啤酒,食品,食品食品,9489.42,3,28468.26,2024/02/05,东北,微信支付,completed,59,
ORD003852,茅台酒,食品,食品食品,7687.52,4,30750.08,2024/12/07,东北,微信支付,completed,43,男
ORD003853,农夫山泉,食品,食品食品,5353.76,9,48183.84,2024/01/15,华南,微信支付,completed,32,
ORD003854,深入理解计算机系统,图书,图书图书,587.42,9,5286.78,2024/06/26,华中,银行卡,completed,30,女
ORD003855,Levi's 501,服装,服装服装,8839.66,3,26518.98,2025/01/14,华中,微信支付,completed,42,男
ORD003856,iPad Air,电子产品,电子产品,8938.54,1,8938.54,2024/01/13,华北,信用卡,completed,56,男
ORD003857,北面冲锋衣,服装,服装服装,8573.34,6,51440.04,2024/10/26,西北,微信支付,pending,48,女
ORD003858,思考快与慢,图书,图书图书,5509.96,2,11019.92,2024/05/09,东北,信用卡,pending,64,男
ORD003859,茅台酒,食品,食品食品,1439.92,3,4319.76,2024/06/05,西北,银行卡,completed,31,女
ORD003860,宜家书架,家居,家居家居,3092.47,1,3092.47,2024/10/28,东北,银行卡,completed,37,男
ORD003861,北面冲锋衣,服装,服装服装,5024.85,7,35173.95,2024/03/19,东北,信用卡,completed,43,男
ORD003862,宜家书架,家居,家居家居,1234.21,9,11107.89,2024/03/05,华中,支付宝,completed,37,男
ORD003863,Samsung Galaxy S24,电子产品,电子产品,3168.52,7,22179.64,2025/02/26,西北,支付宝,completed,47,男
ORD003864,Sony WH-1000XM5,电子产品,电子产品,4402.4,8,35219.2,2024/12/09,华中,微信支付,cancelled,30,男
ORD003865,茅台酒,食品,食品食品,5195.58,6,31173.48,2024/09/23,华中,信用卡,completed,55,男
ORD003866,良品铺子零食包,食品,食品食品,1204.84,3,3614.52,2024/01/27,西北,银行卡,completed,28,
ORD003867,人类简史,图书,图书图书,2887.85,9,25990.65,2025/01/09,西南,微信支付,completed,50,女
ORD003868,Zara 西装外套,服装,服装服装,2791.16,2,5582.32,2024/12/31,华中,信用卡,completed,60,
ORD003869,美的电饭煲,家居,家居家居,6254.02,6,37524.12,2024/12/02,西北,支付宝,completed,44,
ORD003870,农夫山泉,食品,食品食品,5484.25,7,38389.75,2024/07/23,华中,信用卡,completed,36,女
ORD003871,Apple Watch,电子产品,电子产品,3609.35,5,18046.75,2024/04/08,华北,支付宝,completed,54,男
ORD003872,New Balance 574,服装,服装服装,7400.77,4,29603.08,2024/11/06,华中,微信支付,completed,20,女
ORD003873,蒙牛纯牛奶,食品,食品食品,9297.75,8,74382.0,2024/08/08,华北,微信支付,pending,22,男
ORD003874,思考快与慢,图书,图书图书,6988.17,2,13976.34,2024/06/12,东北,支付宝,completed,54,
ORD003875,Adidas Ultraboost,服装,服装服装,3053.55,4,12214.2,2024/08/16,华北,支付宝,completed,20,女
ORD003876,小熊加湿器,家居,家居家居,2121.78,5,10608.9,2025/01/11,东北,支付宝,cancelled,48,
ORD003877,算法导论,图书,图书图书,4898.28,2,9796.56,2025/04/02,华南,微信支付,completed,49,
ORD003878,三体全集,图书,图书图书,1597.81,4,6391.24,2024/05/03,东北,信用卡,pending,57,男
ORD003879,Kindle Paperwhite,电子产品,电子产品,7340.51,5,36702.55,2024/12/26,华北,微信支付,completed,41,男
ORD003880,农夫山泉,食品,食品食品,8605.32,3,25815.96,2024/12/18,东北,银行卡,pending,38,女
ORD003881,Nike Air Max,服装,服装服装,3391.18,6,20347.08,2025/02/06,华北,支付宝,pending,29,男
ORD003882,三只松鼠坚果礼盒,食品,食品食品,2036.24,9,18326.16,2024/12/19,东北,银行卡,completed,62,
ORD003883,网易严选床垫,家居,家居家居,5275.43,7,36928.01,2025/02/15,华北,微信支付,completed,41,女
ORD003884,北面冲锋衣,服装,服装服装,4626.98,4,18507.92,2024/02/20,东北,银行卡,completed,33,男
ORD003885,百威啤酒,食品,食品食品,3681.96,4,14727.84,2024/04/27,东北,支付宝,completed,25,男
ORD003886,Kindle Paperwhite,电子产品,电子产品,8146.24,4,32584.96,2025/04/05,华中,银行卡,completed,21,
ORD003887,罗技 MX Master 3,电子产品,电子产品,7737.51,6,46425.06,2024/04/15,华东,微信支付,completed,18,男
ORD003888,深入理解计算机系统,图书,图书图书,6023.78,8,48190.24,2025/02/15,华南,银行卡,pending,50,
ORD003889,德芙巧克力,食品,食品食品,5004.7,6,30028.2,2025/05/03,西北,信用卡,cancelled,60,男
ORD003890,Samsung Galaxy S24,电子产品,电子产品,5680.27,4,22721.08,2024/09/20,西北,微信支付,completed,50,女
ORD003891,New Balance 574,服装,服装服装,1118.99,3,3356.97,2024/11/25,华南,支付宝,completed,57,女
ORD003892,三体全集,图书,图书图书,3184.17,5,15920.85,2024/10/18,东北,微信支付,completed,51,
ORD003893,Sony WH-1000XM5,电子产品,电子产品,7133.24,6,42799.44,2024/08/29,华东,银行卡,completed,53,女
ORD003894,iPad Air,电子产品,电子产品,9302.67,10,93026.7,2024/08/13,华东,银行卡,completed,44,男
ORD003895,星巴克咖啡豆,食品,食品食品,7333.22,9,65998.98,2025/03/09,华南,银行卡,completed,19,
ORD003896,网易严选床垫,家居,家居家居,9123.47,6,54740.82,2024/01/12,华南,支付宝,refunded,28,女
ORD003897,宜家书架,家居,家居家居,9237.77,1,9237.77,2024/11/04,华中,支付宝,completed,32,男
ORD003898,宜家书架,家居,家居家居,414.78,10,4147.8,2024/04/21,华北,信用卡,pending,53,男
ORD003899,Apple Watch,电子产品,电子产品,175.33,1,175.33,2024/03/18,华南,信用卡,refunded,27,男
ORD003900,人类简史,图书,图书图书,181.31,8,1450.48,2024/06/20,华东,信用卡,pending,50,女
ORD003901,Kindle Paperwhite,电子产品,电子产品,2242.86,4,8971.44,2024/10/27,华北,信用卡,completed,37,
ORD003902,Zara 西装外套,服装,服装服装,1848.11,9,16632.99,2025/04/16,华中,信用卡,pending,18,女
ORD003903,算法导论,图书,图书图书,2917.55,3,8752.65,2024/07/01,华东,信用卡,completed,41,
ORD003904,小熊加湿器,家居,家居家居,5913.62,4,23654.48,2025/04/10,华南,银行卡,refunded,64,女
ORD003905,Zara 西装外套,服装,服装服装,6083.26,8,48666.08,2024/05/06,华南,微信支付,refunded,44,男
ORD003906,罗技 MX Master 3,电子产品,电子产品,6488.25,9,58394.25,2024/06/19,东北,微信支付,completed,20,男
ORD003907,算法导论,图书,图书图书,7817.19,2,15634.38,2024/06/12,华北,银行卡,pending,23,
ORD003908,原则,图书,图书图书,1697.82,1,1697.82,2024/05/11,西北,银行卡,completed,55,女
ORD003909,思考快与慢,图书,图书图书,8709.14,7,60963.98,2024/02/12,华北,银行卡,completed,47,
ORD003910,北面冲锋衣,服装,服装服装,4644.27,1,4644.27,2024/02/25,华南,微信支付,completed,37,
ORD003911,iPad Air,电子产品,电子产品,5983.91,5,29919.55,2024/05/11,西北,信用卡,pending,23,女
ORD003912,H&M 连衣裙,服装,服装服装,6317.97,9,56861.73,2024/01/03,华南,信用卡,completed,26,女
ORD003913,优衣库羽绒服,服装,服装服装,5016.35,3,15049.05,2024/07/10,华南,支付宝,completed,52,男
ORD003914,Kindle Paperwhite,电子产品,电子产品,1878.07,8,15024.56,2024/09/01,西南,银行卡,refunded,31,女
ORD003915,九阳豆浆机,家居,家居家居,1287.5,3,3862.5,2024/04/10,华中,微信支付,completed,54,
ORD003916,New Balance 574,服装,服装服装,4352.7,5,21763.5,2024/10/28,华东,银行卡,pending,28,女
ORD003917,iPad Air,电子产品,电子产品,4535.95,4,18143.8,2024/05/18,华南,信用卡,pending,43,
ORD003918,宜家书架,家居,家居家居,1264.11,4,5056.44,2024/03/28,西南,银行卡,completed,55,男
ORD003919,Levi's 501,服装,服装服装,324.13,1,324.13,2025/05/28,华东,支付宝,completed,38,女
ORD003920,小米台灯,家居,家居家居,9344.83,6,56068.98,2025/02/16,东北,支付宝,completed,35,
ORD003921,MacBook Air,电子产品,电子产品,8061.23,7,56428.61,2024/11/22,华中,支付宝,completed,33,女
ORD003922,美的电饭煲,家居,家居家居,7457.73,3,22373.19,2025/04/06,西北,微信支付,pending,34,男
ORD003923,Adidas Ultraboost,服装,服装服装,6662.32,3,19986.96,2024/04/09,华北,支付宝,completed,32,女
ORD003924,良品铺子零食包,食品,食品食品,2981.15,9,26830.35,2025/05/15,华东,支付宝,completed,36,女
ORD003925,网易严选床垫,家居,家居家居,5673.12,10,56731.2,2025/04/05,华东,支付宝,completed,26,男
ORD003926,Samsung Galaxy S24,电子产品,电子产品,8386.74,7,58707.18,2025/02/19,东北,微信支付,completed,29,男
ORD003927,百威啤酒,食品,食品食品,7576.07,4,30304.28,2025/05/01,东北,信用卡,pending,52,女
ORD003928,Python编程从入门到实践,图书,图书图书,9559.49,3,28678.47,2024/08/14,华中,银行卡,cancelled,40,女
ORD003929,Apple Watch,电子产品,电子产品,850.89,7,5956.23,2024/08/18,华北,信用卡,refunded,19,女
ORD003930,百威啤酒,食品,食品食品,6458.02,1,6458.02,2025/02/14,东北,支付宝,completed,26,男
ORD003931,北面冲锋衣,服装,服装服装,5387.97,3,16163.91,2025/02/04,东北,微信支付,pending,32,
ORD003932,宜家书架,家居,家居家居,8831.08,1,8831.08,2024/12/06,华中,微信支付,cancelled,64,
ORD003933,小米台灯,家居,家居家居,4359.45,8,34875.6,2025/03/17,东北,银行卡,completed,42,
ORD003934,原则,图书,图书图书,7070.74,5,35353.7,2024/03/16,东北,微信支付,completed,47,女
ORD003935,农夫山泉,食品,食品食品,6602.87,4,26411.48,2024/01/03,华南,微信支付,completed,50,女
ORD003936,Sony WH-1000XM5,电子产品,电子产品,6471.63,4,25886.52,2025/02/10,华南,信用卡,pending,52,
ORD003937,H&M 连衣裙,服装,服装服装,2404.82,2,4809.64,2024/03/17,华东,支付宝,pending,36,
ORD003938,三体全集,图书,图书图书,9655.7,9,86901.3,2024/08/20,华北,银行卡,refunded,49,
ORD003939,小米台灯,家居,家居家居,8074.29,5,40371.45,2024/01/20,华中,信用卡,completed,55,男
ORD003940,九阳豆浆机,家居,家居家居,3859.83,8,30878.64,2024/03/21,西北,信用卡,completed,31,男
ORD003941,Python编程从入门到实践,图书,图书图书,6555.65,10,65556.5,2024/06/04,西南,支付宝,completed,46,女
ORD003942,百威啤酒,食品,食品食品,9724.98,8,77799.84,2024/10/03,西南,信用卡,pending,25,男
ORD003943,深入理解计算机系统,图书,图书图书,2648.41,6,15890.46,2025/03/22,华中,支付宝,pending,58,女
ORD003944,罗技 MX Master 3,电子产品,电子产品,7695.64,6,46173.84,2024/01/08,华北,信用卡,completed,44,
ORD003945,优衣库羽绒服,服装,服装服装,883.53,3,2650.59,2025/01/08,东北,银行卡,completed,24,女
ORD003946,Samsung Galaxy S24,电子产品,电子产品,1745.46,1,1745.46,2025/03/18,华中,信用卡,completed,20,男
ORD003947,MacBook Air,电子产品,电子产品,1098.4,8,8787.2,2024/10/16,华北,支付宝,refunded,42,
ORD003948,戴森吸尘器,家居,家居家居,8290.69,2,16581.38,2025/05/30,西南,支付宝,completed,64,女
ORD003949,网易严选床垫,家居,家居家居,2463.7,1,2463.7,2025/04/11,西北,银行卡,cancelled,47,女
ORD003950,小米台灯,家居,家居家居,9716.06,5,48580.3,2024/10/05,东北,支付宝,cancelled,30,
ORD003951,Levi's 501,服装,服装服装,9127.23,9,82145.07,2024/02/06,西北,微信支付,completed,47,
ORD003952,蒙牛纯牛奶,食品,食品食品,5241.83,6,31450.98,2025/03/10,华南,信用卡,completed,34,
ORD003953,人类简史,图书,图书图书,5747.43,8,45979.44,2024/08/31,西南,微信支付,cancelled,45,女
ORD003954,百威啤酒,食品,食品食品,8222.21,8,65777.68,2024/09/02,华北,信用卡,completed,62,男
ORD003955,iPhone 15,电子产品,电子产品,2297.61,3,6892.83,2024/02/24,华中,微信支付,refunded,58,
ORD003956,人类简史,图书,图书图书,1284.35,2,2568.7,2025/02/11,东北,银行卡,completed,25,
ORD003957,原则,图书,图书图书,8600.21,9,77401.89,2025/03/15,华南,信用卡,completed,35,女
ORD003958,MacBook Air,电子产品,电子产品,6446.09,7,45122.63,2024/06/22,东北,信用卡,completed,34,
ORD003959,人类简史,图书,图书图书,2115.61,6,12693.66,2024/01/23,华北,微信支付,pending,42,男
ORD003960,小熊加湿器,家居,家居家居,7350.95,6,44105.7,2024/12/16,华东,微信支付,completed,23,男
ORD003961,Zara 西装外套,服装,服装服装,4788.73,10,47887.3,2024/03/20,西北,银行卡,completed,46,
ORD003962,算法导论,图书,图书图书,4784.42,8,38275.36,2024/12/03,西北,信用卡,completed,37,男
ORD003963,H&M 连衣裙,服装,服装服装,6838.25,4,27353.0,2025/03/26,华北,信用卡,pending,21,
ORD003964,美的电饭煲,家居,家居家居,5414.99,7,37904.93,2025/04/22,西北,银行卡,pending,36,女
ORD003965,Zara 西装外套,服装,服装服装,7720.64,2,15441.28,2024/01/08,华中,支付宝,completed,48,男
ORD003966,三只松鼠坚果礼盒,食品,食品食品,1022.41,1,1022.41,2024/08/21,东北,支付宝,completed,48,
ORD003967,三只松鼠坚果礼盒,食品,食品食品,1633.92,1,1633.92,2025/06/01,西南,微信支付,refunded,36,女
ORD003968,Nike Air Max,服装,服装服装,3218.47,9,28966.23,2025/01/04,东北,银行卡,pending,46,女
ORD003969,原则,图书,图书图书,2809.12,9,25282.08,2024/07/31,华东,信用卡,completed,26,
ORD003970,AirPods Pro,电子产品,电子产品,6904.27,3,20712.81,2024/01/06,西北,支付宝,completed,48,
ORD003971,原则,图书,图书图书,6542.22,6,39253.32,2024/09/07,华北,信用卡,completed,20,女
ORD003972,宜家书架,家居,家居家居,6562.97,1,6562.97,2024/08/07,华中,信用卡,completed,54,女
ORD003973,农夫山泉,食品,食品食品,5171.18,3,15513.54,2024/03/14,华中,支付宝,completed,32,男
ORD003974,宜家书架,家居,家居家居,9244.1,2,18488.2,2024/10/22,华南,微信支付,refunded,41,
ORD003975,网易严选床垫,家居,家居家居,3965.58,8,31724.64,2024/12/30,华东,微信支付,completed,30,女
ORD003976,戴森吸尘器,家居,家居家居,4188.64,1,4188.64,2024/12/14,华东,支付宝,completed,62,
ORD003977,星巴克咖啡豆,食品,食品食品,1579.93,4,6319.72,2025/04/13,华南,信用卡,completed,50,女
ORD003978,Kindle Paperwhite,电子产品,电子产品,8792.92,4,35171.68,2025/01/08,西南,银行卡,completed,64,女
ORD003979,网易严选床垫,家居,家居家居,492.16,1,492.16,2024/07/23,西北,银行卡,completed,18,男
ORD003980,原则,图书,图书图书,7202.52,4,28810.08,2024/05/06,华南,微信支付,cancelled,49,女
ORD003981,Adidas Ultraboost,服装,服装服装,503.49,10,5034.9,2024/06/17,西北,信用卡,completed,54,女
ORD003982,网易严选床垫,家居,家居家居,1745.8,4,6983.2,2025/04/23,华南,信用卡,completed,37,男
ORD003983,戴森吸尘器,家居,家居家居,7439.71,8,59517.68,2024/11/04,西南,支付宝,completed,53,男
ORD003984,星巴克咖啡豆,食品,食品食品,5144.05,4,20576.2,2024/02/09,西南,信用卡,completed,38,男
ORD003985,Sony WH-1000XM5,电子产品,电子产品,3120.81,10,31208.1,2024/05/27,西北,信用卡,completed,50,女
ORD003986,iPad Air,电子产品,电子产品,2862.22,9,25759.98,2024/10/20,西北,银行卡,completed,28,女
ORD003987,MacBook Air,电子产品,电子产品,8396.88,5,41984.4,2024/06/05,西南,支付宝,pending,59,
ORD003988,Kindle Paperwhite,电子产品,电子产品,681.06,3,2043.18,2024/11/10,西南,银行卡,completed,36,男
ORD003989,九阳豆浆机,家居,家居家居,1480.75,9,13326.75,2025/01/18,华北,银行卡,completed,53,
ORD003990,Adidas Ultraboost,服装,服装服装,4160.83,9,37447.47,2024/06/22,华北,微信支付,pending,45,男
ORD003991,Python编程从入门到实践,图书,图书图书,5654.63,2,11309.26,2024/08/13,华东,支付宝,completed,35,
ORD003992,农夫山泉,食品,食品食品,3413.86,6,20483.16,2024/08/13,西北,银行卡,completed,39,女
ORD003993,农夫山泉,食品,食品食品,6967.51,7,48772.57,2024/12/15,西南,支付宝,completed,33,女
ORD003994,戴森吸尘器,家居,家居家居,4794.97,5,23974.85,2024/05/25,华北,微信支付,completed,20,
ORD003995,Kindle Paperwhite,电子产品,电子产品,3109.49,9,27985.41,2025/05/10,华东,银行卡,refunded,27,
ORD003996,Samsung Galaxy S24,电子产品,电子产品,8347.93,2,16695.86,2025/04/22,西南,支付宝,refunded,38,女
ORD003997,MacBook Air,电子产品,电子产品,718.16,5,3590.8,2024/10/17,华东,支付宝,pending,49,男
ORD003998,Sony WH-1000XM5,电子产品,电子产品,2866.19,10,28661.9,2025/03/07,华北,支付宝,completed,18,男
ORD003999,Kindle Paperwhite,电子产品,电子产品,9113.86,6,54683.16,2024/11/11,东北,支付宝,completed,43,男
ORD004000,蒙牛纯牛奶,食品,食品食品,3642.98,9,32786.82,2024/06/16,华南,信用卡,cancelled,35,女
ORD004001,Kindle Paperwhite,电子产品,电子产品,8958.43,9,80625.87,2024/09/01,华北,信用卡,completed,52,女
ORD004002,三体全集,图书,图书图书,1779.32,1,1779.32,2024/06/09,华北,微信支付,completed,33,
ORD004003,良品铺子零食包,食品,食品食品,8647.33,1,8647.33,2024/07/18,华东,支付宝,completed,42,男
ORD004004,深入理解计算机系统,图书,图书图书,4097.03,7,28679.21,2024/02/14,西南,银行卡,completed,20,女
ORD004005,Kindle Paperwhite,电子产品,电子产品,1875.97,5,9379.85,2024/08/28,华南,微信支付,refunded,47,男
ORD004006,北面冲锋衣,服装,服装服装,9373.9,9,84365.1,2024/05/02,华中,支付宝,cancelled,38,
ORD004007,人类简史,图书,图书图书,8671.3,7,60699.1,2025/05/10,西北,微信支付,cancelled,25,女
ORD004008,原则,图书,图书图书,7074.81,9,63673.29,2024/03/01,华北,微信支付,completed,24,
ORD004009,网易严选床垫,家居,家居家居,8026.13,4,32104.52,2024/02/19,华南,银行卡,completed,65,女
ORD004010,星巴克咖啡豆,食品,食品食品,191.18,10,1911.8,2025/05/10,西北,信用卡,completed,32,男
ORD004011,三只松鼠坚果礼盒,食品,食品食品,9996.8,9,89971.2,2024/07/18,华东,银行卡,cancelled,44,
ORD004012,三体全集,图书,图书图书,6562.59,10,65625.9,2024/10/21,华中,信用卡,refunded,63,女
ORD004013,Apple Watch,电子产品,电子产品,6426.5,8,51412.0,2025/05/28,东北,信用卡,completed,52,女
ORD004014,德芙巧克力,食品,食品食品,7247.73,3,21743.19,2024/03/14,华东,信用卡,completed,27,女
ORD004015,戴森吸尘器,家居,家居家居,4361.9,9,39257.1,2024/01/24,华北,支付宝,pending,54,女
ORD004016,小熊加湿器,家居,家居家居,212.83,10,2128.3,2024/07/09,华东,支付宝,refunded,36,男
ORD004017,蒙牛纯牛奶,食品,食品食品,5281.68,8,42253.44,2024/11/04,东北,支付宝,pending,25,女
ORD004018,Nike Air Max,服装,服装服装,9638.1,5,48190.5,2024/04/26,华北,银行卡,completed,60,男
ORD004019,农夫山泉,食品,食品食品,2982.83,3,8948.49,2024/03/24,华东,微信支付,completed,36,
ORD004020,罗技 MX Master 3,电子产品,电子产品,1922.69,1,1922.69,2024/08/17,西北,支付宝,pending,42,
ORD004021,Sony WH-1000XM5,电子产品,电子产品,8770.66,5,43853.3,2024/07/07,华北,支付宝,refunded,61,女
ORD004022,算法导论,图书,图书图书,5134.3,3,15402.9,2024/02/06,华北,微信支付,completed,37,
ORD004023,良品铺子零食包,食品,食品食品,4281.87,3,12845.61,2025/03/06,西南,微信支付,pending,28,
ORD004024,算法导论,图书,图书图书,6877.56,5,34387.8,2025/05/26,华中,信用卡,refunded,47,女
ORD004025,戴森吸尘器,家居,家居家居,636.32,4,2545.28,2025/03/28,华北,银行卡,completed,39,女
ORD004026,New Balance 574,服装,服装服装,8416.85,8,67334.8,2024/11/01,华南,信用卡,pending,27,男
ORD004027,iPhone 15,电子产品,电子产品,323.66,8,2589.28,2025/03/03,西南,信用卡,cancelled,59,女
ORD004028,戴森吸尘器,家居,家居家居,3050.35,9,27453.15,2024/04/09,华南,微信支付,pending,46,男
ORD004029,Sony WH-1000XM5,电子产品,电子产品,7086.92,5,35434.6,2024/08/08,东北,微信支付,completed,23,
ORD004030,优衣库羽绒服,服装,服装服装,2485.62,3,7456.86,2024/01/22,东北,支付宝,refunded,44,男
ORD004031,三只松鼠坚果礼盒,食品,食品食品,6525.69,3,19577.07,2024/11/01,东北,支付宝,pending,55,
ORD004032,算法导论,图书,图书图书,3487.26,6,20923.56,2024/03/26,华中,支付宝,refunded,52,男
ORD004033,深入理解计算机系统,图书,图书图书,4162.45,8,33299.6,2024/05/17,华东,信用卡,completed,32,
ORD004034,九阳豆浆机,家居,家居家居,6555.51,8,52444.08,2024/09/18,东北,微信支付,completed,54,
ORD004035,九阳豆浆机,家居,家居家居,7456.47,6,44738.82,2024/10/16,西北,信用卡,pending,39,
ORD004036,Python编程从入门到实践,图书,图书图书,241.87,1,241.87,2024/02/06,华中,支付宝,cancelled,29,
ORD004037,深入理解计算机系统,图书,图书图书,8375.83,6,50254.98,2025/01/12,华中,支付宝,pending,32,男
ORD004038,AirPods Pro,电子产品,电子产品,7013.51,4,28054.04,2024/06/06,西北,支付宝,completed,22,女
ORD004039,Kindle Paperwhite,电子产品,电子产品,4113.99,1,4113.99,2024/03/19,西南,银行卡,completed,47,女
ORD004040,Nike Air Max,服装,服装服装,5541.47,6,33248.82,2024/09/01,西南,银行卡,completed,57,男
ORD004041,小熊加湿器,家居,家居家居,6639.49,9,59755.41,2025/05/28,华东,支付宝,completed,50,男
ORD004042,H&M 连衣裙,服装,服装服装,9644.49,6,57866.94,2024/08/12,华东,信用卡,completed,24,女
ORD004043,美的电饭煲,家居,家居家居,8988.15,2,17976.3,2024/09/18,华中,银行卡,completed,32,男
ORD004044,算法导论,图书,图书图书,3711.39,4,14845.56,2025/03/16,华东,银行卡,completed,59,女
ORD004045,人类简史,图书,图书图书,4061.74,2,8123.48,2024/06/01,华东,银行卡,completed,21,男
ORD004046,算法导论,图书,图书图书,3041.46,2,6082.92,2024/01/05,西南,信用卡,completed,35,男
ORD004047,H&M 连衣裙,服装,服装服装,9815.13,6,58890.78,2025/06/01,华南,微信支付,completed,36,男
ORD004048,小熊加湿器,家居,家居家居,2837.56,10,28375.6,2024/08/24,东北,微信支付,cancelled,40,男
ORD004049,网易严选床垫,家居,家居家居,6589.97,8,52719.76,2024/12/05,东北,支付宝,cancelled,55,
ORD004050,Sony WH-1000XM5,电子产品,电子产品,247.06,3,741.18,2024/05/05,东北,支付宝,completed,27,女
ORD004051,Levi's 501,服装,服装服装,8348.37,9,75135.33,2025/03/30,华北,微信支付,completed,18,男
ORD004052,美的电饭煲,家居,家居家居,7196.03,6,43176.18,2025/01/12,西南,支付宝,completed,47,
ORD004053,小米台灯,家居,家居家居,9344.69,7,65412.83,2025/01/05,华南,微信支付,pending,33,
ORD004054,三只松鼠坚果礼盒,食品,食品食品,1173.98,10,11739.8,2025/04/14,华南,信用卡,pending,53,女
ORD004055,原则,图书,图书图书,6454.28,7,45179.96,2025/02/07,西南,支付宝,completed,31,男
ORD004056,人类简史,图书,图书图书,4835.61,3,14506.83,2024/10/28,华北,微信支付,completed,40,女
ORD004057,Zara 西装外套,服装,服装服装,3928.0,9,35352.0,2024/05/20,东北,微信支付,completed,56,男
ORD004058,蒙牛纯牛奶,食品,食品食品,8556.48,1,8556.48,2024/05/07,西南,微信支付,completed,36,
ORD004059,小熊加湿器,家居,家居家居,4655.22,10,46552.2,2024/04/09,华中,微信支付,completed,57,男
ORD004060,星巴克咖啡豆,食品,食品食品,9116.6,1,9116.6,2024/07/01,西北,微信支付,completed,40,女
ORD004061,宜家书架,家居,家居家居,7207.98,10,72079.8,2024/02/26,华南,微信支付,completed,63,男
ORD004062,Python编程从入门到实践,图书,图书图书,1649.51,4,6598.04,2025/01/22,西南,信用卡,completed,36,男
ORD004063,Adidas Ultraboost,服装,服装服装,8455.95,2,16911.9,2024/07/14,东北,支付宝,cancelled,44,女
ORD004064,百威啤酒,食品,食品食品,5200.3,8,41602.4,2025/02/25,华南,微信支付,completed,60,女
ORD004065,Levi's 501,服装,服装服装,8943.83,6,53662.98,2024/12/07,华东,信用卡,completed,29,
ORD004066,Adidas Ultraboost,服装,服装服装,3638.05,3,10914.15,2025/02/17,西北,支付宝,completed,59,
ORD004067,H&M 连衣裙,服装,服装服装,3124.37,3,9373.11,2024/08/05,华中,支付宝,refunded,55,
ORD004068,New Balance 574,服装,服装服装,3814.08,1,3814.08,2024/09/03,华东,信用卡,refunded,53,女
ORD004069,Python编程从入门到实践,图书,图书图书,8451.02,9,76059.18,2024/02/02,西北,微信支付,completed,57,男
ORD004070,iPhone 15,电子产品,电子产品,889.18,1,889.18,2025/03/21,华中,微信支付,pending,34,男
ORD004071,Sony WH-1000XM5,电子产品,电子产品,7325.52,10,73255.2,2024/03/21,华南,微信支付,pending,49,
ORD004072,茅台酒,食品,食品食品,3659.66,4,14638.64,2024/02/20,华中,信用卡,pending,56,
ORD004073,AirPods Pro,电子产品,电子产品,9800.53,6,58803.18,2024/01/08,华南,信用卡,completed,42,女
ORD004074,九阳豆浆机,家居,家居家居,3095.51,4,12382.04,2024/02/09,华中,微信支付,completed,33,女
ORD004075,罗技 MX Master 3,电子产品,电子产品,7686.59,4,30746.36,2024/05/16,华北,微信支付,completed,33,男
ORD004076,New Balance 574,服装,服装服装,7083.62,7,49585.34,2025/03/30,西北,信用卡,completed,56,女
ORD004077,九阳豆浆机,家居,家居家居,9649.07,2,19298.14,2025/03/04,华中,银行卡,completed,60,男
ORD004078,H&M 连衣裙,服装,服装服装,3409.96,10,34099.6,2024/08/11,西北,信用卡,completed,49,男
ORD004079,Python编程从入门到实践,图书,图书图书,7159.24,10,71592.4,2024/04/15,东北,微信支付,cancelled,22,女
ORD004080,三体全集,图书,图书图书,2448.21,5,12241.05,2024/01/08,华北,信用卡,completed,20,女
ORD004081,Kindle Paperwhite,电子产品,电子产品,5013.92,4,20055.68,2024/12/07,西北,微信支付,completed,43,女
ORD004082,Dell XPS 15,电子产品,电子产品,4845.42,9,43608.78,2024/02/20,华东,微信支付,completed,51,男
ORD004083,小熊加湿器,家居,家居家居,3544.81,10,35448.1,2024/08/20,东北,微信支付,completed,59,男
ORD004084,算法导论,图书,图书图书,6442.46,7,45097.22,2025/05/23,东北,支付宝,completed,29,
ORD004085,思考快与慢,图书,图书图书,7608.04,4,30432.16,2024/08/24,西南,信用卡,cancelled,31,
ORD004086,德芙巧克力,食品,食品食品,7264.21,8,58113.68,2024/04/16,华北,信用卡,completed,22,男
ORD004087,农夫山泉,食品,食品食品,1726.59,10,17265.9,2024/10/15,华南,信用卡,completed,20,
ORD004088,北面冲锋衣,服装,服装服装,8077.51,5,40387.55,2024/11/23,西北,银行卡,completed,33,
ORD004089,MacBook Air,电子产品,电子产品,490.93,8,3927.44,2024/04/11,华北,微信支付,completed,28,女
ORD004090,九阳豆浆机,家居,家居家居,2507.1,4,10028.4,2024/06/21,华北,微信支付,refunded,37,男
ORD004091,茅台酒,食品,食品食品,9479.87,9,85318.83,2024/08/20,华南,银行卡,completed,48,女
ORD004092,戴森吸尘器,家居,家居家居,8949.51,5,44747.55,2024/12/29,西北,信用卡,completed,51,女
ORD004093,iPhone 15,电子产品,电子产品,5800.44,1,5800.44,2024/11/24,东北,信用卡,completed,61,
ORD004094,人类简史,图书,图书图书,7229.08,6,43374.48,2024/07/14,西南,微信支付,completed,21,
ORD004095,Nike Air Max,服装,服装服装,2985.11,5,14925.55,2024/12/01,东北,银行卡,refunded,44,男
ORD004096,九阳豆浆机,家居,家居家居,3327.35,8,26618.8,2025/05/16,东北,微信支付,completed,30,
ORD004097,New Balance 574,服装,服装服装,9879.32,5,49396.6,2024/12/17,西南,银行卡,completed,52,
ORD004098,Dell XPS 15,电子产品,电子产品,780.87,5,3904.35,2024/01/09,华北,支付宝,pending,36,女
ORD004099,深入理解计算机系统,图书,图书图书,9590.15,3,28770.45,2024/12/27,西北,支付宝,refunded,41,男
ORD004100,MacBook Air,电子产品,电子产品,8406.59,2,16813.18,2024/11/23,华中,支付宝,refunded,61,
ORD004101,原则,图书,图书图书,7718.76,6,46312.56,2025/02/12,西南,信用卡,cancelled,64,女
ORD004102,Nike Air Max,服装,服装服装,4068.72,5,20343.6,2025/01/24,华东,银行卡,completed,50,
ORD004103,星巴克咖啡豆,食品,食品食品,61.38,1,61.38,2024/07/27,华北,支付宝,completed,48,女
ORD004104,iPhone 15,电子产品,电子产品,3423.09,4,13692.36,2024/05/21,华北,信用卡,completed,18,
ORD004105,网易严选床垫,家居,家居家居,2893.12,7,20251.84,2025/03/31,华南,支付宝,completed,22,
ORD004106,Kindle Paperwhite,电子产品,电子产品,3202.33,2,6404.66,2024/06/22,西北,信用卡,completed,53,男
ORD004107,Adidas Ultraboost,服装,服装服装,6312.19,7,44185.33,2024/10/23,东北,银行卡,completed,31,男
ORD004108,Sony WH-1000XM5,电子产品,电子产品,2253.62,5,11268.1,2025/01/24,西北,微信支付,completed,29,
ORD004109,思考快与慢,图书,图书图书,4021.97,5,20109.85,2024/02/03,华东,微信支付,pending,22,女
ORD004110,德芙巧克力,食品,食品食品,3685.62,1,3685.62,2024/05/04,东北,支付宝,pending,24,男
ORD004111,优衣库羽绒服,服装,服装服装,4663.33,6,27979.98,2024/03/02,华北,微信支付,completed,20,女
ORD004112,Sony WH-1000XM5,电子产品,电子产品,9385.27,6,56311.62,2024/05/22,华东,支付宝,cancelled,59,男
ORD004113,良品铺子零食包,食品,食品食品,5586.72,3,16760.16,2024/10/14,西南,支付宝,completed,21,女
ORD004114,Python编程从入门到实践,图书,图书图书,5647.38,1,5647.38,2025/02/24,华东,微信支付,pending,21,男
ORD004115,戴森吸尘器,家居,家居家居,2860.29,2,5720.58,2025/01/10,华北,支付宝,pending,20,女
ORD004116,算法导论,图书,图书图书,7880.8,3,23642.4,2025/04/05,西北,支付宝,pending,54,女
ORD004117,北面冲锋衣,服装,服装服装,6010.79,5,30053.95,2025/03/18,西南,支付宝,completed,46,男
ORD004118,Levi's 501,服装,服装服装,1840.86,6,11045.16,2024/12/23,西南,支付宝,completed,57,男
ORD004119,iPhone 15,电子产品,电子产品,356.55,5,1782.75,2024/12/08,东北,支付宝,completed,48,
ORD004120,茅台酒,食品,食品食品,1365.46,10,13654.6,2024/04/17,西南,信用卡,completed,40,
ORD004121,Sony WH-1000XM5,电子产品,电子产品,1922.34,5,9611.7,2024/03/14,西南,信用卡,completed,59,
ORD004122,思考快与慢,图书,图书图书,6970.87,10,69708.7,2024/12/10,东北,微信支付,completed,63,
ORD004123,宜家书架,家居,家居家居,8820.24,5,44101.2,2024/12/13,华东,支付宝,completed,27,女
ORD004124,Kindle Paperwhite,电子产品,电子产品,7445.09,4,29780.36,2024/05/12,西北,银行卡,completed,56,
ORD004125,罗技 MX Master 3,电子产品,电子产品,2722.66,2,5445.32,2025/04/06,西南,微信支付,completed,20,女
ORD004126,农夫山泉,食品,食品食品,5283.18,3,15849.54,2024/04/09,华中,支付宝,completed,45,女
ORD004127,New Balance 574,服装,服装服装,7512.01,5,37560.05,2024/05/09,西南,支付宝,completed,22,女
ORD004128,三体全集,图书,图书图书,4630.62,3,13891.86,2025/05/04,华南,微信支付,completed,65,
ORD004129,Dell XPS 15,电子产品,电子产品,8495.76,7,59470.32,2024/10/16,东北,支付宝,completed,44,
ORD004130,百威啤酒,食品,食品食品,9861.6,8,78892.8,2025/01/19,西北,微信支付,cancelled,18,
ORD004131,德芙巧克力,食品,食品食品,841.81,10,8418.1,2025/02/24,华中,信用卡,completed,28,
ORD004132,MacBook Air,电子产品,电子产品,2830.82,10,28308.2,2024/11/17,西南,支付宝,cancelled,41,男
ORD004133,Zara 西装外套,服装,服装服装,9917.93,9,89261.37,2024/08/11,华中,支付宝,completed,58,男
ORD004134,Adidas Ultraboost,服装,服装服装,1835.87,8,14686.96,2024/07/09,西南,银行卡,pending,25,
ORD004135,戴森吸尘器,家居,家居家居,718.93,7,5032.51,2025/05/31,华北,支付宝,cancelled,30,男
ORD004136,三只松鼠坚果礼盒,食品,食品食品,2444.45,1,2444.45,2025/03/28,华东,微信支付,completed,38,男
ORD004137,网易严选床垫,家居,家居家居,1568.33,9,14114.97,2024/06/06,东北,银行卡,pending,30,
ORD004138,宜家书架,家居,家居家居,3319.59,9,29876.31,2025/04/14,华南,信用卡,completed,34,男
ORD004139,三体全集,图书,图书图书,3327.9,7,23295.3,2024/10/31,西南,信用卡,completed,40,男
ORD004140,良品铺子零食包,食品,食品食品,9632.98,3,28898.94,2024/05/26,西南,信用卡,completed,42,
ORD004141,罗技 MX Master 3,电子产品,电子产品,4857.5,5,24287.5,2025/01/21,西北,银行卡,completed,53,
ORD004142,美的电饭煲,家居,家居家居,2382.23,7,16675.61,2024/07/29,华中,支付宝,cancelled,39,
ORD004143,戴森吸尘器,家居,家居家居,2474.21,3,7422.63,2024/10/30,东北,支付宝,completed,22,男
ORD004144,宜家书架,家居,家居家居,4130.56,7,28913.92,2025/03/26,西北,支付宝,completed,39,男
ORD004145,小米台灯,家居,家居家居,2314.24,7,16199.68,2024/07/16,华东,微信支付,pending,31,
ORD004146,Apple Watch,电子产品,电子产品,3721.18,1,3721.18,2024/03/24,华中,信用卡,completed,49,
ORD004147,人类简史,图书,图书图书,8865.49,5,44327.45,2024/10/29,东北,支付宝,completed,60,
ORD004148,宜家书架,家居,家居家居,6319.87,5,31599.35,2024/09/13,华南,信用卡,completed,50,女
ORD004149,戴森吸尘器,家居,家居家居,1281.2,5,6406.0,2024/09/26,华南,银行卡,pending,41,男
ORD004150,Sony WH-1000XM5,电子产品,电子产品,3824.34,9,34419.06,2024/07/11,西北,信用卡,completed,47,
ORD004151,九阳豆浆机,家居,家居家居,5377.83,4,21511.32,2024/07/05,西北,银行卡,completed,54,
ORD004152,Nike Air Max,服装,服装服装,2499.16,1,2499.16,2025/01/08,西南,支付宝,pending,57,
ORD004153,优衣库羽绒服,服装,服装服装,277.3,5,1386.5,2025/04/05,华中,银行卡,completed,20,
ORD004154,九阳豆浆机,家居,家居家居,5582.01,5,27910.05,2024/12/21,华东,信用卡,completed,35,女
ORD004155,小熊加湿器,家居,家居家居,1508.19,3,4524.57,2024/07/08,华东,支付宝,completed,39,女
ORD004156,农夫山泉,食品,食品食品,4744.75,5,23723.75,2024/06/13,东北,银行卡,completed,59,女
ORD004157,Sony WH-1000XM5,电子产品,电子产品,8121.66,9,73094.94,2024/04/26,华北,信用卡,pending,31,女
ORD004158,戴森吸尘器,家居,家居家居,1455.47,9,13099.23,2024/07/16,华北,银行卡,completed,52,男
ORD004159,iPhone 15,电子产品,电子产品,7575.58,5,37877.9,2025/05/03,华中,银行卡,completed,22,
ORD004160,H&M 连衣裙,服装,服装服装,2410.68,5,12053.4,2024/06/14,西南,信用卡,pending,41,女
ORD004161,九阳豆浆机,家居,家居家居,1300.99,1,1300.99,2024/12/01,东北,支付宝,completed,37,
ORD004162,戴森吸尘器,家居,家居家居,6875.43,3,20626.29,2024/03/31,华东,微信支付,completed,46,
ORD004163,Adidas Ultraboost,服装,服装服装,5828.92,6,34973.52,2024/03/20,华南,信用卡,refunded,60,男
ORD004164,网易严选床垫,家居,家居家居,4632.78,1,4632.78,2025/04/30,华北,支付宝,completed,23,
ORD004165,三只松鼠坚果礼盒,食品,食品食品,851.34,9,7662.06,2024/06/25,华中,银行卡,completed,39,
ORD004166,小米台灯,家居,家居家居,4569.84,1,4569.84,2024/01/12,西北,微信支付,completed,60,
ORD004167,德芙巧克力,食品,食品食品,6615.34,5,33076.7,2024/07/27,华北,信用卡,completed,39,
ORD004168,Kindle Paperwhite,电子产品,电子产品,175.28,2,350.56,2025/04/23,华南,银行卡,completed,55,女
ORD004169,茅台酒,食品,食品食品,5041.5,4,20166.0,2025/05/25,西北,微信支付,completed,19,女
ORD004170,罗技 MX Master 3,电子产品,电子产品,567.91,10,5679.1,2024/02/14,华南,信用卡,completed,34,
ORD004171,MacBook Air,电子产品,电子产品,5654.94,4,22619.76,2025/02/23,西南,银行卡,completed,54,女
ORD004172,iPad Air,电子产品,电子产品,4658.81,2,9317.62,2024/05/14,西北,信用卡,pending,43,女
ORD004173,宜家书架,家居,家居家居,8072.17,1,8072.17,2025/01/09,华北,银行卡,pending,35,
ORD004174,Zara 西装外套,服装,服装服装,511.52,10,5115.2,2024/08/21,华南,微信支付,completed,24,男
ORD004175,Sony WH-1000XM5,电子产品,电子产品,5107.2,8,40857.6,2024/09/19,华南,微信支付,completed,32,
ORD004176,良品铺子零食包,食品,食品食品,9400.7,5,47003.5,2024/10/23,华中,微信支付,completed,57,
ORD004177,Levi's 501,服装,服装服装,1526.38,10,15263.8,2025/01/18,西北,支付宝,refunded,59,
ORD004178,MacBook Air,电子产品,电子产品,9438.44,2,18876.88,2025/01/18,华东,银行卡,completed,29,
ORD004179,三只松鼠坚果礼盒,食品,食品食品,5695.79,9,51262.11,2025/01/03,东北,银行卡,completed,64,
ORD004180,美的电饭煲,家居,家居家居,3867.95,7,27075.65,2025/06/01,西南,银行卡,completed,53,女
ORD004181,农夫山泉,食品,食品食品,8035.72,2,16071.44,2024/10/02,华中,信用卡,pending,22,男
ORD004182,Python编程从入门到实践,图书,图书图书,4475.73,6,26854.38,2025/04/28,西北,信用卡,completed,46,
ORD004183,宜家书架,家居,家居家居,4136.58,1,4136.58,2025/01/12,华北,信用卡,completed,58,
ORD004184,三体全集,图书,图书图书,6956.89,3,20870.67,2024/04/23,西北,微信支付,completed,45,女
ORD004185,New Balance 574,服装,服装服装,2799.32,2,5598.64,2025/04/24,华南,微信支付,completed,46,
ORD004186,九阳豆浆机,家居,家居家居,5526.67,9,49740.03,2025/03/03,华南,银行卡,completed,64,
ORD004187,网易严选床垫,家居,家居家居,706.43,1,706.43,2024/06/26,华北,银行卡,pending,35,
ORD004188,美的电饭煲,家居,家居家居,9904.89,10,99048.9,2024/08/31,西北,信用卡,completed,46,
ORD004189,网易严选床垫,家居,家居家居,3442.71,4,13770.84,2024/03/03,西北,信用卡,refunded,34,女
ORD004190,Zara 西装外套,服装,服装服装,1125.23,4,4500.92,2024/07/04,西北,银行卡,completed,19,男
ORD004191,Kindle Paperwhite,电子产品,电子产品,725.19,8,5801.52,2024/06/12,东北,银行卡,refunded,43,女
ORD004192,Kindle Paperwhite,电子产品,电子产品,6241.91,6,37451.46,2024/12/01,西北,微信支付,refunded,40,男
ORD004193,算法导论,图书,图书图书,385.79,7,2700.53,2024/01/11,华北,银行卡,pending,56,
ORD004194,Kindle Paperwhite,电子产品,电子产品,3823.04,2,7646.08,2025/04/20,西南,微信支付,completed,40,男
ORD004195,茅台酒,食品,食品食品,154.24,8,1233.92,2024/04/25,西南,微信支付,completed,44,
ORD004196,Python编程从入门到实践,图书,图书图书,6862.12,9,61759.08,2024/01/25,东北,银行卡,refunded,50,男
ORD004197,Apple Watch,电子产品,电子产品,7584.46,2,15168.92,2025/04/03,西北,微信支付,completed,52,女
ORD004198,Zara 西装外套,服装,服装服装,6882.05,2,13764.1,2024/10/19,西北,支付宝,cancelled,36,男
ORD004199,MacBook Air,电子产品,电子产品,9940.1,8,79520.8,2024/06/28,华北,信用卡,refunded,56,男
ORD004200,原则,图书,图书图书,244.87,5,1224.35,2025/01/04,东北,银行卡,completed,45,
ORD004201,深入理解计算机系统,图书,图书图书,3264.49,10,32644.9,2025/02/09,西北,微信支付,completed,64,男
ORD004202,Python编程从入门到实践,图书,图书图书,3010.57,4,12042.28,2024/07/03,西南,银行卡,completed,39,男
ORD004203,茅台酒,食品,食品食品,6129.66,10,61296.6,2025/03/01,华北,银行卡,completed,38,女
ORD004204,H&M 连衣裙,服装,服装服装,3759.09,7,26313.63,2025/04/06,华东,银行卡,completed,26,
ORD004205,Adidas Ultraboost,服装,服装服装,4085.72,10,40857.2,2025/04/28,华中,微信支付,completed,61,女
ORD004206,思考快与慢,图书,图书图书,142.02,3,426.06,2025/02/07,西南,银行卡,completed,27,男
ORD004207,良品铺子零食包,食品,食品食品,7819.52,10,78195.2,2024/10/01,华北,银行卡,completed,61,
ORD004208,九阳豆浆机,家居,家居家居,4834.45,5,24172.25,2024/09/30,华南,支付宝,completed,53,男
ORD004209,New Balance 574,服装,服装服装,4741.58,7,33191.06,2024/03/08,西北,信用卡,completed,27,男
ORD004210,百威啤酒,食品,食品食品,6582.05,1,6582.05,2024/08/19,华南,微信支付,refunded,27,女
ORD004211,原则,图书,图书图书,3249.0,8,25992.0,2025/01/16,华东,银行卡,pending,47,男
ORD004212,九阳豆浆机,家居,家居家居,1976.34,4,7905.36,2024/11/05,华东,银行卡,cancelled,54,男
ORD004213,宜家书架,家居,家居家居,799.73,4,3198.92,2024/12/05,东北,微信支付,refunded,22,
ORD004214,蒙牛纯牛奶,食品,食品食品,2034.68,10,20346.8,2025/03/19,华中,支付宝,cancelled,55,
ORD004215,优衣库羽绒服,服装,服装服装,2308.67,1,2308.67,2024/12/13,华东,银行卡,refunded,48,男
ORD004216,美的电饭煲,家居,家居家居,2618.16,5,13090.8,2024/08/14,华中,信用卡,completed,22,女
ORD004217,蒙牛纯牛奶,食品,食品食品,1169.97,8,9359.76,2024/01/17,西北,信用卡,completed,44,男
ORD004218,AirPods Pro,电子产品,电子产品,2516.11,2,5032.22,2024/04/21,华南,支付宝,refunded,27,男
ORD004219,人类简史,图书,图书图书,-2434.11,7,-17038.77,2024/06/16,华北,银行卡,pending,36,
ORD004220,星巴克咖啡豆,食品,食品食品,1622.34,2,3244.68,2024/09/12,东北,信用卡,pending,19,男
ORD004221,iPhone 15,电子产品,电子产品,953.02,7,6671.14,2024/03/19,华中,微信支付,completed,47,女
ORD004222,小米台灯,家居,家居家居,4953.65,7,34675.55,2024/06/20,东北,信用卡,completed,34,男
ORD004223,Nike Air Max,服装,服装服装,3206.37,4,12825.48,2024/11/03,华中,支付宝,cancelled,33,女
ORD004224,网易严选床垫,家居,家居家居,2912.96,2,5825.92,2024/02/25,西北,信用卡,completed,48,女
ORD004225,Kindle Paperwhite,电子产品,电子产品,3828.67,7,26800.69,2024/12/20,东北,信用卡,completed,47,
ORD004226,New Balance 574,服装,服装服装,321.9,10,3219.0,2024/02/07,东北,支付宝,completed,38,男
ORD004227,H&M 连衣裙,服装,服装服装,2364.61,10,23646.1,2024/07/20,华中,支付宝,completed,43,男
ORD004228,思考快与慢,图书,图书图书,8499.92,8,67999.36,2024/09/14,西南,银行卡,pending,22,
ORD004229,小熊加湿器,家居,家居家居,9237.87,5,46189.35,2024/03/18,东北,微信支付,completed,24,男
ORD004230,星巴克咖啡豆,食品,食品食品,8212.27,2,16424.54,2025/01/15,华北,信用卡,completed,55,
ORD004231,Kindle Paperwhite,电子产品,电子产品,8222.5,3,24667.5,2024/11/17,西南,信用卡,cancelled,39,女
ORD004232,三只松鼠坚果礼盒,食品,食品食品,8821.73,9,79395.57,2024/03/05,东北,银行卡,completed,60,
ORD004233,H&M 连衣裙,服装,服装服装,4149.52,5,20747.6,2025/04/07,华南,银行卡,completed,55,女
ORD004234,小熊加湿器,家居,家居家居,9330.24,3,27990.72,2024/04/21,西南,银行卡,completed,49,女
ORD004235,蒙牛纯牛奶,食品,食品食品,6988.19,8,55905.52,2024/08/23,东北,银行卡,cancelled,49,男
ORD004236,Python编程从入门到实践,图书,图书图书,3128.92,9,28160.28,2024/07/30,西北,支付宝,cancelled,55,女
ORD004237,茅台酒,食品,食品食品,7467.88,2,14935.76,2024/08/02,华中,支付宝,completed,57,女
ORD004238,三只松鼠坚果礼盒,食品,食品食品,6515.95,7,45611.65,2024/10/15,华中,信用卡,refunded,19,女
ORD004239,原则,图书,图书图书,6602.3,8,52818.4,2025/02/24,华北,微信支付,pending,46,男
ORD004240,Adidas Ultraboost,服装,服装服装,1980.32,4,7921.28,2024/01/14,东北,支付宝,refunded,41,男
ORD004241,宜家书架,家居,家居家居,7743.04,9,69687.36,2024/01/14,华东,支付宝,completed,54,男
ORD004242,算法导论,图书,图书图书,6584.39,6,39506.34,2025/04/03,西北,信用卡,completed,38,男
ORD004243,宜家书架,家居,家居家居,4390.47,1,4390.47,2025/02/03,东北,支付宝,completed,36,男
ORD004244,Sony WH-1000XM5,电子产品,电子产品,9023.88,4,36095.52,2024/06/08,东北,银行卡,completed,43,男
ORD004245,网易严选床垫,家居,家居家居,819.2,5,4096.0,2025/03/24,西南,微信支付,completed,37,男
ORD004246,人类简史,图书,图书图书,3732.23,9,33590.07,2024/10/06,华北,微信支付,completed,38,
ORD004247,小米台灯,家居,家居家居,8724.78,1,8724.78,2025/02/12,华东,支付宝,cancelled,55,
ORD004248,宜家书架,家居,家居家居,6366.89,6,38201.34,2024/08/13,华北,银行卡,completed,23,男
ORD004249,深入理解计算机系统,图书,图书图书,9024.31,5,45121.55,2024/05/12,西北,微信支付,refunded,65,男
ORD004250,小米台灯,家居,家居家居,3081.37,2,6162.74,2024/09/17,东北,支付宝,pending,26,女
ORD004251,美的电饭煲,家居,家居家居,421.77,3,1265.31,2024/05/22,西北,支付宝,completed,21,
ORD004252,思考快与慢,图书,图书图书,6900.68,9,62106.12,2024/02/13,华东,支付宝,completed,22,
ORD004253,Sony WH-1000XM5,电子产品,电子产品,3994.92,4,15979.68,2025/05/18,华东,微信支付,completed,56,
ORD004254,戴森吸尘器,家居,家居家居,2922.9,9,26306.1,2024/04/09,华中,信用卡,completed,43,女
ORD004255,小米台灯,家居,家居家居,3097.2,4,12388.8,2024/12/21,华北,微信支付,pending,30,
ORD004256,良品铺子零食包,食品,食品食品,7662.02,9,68958.18,2024/05/18,华中,银行卡,pending,52,女
ORD004257,Kindle Paperwhite,电子产品,电子产品,9834.2,1,9834.2,2024/02/24,华东,微信支付,completed,21,
ORD004258,Dell XPS 15,电子产品,电子产品,6482.24,4,25928.96,2024/02/15,东北,信用卡,completed,18,女
ORD004259,Zara 西装外套,服装,服装服装,4633.48,6,27800.88,2024/11/07,华南,支付宝,pending,42,女
ORD004260,H&M 连衣裙,服装,服装服装,5614.55,6,33687.3,2024/07/29,华北,支付宝,completed,44,女
ORD004261,北面冲锋衣,服装,服装服装,6854.33,6,41125.98,2025/01/14,华南,信用卡,refunded,45,
ORD004262,MacBook Air,电子产品,电子产品,3305.24,4,13220.96,2024/06/14,西南,支付宝,refunded,48,
ORD004263,MacBook Air,电子产品,电子产品,7595.75,3,22787.25,2024/01/16,西北,银行卡,completed,41,男
ORD004264,星巴克咖啡豆,食品,食品食品,2480.66,3,7441.98,2025/01/10,西南,微信支付,pending,63,
ORD004265,茅台酒,食品,食品食品,5537.51,2,11075.02,2024/03/22,华南,银行卡,pending,20,
ORD004266,星巴克咖啡豆,食品,食品食品,5363.2,7,37542.4,2024/02/13,西北,支付宝,cancelled,30,男
ORD004267,Dell XPS 15,电子产品,电子产品,4825.67,8,38605.36,2025/01/18,华北,微信支付,refunded,26,女
ORD004268,原则,图书,图书图书,4834.49,9,43510.41,2024/05/16,东北,信用卡,completed,57,
ORD004269,良品铺子零食包,食品,食品食品,5056.86,2,10113.72,2024/10/25,华北,微信支付,completed,44,女
ORD004270,美的电饭煲,家居,家居家居,775.85,5,3879.25,2025/05/05,西北,信用卡,pending,54,男
ORD004271,优衣库羽绒服,服装,服装服装,2563.81,10,25638.1,2025/01/16,东北,支付宝,pending,57,女
ORD004272,深入理解计算机系统,图书,图书图书,8161.96,2,16323.92,2024/06/22,华南,银行卡,pending,26,女
ORD004273,Zara 西装外套,服装,服装服装,4856.56,9,43709.04,2024/10/03,东北,微信支付,completed,54,
ORD004274,原则,图书,图书图书,567.91,5,2839.55,2024/10/31,华南,支付宝,refunded,37,男
ORD004275,小米台灯,家居,家居家居,6413.92,7,44897.44,2024/04/16,西北,支付宝,pending,61,
ORD004276,德芙巧克力,食品,食品食品,8301.69,7,58111.83,2024/01/27,西南,微信支付,refunded,40,
ORD004277,农夫山泉,食品,食品食品,5384.89,7,37694.23,2024/06/01,西北,银行卡,completed,19,男
ORD004278,思考快与慢,图书,图书图书,5878.56,3,17635.68,2024/12/26,西北,微信支付,cancelled,63,男
ORD004279,原则,图书,图书图书,8081.5,3,24244.5,2024/12/24,华中,支付宝,refunded,21,
ORD004280,Samsung Galaxy S24,电子产品,电子产品,9753.63,2,19507.26,2024/04/21,华中,支付宝,completed,54,女
ORD004281,iPhone 15,电子产品,电子产品,3648.97,1,3648.97,2025/05/07,华中,微信支付,completed,26,
ORD004282,三体全集,图书,图书图书,7051.45,4,28205.8,2025/02/16,华北,微信支付,completed,33,
ORD004283,小熊加湿器,家居,家居家居,1242.42,3,3727.26,2025/05/11,西北,银行卡,cancelled,48,女
ORD004284,Kindle Paperwhite,电子产品,电子产品,8984.8,3,26954.4,2024/06/26,华南,支付宝,completed,44,女
ORD004285,原则,图书,图书图书,8202.15,4,32808.6,2025/03/11,华东,支付宝,refunded,26,女
ORD004286,New Balance 574,服装,服装服装,598.54,1,598.54,2024/05/23,华南,支付宝,completed,57,女
ORD004287,Nike Air Max,服装,服装服装,710.24,5,3551.2,2024/12/11,华东,银行卡,completed,64,
ORD004288,小米台灯,家居,家居家居,7398.27,7,51787.89,2025/02/19,华北,微信支付,completed,34,女
ORD004289,Sony WH-1000XM5,电子产品,电子产品,1870.87,3,5612.61,2024/05/09,华东,支付宝,completed,64,
ORD004290,百威啤酒,食品,食品食品,8117.75,3,24353.25,2024/09/08,西北,银行卡,pending,27,男
ORD004291,Adidas Ultraboost,服装,服装服装,1702.51,9,15322.59,2024/04/01,华北,支付宝,cancelled,38,
ORD004292,Dell XPS 15,电子产品,电子产品,5230.51,5,26152.55,2024/04/15,华东,支付宝,completed,60,男
ORD004293,Nike Air Max,服装,服装服装,2021.76,10,20217.6,2024/06/15,华东,微信支付,completed,45,
ORD004294,H&M 连衣裙,服装,服装服装,682.52,10,6825.2,2024/06/26,东北,支付宝,completed,62,女
ORD004295,原则,图书,图书图书,2211.66,5,11058.3,2024/07/23,华北,支付宝,completed,49,女
ORD004296,星巴克咖啡豆,食品,食品食品,6983.85,1,6983.85,2024/09/05,华南,银行卡,pending,18,男
ORD004297,New Balance 574,服装,服装服装,2950.21,1,2950.21,2024/08/31,西南,信用卡,pending,22,
ORD004298,美的电饭煲,家居,家居家居,2791.54,7,19540.78,2025/02/19,华东,银行卡,completed,18,女
ORD004299,德芙巧克力,食品,食品食品,2227.52,2,4455.04,2024/07/17,华南,微信支付,completed,44,女
ORD004300,三体全集,图书,图书图书,7678.69,9,69108.21,2024/07/03,华南,信用卡,completed,35,男
ORD004301,Levi's 501,服装,服装服装,9184.68,5,45923.4,2024/09/09,东北,支付宝,completed,25,女
ORD004302,原则,图书,图书图书,2134.71,6,12808.26,2025/04/14,东北,微信支付,completed,53,
ORD004303,Nike Air Max,服装,服装服装,509.57,4,2038.28,2024/01/11,西南,信用卡,cancelled,59,男
ORD004304,茅台酒,食品,食品食品,8862.5,2,17725.0,2024/07/10,华东,支付宝,pending,48,
ORD004305,网易严选床垫,家居,家居家居,8545.13,10,85451.3,2024/04/30,华南,信用卡,completed,36,
ORD004306,北面冲锋衣,服装,服装服装,4520.31,6,27121.86,2025/01/20,华南,微信支付,completed,56,
ORD004307,原则,图书,图书图书,2413.29,3,7239.87,2024/11/04,华北,支付宝,pending,40,
ORD004308,AirPods Pro,电子产品,电子产品,8576.13,10,85761.3,2025/01/02,华中,支付宝,completed,57,
ORD004309,优衣库羽绒服,服装,服装服装,2782.9,1,2782.9,2025/03/02,西南,信用卡,completed,47,男
ORD004310,Kindle Paperwhite,电子产品,电子产品,7138.7,10,71387.0,2025/01/09,华南,银行卡,cancelled,58,男
ORD004311,Kindle Paperwhite,电子产品,电子产品,253.11,8,2024.88,2025/05/17,华东,微信支付,cancelled,64,女
ORD004312,网易严选床垫,家居,家居家居,6087.49,1,6087.49,2025/01/27,西南,支付宝,cancelled,29,女
ORD004313,三体全集,图书,图书图书,5572.01,4,22288.04,2024/11/27,西北,信用卡,completed,33,女
ORD004314,戴森吸尘器,家居,家居家居,3981.03,9,35829.27,2024/08/15,华东,信用卡,completed,29,
ORD004315,小熊加湿器,家居,家居家居,8867.43,3,26602.29,2024/10/23,华中,银行卡,completed,42,女
ORD004316,思考快与慢,图书,图书图书,3926.99,8,31415.92,2025/03/08,西北,信用卡,pending,39,
ORD004317,网易严选床垫,家居,家居家居,7832.78,1,7832.78,2024/11/07,西南,微信支付,refunded,22,男
ORD004318,H&M 连衣裙,服装,服装服装,8084.05,1,8084.05,2024/02/10,东北,支付宝,cancelled,36,
ORD004319,网易严选床垫,家居,家居家居,3457.97,4,13831.88,2024/05/23,华北,信用卡,completed,57,
ORD004320,思考快与慢,图书,图书图书,4225.77,5,21128.85,2024/04/06,东北,信用卡,completed,24,
ORD004321,良品铺子零食包,食品,食品食品,1580.1,3,4740.3,2025/04/27,西北,微信支付,completed,55,
ORD004322,农夫山泉,食品,食品食品,3514.0,8,28112.0,2024/09/03,华中,微信支付,completed,65,男
ORD004323,百威啤酒,食品,食品食品,8362.89,10,83628.9,2024/05/30,华南,支付宝,refunded,52,
ORD004324,茅台酒,食品,食品食品,3980.08,7,27860.56,2024/04/14,东北,支付宝,completed,52,女
ORD004325,H&M 连衣裙,服装,服装服装,291.47,3,874.41,2024/11/07,华南,银行卡,completed,58,女
ORD004326,Nike Air Max,服装,服装服装,206.78,2,413.56,2024/12/31,华东,信用卡,completed,19,女
ORD004327,思考快与慢,图书,图书图书,7647.05,5,38235.25,2025/02/19,西北,银行卡,completed,31,男
ORD004328,茅台酒,食品,食品食品,9707.95,10,97079.5,2024/11/13,华南,支付宝,completed,32,女
ORD004329,人类简史,图书,图书图书,4274.88,6,25649.28,2025/02/13,西北,信用卡,cancelled,63,
ORD004330,戴森吸尘器,家居,家居家居,5546.79,5,27733.95,2025/01/19,华南,银行卡,pending,19,
ORD004331,农夫山泉,食品,食品食品,5649.02,5,28245.1,2025/04/19,华北,银行卡,completed,48,男
ORD004332,深入理解计算机系统,图书,图书图书,2930.59,9,26375.31,2025/04/17,华东,微信支付,refunded,25,
ORD004333,德芙巧克力,食品,食品食品,6088.66,10,60886.6,2024/07/21,东北,信用卡,refunded,51,男
ORD004334,Dell XPS 15,电子产品,电子产品,2150.36,2,4300.72,2024/01/21,华中,银行卡,completed,44,
ORD004335,北面冲锋衣,服装,服装服装,3963.3,10,39633.0,2024/03/08,华北,信用卡,completed,55,女
ORD004336,小熊加湿器,家居,家居家居,4708.9,9,42380.1,2025/05/28,华北,银行卡,completed,50,男
ORD004337,Python编程从入门到实践,图书,图书图书,2110.35,10,21103.5,2024/03/25,西北,银行卡,pending,60,男
ORD004338,北面冲锋衣,服装,服装服装,595.58,2,1191.16,2024/01/03,华南,银行卡,refunded,53,
ORD004339,三只松鼠坚果礼盒,食品,食品食品,4886.89,9,43982.01,2024/06/26,华东,银行卡,completed,65,女
ORD004340,星巴克咖啡豆,食品,食品食品,1724.52,10,17245.2,2024/02/07,东北,信用卡,completed,19,女
ORD004341,Apple Watch,电子产品,电子产品,6658.14,6,39948.84,2024/02/19,华中,银行卡,pending,24,
ORD004342,H&M 连衣裙,服装,服装服装,2621.35,4,10485.4,2024/05/07,西南,银行卡,completed,46,女
ORD004343,Levi's 501,服装,服装服装,4142.75,2,8285.5,2024/07/07,华南,银行卡,completed,34,男
ORD004344,德芙巧克力,食品,食品食品,8287.97,4,33151.88,2024/11/05,华南,支付宝,completed,54,
ORD004345,深入理解计算机系统,图书,图书图书,4888.06,5,24440.3,2024/06/05,华中,银行卡,completed,50,女
ORD004346,Nike Air Max,服装,服装服装,2684.82,5,13424.1,2024/04/16,西南,支付宝,completed,29,男
ORD004347,iPhone 15,电子产品,电子产品,4245.65,3,12736.95,2025/01/05,西南,信用卡,completed,40,男
ORD004348,茅台酒,食品,食品食品,5605.29,3,16815.87,2024/11/07,东北,银行卡,completed,19,女
ORD004349,宜家书架,家居,家居家居,6077.59,1,6077.59,2025/05/22,华北,支付宝,completed,30,
ORD004350,小米台灯,家居,家居家居,5359.59,8,42876.72,2025/02/16,东北,银行卡,completed,31,女
ORD004351,思考快与慢,图书,图书图书,6856.23,8,54849.84,2025/03/28,西北,微信支付,completed,64,男
ORD004352,罗技 MX Master 3,电子产品,电子产品,3233.71,10,32337.1,2024/04/03,东北,支付宝,pending,47,
ORD004353,思考快与慢,图书,图书图书,4797.84,1,4797.84,2024/09/24,西北,银行卡,completed,44,
ORD004354,北面冲锋衣,服装,服装服装,9283.61,5,46418.05,2024/04/18,东北,信用卡,completed,60,男
ORD004355,思考快与慢,图书,图书图书,9893.12,2,19786.24,2024/08/23,西南,信用卡,pending,25,男
ORD004356,深入理解计算机系统,图书,图书图书,4520.97,4,18083.88,2024/10/06,西北,微信支付,completed,25,
ORD004357,原则,图书,图书图书,7854.93,2,15709.86,2024/03/01,华南,支付宝,completed,27,女
ORD004358,茅台酒,食品,食品食品,133.58,6,801.48,2024/06/02,华南,微信支付,cancelled,45,
ORD004359,网易严选床垫,家居,家居家居,9146.3,6,54877.8,2024/03/01,华东,银行卡,pending,29,女
ORD004360,茅台酒,食品,食品食品,4797.19,6,28783.14,2025/01/04,西北,信用卡,completed,31,男
ORD004361,H&M 连衣裙,服装,服装服装,4692.17,6,28153.02,2024/06/20,华北,信用卡,pending,22,
ORD004362,北面冲锋衣,服装,服装服装,1551.77,5,7758.85,2025/04/11,东北,微信支付,completed,61,男
ORD004363,小米台灯,家居,家居家居,2935.6,2,5871.2,2025/04/14,华南,微信支付,completed,63,女
ORD004364,Adidas Ultraboost,服装,服装服装,5772.89,3,17318.67,2024/06/29,西北,微信支付,cancelled,61,男
ORD004365,原则,图书,图书图书,8958.67,7,62710.69,2024/04/17,华东,支付宝,completed,21,女
ORD004366,蒙牛纯牛奶,食品,食品食品,6317.86,8,50542.88,2024/06/27,华中,信用卡,completed,59,女
ORD004367,Levi's 501,服装,服装服装,5822.37,6,34934.22,2025/01/22,西南,微信支付,completed,36,女
ORD004368,网易严选床垫,家居,家居家居,5166.26,3,15498.78,2024/12/29,华东,银行卡,completed,57,女
ORD004369,良品铺子零食包,食品,食品食品,536.45,8,4291.6,2024/11/03,西南,信用卡,pending,37,
ORD004370,iPad Air,电子产品,电子产品,9202.93,3,27608.79,2025/03/14,华中,信用卡,completed,21,男
ORD004371,百威啤酒,食品,食品食品,9551.8,4,38207.2,2025/03/10,东北,支付宝,completed,47,女
ORD004372,优衣库羽绒服,服装,服装服装,2605.45,5,13027.25,2024/12/15,华中,银行卡,completed,28,女
ORD004373,Adidas Ultraboost,服装,服装服装,4129.77,1,4129.77,2024/08/20,东北,微信支付,refunded,61,男
ORD004374,九阳豆浆机,家居,家居家居,1785.56,5,8927.8,2024/12/14,华东,微信支付,completed,20,女
ORD004375,Python编程从入门到实践,图书,图书图书,6008.99,1,6008.99,2025/01/22,西南,信用卡,pending,41,女
ORD004376,小熊加湿器,家居,家居家居,5569.58,4,22278.32,2024/02/06,华东,支付宝,completed,65,女
ORD004377,Samsung Galaxy S24,电子产品,电子产品,9629.15,9,86662.35,2024/01/21,东北,微信支付,pending,24,
ORD004378,人类简史,图书,图书图书,8522.27,5,42611.35,2024/01/16,华中,银行卡,completed,60,
ORD004379,戴森吸尘器,家居,家居家居,9502.32,10,95023.2,2024/03/07,华南,银行卡,completed,39,女
ORD004380,算法导论,图书,图书图书,3289.28,10,32892.8,2025/01/06,华中,微信支付,cancelled,32,男
ORD004381,Adidas Ultraboost,服装,服装服装,8011.19,8,64089.52,2024/09/14,华东,信用卡,completed,19,男
ORD004382,三只松鼠坚果礼盒,食品,食品食品,4452.59,3,13357.77,2024/05/18,西北,银行卡,completed,33,男
ORD004383,iPad Air,电子产品,电子产品,9236.97,8,73895.76,2025/02/10,华东,银行卡,cancelled,28,女
ORD004384,农夫山泉,食品,食品食品,8566.15,10,85661.5,2024/05/22,东北,银行卡,completed,37,女
ORD004385,Sony WH-1000XM5,电子产品,电子产品,9911.74,8,79293.92,2024/03/23,华南,信用卡,completed,27,
ORD004386,原则,图书,图书图书,3257.82,2,6515.64,2025/01/30,西南,微信支付,completed,57,女
ORD004387,算法导论,图书,图书图书,2567.25,9,23105.25,2024/04/20,华中,支付宝,refunded,36,男
ORD004388,宜家书架,家居,家居家居,2990.68,8,23925.44,2024/12/05,华中,支付宝,completed,57,男
ORD004389,算法导论,图书,图书图书,9378.97,3,28136.91,2025/04/28,西南,银行卡,cancelled,36,
ORD004390,美的电饭煲,家居,家居家居,4088.7,2,8177.4,2024/06/16,华北,银行卡,completed,46,男
ORD004391,Sony WH-1000XM5,电子产品,电子产品,6533.18,5,32665.9,2024/04/23,西北,银行卡,completed,37,女
ORD004392,Zara 西装外套,服装,服装服装,605.37,1,605.37,2024/04/27,华南,支付宝,cancelled,50,
ORD004393,Levi's 501,服装,服装服装,5502.36,4,22009.44,2025/05/04,华北,信用卡,completed,46,女
ORD004394,iPhone 15,电子产品,电子产品,506.91,3,1520.73,2025/05/17,东北,支付宝,completed,55,女
ORD004395,AirPods Pro,电子产品,电子产品,9154.42,8,73235.36,2024/08/02,华北,信用卡,completed,51,女
ORD004396,罗技 MX Master 3,电子产品,电子产品,9636.61,8,77092.88,2024/08/06,东北,银行卡,pending,41,男
ORD004397,AirPods Pro,电子产品,电子产品,1694.0,5,8470.0,2024/02/15,华北,支付宝,completed,24,男
ORD004398,算法导论,图书,图书图书,1589.43,3,4768.29,2025/01/24,西南,支付宝,refunded,43,
ORD004399,宜家书架,家居,家居家居,7981.26,3,23943.78,2024/12/07,华中,微信支付,refunded,35,女
ORD004400,Dell XPS 15,电子产品,电子产品,5131.2,3,15393.6,2024/03/14,西北,信用卡,pending,40,
ORD004401,算法导论,图书,图书图书,7126.62,3,21379.86,2024/01/23,华北,支付宝,pending,55,
ORD004402,Adidas Ultraboost,服装,服装服装,5066.6,5,25333.0,2025/01/18,华东,信用卡,completed,32,女
ORD004403,深入理解计算机系统,图书,图书图书,7817.92,4,31271.68,2024/02/15,华中,支付宝,completed,39,男
ORD004404,茅台酒,食品,食品食品,9419.61,1,9419.61,2025/04/19,东北,支付宝,completed,29,女
ORD004405,Zara 西装外套,服装,服装服装,7482.11,7,52374.77,2024/01/05,华北,微信支付,completed,63,男
ORD004406,算法导论,图书,图书图书,9299.33,2,18598.66,2024/10/26,西北,微信支付,completed,53,
ORD004407,AirPods Pro,电子产品,电子产品,8613.79,9,77524.11,2024/08/14,东北,微信支付,completed,26,
ORD004408,MacBook Air,电子产品,电子产品,2838.92,3,8516.76,2024/02/18,华中,信用卡,refunded,55,男
ORD004409,Python编程从入门到实践,图书,图书图书,433.19,4,1732.76,2024/11/16,华东,微信支付,completed,63,男
ORD004410,美的电饭煲,家居,家居家居,113.08,7,791.56,2024/02/22,西南,支付宝,completed,55,女
ORD004411,优衣库羽绒服,服装,服装服装,8930.96,1,8930.96,2025/03/14,东北,支付宝,completed,54,女
ORD004412,小熊加湿器,家居,家居家居,1774.23,9,15968.07,2024/10/05,华南,支付宝,completed,26,男
ORD004413,小熊加湿器,家居,家居家居,1754.77,3,5264.31,2024/12/06,东北,银行卡,completed,24,
ORD004414,小米台灯,家居,家居家居,2509.94,9,22589.46,2024/04/09,东北,银行卡,completed,56,女
ORD004415,Python编程从入门到实践,图书,图书图书,6838.5,8,54708.0,2024/11/10,东北,微信支付,completed,45,
ORD004416,宜家书架,家居,家居家居,5741.7,6,34450.2,2025/03/01,华南,银行卡,pending,45,
ORD004417,Samsung Galaxy S24,电子产品,电子产品,6489.69,1,6489.69,2024/10/30,东北,信用卡,completed,35,男
ORD004418,星巴克咖啡豆,食品,食品食品,9210.9,4,36843.6,2025/03/14,华中,银行卡,pending,60,男
ORD004419,美的电饭煲,家居,家居家居,6859.42,7,48015.94,2024/12/24,华南,支付宝,completed,30,男
ORD004420,AirPods Pro,电子产品,电子产品,1730.42,7,12112.94,2024/04/28,华中,信用卡,completed,22,
ORD004421,戴森吸尘器,家居,家居家居,5920.38,4,23681.52,2025/04/03,西南,信用卡,completed,40,
ORD004422,iPhone 15,电子产品,电子产品,6999.81,8,55998.48,2024/08/09,西北,支付宝,completed,60,
ORD004423,德芙巧克力,食品,食品食品,6942.23,8,55537.84,2024/05/03,华东,微信支付,completed,25,女
ORD004424,星巴克咖啡豆,食品,食品食品,5229.65,5,26148.25,2024/10/26,西北,信用卡,completed,64,女
ORD004425,Levi's 501,服装,服装服装,3482.76,9,31344.84,2024/07/18,东北,银行卡,pending,51,
ORD004426,思考快与慢,图书,图书图书,4711.38,3,14134.14,2025/01/18,华北,银行卡,completed,28,
ORD004427,九阳豆浆机,家居,家居家居,7177.17,7,50240.19,2025/02/03,华南,支付宝,completed,43,
ORD004428,New Balance 574,服装,服装服装,9108.6,6,54651.6,2024/04/04,西南,信用卡,completed,52,
ORD004429,Adidas Ultraboost,服装,服装服装,9239.33,9,83153.97,2024/07/07,华南,银行卡,completed,46,男
ORD004430,三体全集,图书,图书图书,2160.13,6,12960.78,2024/05/06,华东,信用卡,completed,19,
ORD004431,农夫山泉,食品,食品食品,2115.3,9,19037.7,2024/07/17,华北,微信支付,completed,48,男
ORD004432,宜家书架,家居,家居家居,9820.63,5,49103.15,2024/05/15,东北,微信支付,completed,62,女
ORD004433,人类简史,图书,图书图书,228.67,7,1600.69,2024/12/31,华南,银行卡,pending,46,
ORD004434,三只松鼠坚果礼盒,食品,食品食品,8489.87,2,16979.74,2024/11/23,华东,微信支付,completed,54,女
ORD004435,小熊加湿器,家居,家居家居,9695.92,8,77567.36,2024/05/26,东北,信用卡,cancelled,32,女
ORD004436,New Balance 574,服装,服装服装,6876.06,1,6876.06,2024/01/01,华北,信用卡,completed,29,男
ORD004437,算法导论,图书,图书图书,4620.61,7,32344.27,2024/09/17,东北,银行卡,cancelled,21,
ORD004438,Dell XPS 15,电子产品,电子产品,7569.48,5,37847.4,2024/03/18,东北,信用卡,completed,59,
ORD004439,优衣库羽绒服,服装,服装服装,1309.44,5,6547.2,2024/08/07,东北,信用卡,pending,36,女
ORD004440,三体全集,图书,图书图书,2470.55,6,14823.3,2024/09/02,华中,支付宝,completed,55,男
ORD004441,Adidas Ultraboost,服装,服装服装,5880.26,10,58802.6,2025/04/05,华南,银行卡,refunded,43,男
ORD004442,宜家书架,家居,家居家居,4419.69,2,8839.38,2025/04/28,东北,银行卡,completed,18,
ORD004443,iPhone 15,电子产品,电子产品,4659.95,1,4659.95,2024/07/07,西南,信用卡,completed,50,
ORD004444,New Balance 574,服装,服装服装,2034.49,10,20344.9,2024/11/14,华北,银行卡,refunded,63,男
ORD004445,茅台酒,食品,食品食品,4372.42,10,43724.2,2024/08/05,西北,微信支付,pending,20,男
ORD004446,Levi's 501,服装,服装服装,4464.23,7,31249.61,2024/10/14,东北,银行卡,completed,23,女
ORD004447,MacBook Air,电子产品,电子产品,7150.59,5,35752.95,2024/09/30,华北,支付宝,completed,59,男
ORD004448,Samsung Galaxy S24,电子产品,电子产品,4597.11,7,32179.77,2024/11/29,华北,银行卡,pending,27,女
ORD004449,戴森吸尘器,家居,家居家居,4462.84,5,22314.2,2024/03/31,东北,支付宝,cancelled,23,女
ORD004450,Dell XPS 15,电子产品,电子产品,7632.24,10,76322.4,2025/04/05,华东,微信支付,pending,32,女
ORD004451,iPad Air,电子产品,电子产品,7698.68,1,7698.68,2024/10/16,华中,银行卡,completed,61,男
ORD004452,Apple Watch,电子产品,电子产品,8501.08,2,17002.16,2024/02/26,华北,微信支付,completed,18,
ORD004453,New Balance 574,服装,服装服装,4114.44,8,32915.52,2025/02/15,东北,信用卡,completed,51,男
ORD004454,三只松鼠坚果礼盒,食品,食品食品,4766.32,5,23831.6,2025/01/05,华中,微信支付,refunded,56,男
ORD004455,戴森吸尘器,家居,家居家居,6962.16,8,55697.28,2024/06/15,东北,支付宝,completed,63,男
ORD004456,星巴克咖啡豆,食品,食品食品,2850.75,1,2850.75,2024/02/19,西北,银行卡,completed,19,男
ORD004457,网易严选床垫,家居,家居家居,9376.96,5,46884.8,2024/07/03,东北,信用卡,pending,54,
ORD004458,算法导论,图书,图书图书,3447.5,9,31027.5,2025/03/02,西南,支付宝,pending,39,女
ORD004459,小米台灯,家居,家居家居,7974.8,2,15949.6,2024/07/18,华东,银行卡,refunded,33,男
ORD004460,三只松鼠坚果礼盒,食品,食品食品,4876.8,9,43891.2,2024/06/02,西北,信用卡,completed,51,女
ORD004461,蒙牛纯牛奶,食品,食品食品,5724.23,6,34345.38,2024/04/03,华北,微信支付,completed,42,女
ORD004462,Levi's 501,服装,服装服装,5394.99,9,48554.91,2024/09/07,华东,银行卡,completed,57,女
ORD004463,算法导论,图书,图书图书,600.94,9,5408.46,2024/09/05,东北,支付宝,cancelled,55,
ORD004464,网易严选床垫,家居,家居家居,9296.18,1,9296.18,2024/09/27,东北,微信支付,completed,26,男
ORD004465,New Balance 574,服装,服装服装,5873.01,6,35238.06,2025/02/17,东北,信用卡,completed,38,
ORD004466,New Balance 574,服装,服装服装,2858.72,8,22869.76,2025/05/24,华中,微信支付,completed,22,男
ORD004467,茅台酒,食品,食品食品,4029.58,6,24177.48,2024/11/25,华南,支付宝,completed,65,男
ORD004468,思考快与慢,图书,图书图书,5519.8,1,5519.8,2024/03/02,华北,微信支付,refunded,38,男
ORD004469,茅台酒,食品,食品食品,1273.79,2,2547.58,2024/09/27,华南,银行卡,pending,31,女
ORD004470,农夫山泉,食品,食品食品,9936.6,6,59619.6,2024/02/08,西北,银行卡,completed,46,女
ORD004471,New Balance 574,服装,服装服装,993.47,3,2980.41,2024/01/24,西南,微信支付,completed,34,女
ORD004472,Samsung Galaxy S24,电子产品,电子产品,8093.36,3,24280.08,2024/05/14,华南,支付宝,cancelled,57,男
ORD004473,原则,图书,图书图书,-8531.93,7,-59723.51,2025/03/16,华南,微信支付,completed,52,男
ORD004474,New Balance 574,服装,服装服装,9971.02,9,89739.18,2024/08/24,华中,支付宝,completed,54,男
ORD004475,农夫山泉,食品,食品食品,8330.88,2,16661.76,2024/12/29,东北,信用卡,cancelled,28,男
ORD004476,农夫山泉,食品,食品食品,1258.17,4,5032.68,2024/10/06,华北,支付宝,completed,29,男
ORD004477,优衣库羽绒服,服装,服装服装,3889.47,9,35005.23,2025/01/28,西南,微信支付,completed,43,
ORD004478,九阳豆浆机,家居,家居家居,1786.25,7,12503.75,2024/02/08,东北,信用卡,cancelled,26,
ORD004479,深入理解计算机系统,图书,图书图书,4770.75,9,42936.75,2024/05/04,华中,微信支付,completed,39,男
ORD004480,九阳豆浆机,家居,家居家居,2417.08,2,4834.16,2024/08/12,华东,支付宝,completed,52,
ORD004481,百威啤酒,食品,食品食品,2136.3,8,17090.4,2024/08/12,华东,信用卡,completed,62,女
ORD004482,思考快与慢,图书,图书图书,1405.36,10,14053.6,2024/01/19,华北,微信支付,completed,40,
ORD004483,戴森吸尘器,家居,家居家居,4938.1,7,34566.7,2024/10/08,东北,支付宝,pending,61,男
ORD004484,Levi's 501,服装,服装服装,5680.86,1,5680.86,2025/05/22,华北,微信支付,pending,41,
ORD004485,New Balance 574,服装,服装服装,465.09,5,2325.45,2024/12/01,华中,支付宝,pending,46,
ORD004486,德芙巧克力,食品,食品食品,6178.37,7,43248.59,2024/12/26,华东,信用卡,pending,58,男
ORD004487,九阳豆浆机,家居,家居家居,9266.0,5,46330.0,2024/01/17,东北,银行卡,completed,63,
ORD004488,Adidas Ultraboost,服装,服装服装,5954.45,5,29772.25,2024/11/21,西南,信用卡,refunded,22,
ORD004489,网易严选床垫,家居,家居家居,9070.07,2,18140.14,2024/07/03,华南,银行卡,pending,51,
ORD004490,思考快与慢,图书,图书图书,4025.17,2,8050.34,2024/10/11,西北,支付宝,completed,26,
ORD004491,德芙巧克力,食品,食品食品,9157.38,5,45786.9,2024/04/05,东北,银行卡,cancelled,30,女
ORD004492,星巴克咖啡豆,食品,食品食品,9266.15,5,46330.75,2024/03/19,华南,银行卡,refunded,56,
ORD004493,iPad Air,电子产品,电子产品,5564.46,9,50080.14,2024/11/11,西北,信用卡,pending,26,女
ORD004494,优衣库羽绒服,服装,服装服装,9022.69,5,45113.45,2025/02/27,华北,支付宝,completed,61,女
ORD004495,美的电饭煲,家居,家居家居,630.52,8,5044.16,2024/04/30,华东,信用卡,pending,43,男
ORD004496,Sony WH-1000XM5,电子产品,电子产品,2279.59,10,22795.9,2024/02/14,华中,微信支付,pending,26,女
ORD004497,Adidas Ultraboost,服装,服装服装,5800.75,1,5800.75,2025/05/06,东北,微信支付,completed,59,男
ORD004498,蒙牛纯牛奶,食品,食品食品,7084.38,10,70843.8,2025/03/15,西北,支付宝,pending,22,女
ORD004499,农夫山泉,食品,食品食品,3695.03,5,18475.15,2025/05/12,华北,银行卡,pending,24,男
ORD004500,优衣库羽绒服,服装,服装服装,2359.37,8,18874.96,2025/06/01,华北,银行卡,completed,34,女
ORD004501,九阳豆浆机,家居,家居家居,259.24,8,2073.92,2024/08/02,华东,微信支付,completed,19,男
ORD004502,Sony WH-1000XM5,电子产品,电子产品,4995.85,3,14987.55,2024/03/31,华东,支付宝,pending,41,男
ORD004503,Adidas Ultraboost,服装,服装服装,217.09,10,2170.9,2024/07/20,华中,微信支付,completed,43,
ORD004504,Kindle Paperwhite,电子产品,电子产品,4830.8,1,4830.8,2024/07/31,华南,支付宝,cancelled,18,
ORD004505,网易严选床垫,家居,家居家居,7894.59,2,15789.18,2024/06/28,华南,微信支付,completed,48,女
ORD004506,宜家书架,家居,家居家居,9902.91,8,79223.28,2024/05/29,西南,信用卡,pending,44,男
ORD004507,小米台灯,家居,家居家居,4038.14,9,36343.26,2025/05/20,西南,支付宝,completed,38,男
ORD004508,百威啤酒,食品,食品食品,808.03,8,6464.24,2024/03/20,华东,微信支付,cancelled,26,
ORD004509,茅台酒,食品,食品食品,5609.49,4,22437.96,2024/04/08,东北,银行卡,pending,33,男
ORD004510,Zara 西装外套,服装,服装服装,9885.72,6,59314.32,2025/05/18,西北,微信支付,cancelled,64,女
ORD004511,iPad Air,电子产品,电子产品,7961.88,10,79618.8,2024/01/05,华东,支付宝,completed,41,
ORD004512,美的电饭煲,家居,家居家居,3162.67,10,31626.7,2024/05/27,华北,信用卡,pending,51,
ORD004513,美的电饭煲,家居,家居家居,5334.35,10,53343.5,2024/12/03,西南,支付宝,completed,61,男
ORD004514,AirPods Pro,电子产品,电子产品,147.94,6,887.64,2025/05/20,华东,微信支付,pending,42,女
ORD004515,Levi's 501,服装,服装服装,9361.82,7,65532.74,2024/10/14,华北,微信支付,cancelled,53,女
ORD004516,宜家书架,家居,家居家居,3324.37,7,23270.59,2024/10/14,西北,支付宝,completed,65,男
ORD004517,戴森吸尘器,家居,家居家居,8655.53,4,34622.12,2024/12/10,东北,银行卡,cancelled,32,
ORD004518,Levi's 501,服装,服装服装,3196.1,1,3196.1,2024/12/04,华中,支付宝,completed,59,男
ORD004519,蒙牛纯牛奶,食品,食品食品,978.61,8,7828.88,2025/05/05,华南,微信支付,completed,26,男
ORD004520,Python编程从入门到实践,图书,图书图书,5481.1,10,54811.0,2024/04/11,西南,支付宝,pending,22,男
ORD004521,九阳豆浆机,家居,家居家居,3525.87,10,35258.7,2024/08/03,华北,支付宝,completed,33,
ORD004522,算法导论,图书,图书图书,1765.66,7,12359.62,2024/01/24,西北,银行卡,completed,27,男
ORD004523,原则,图书,图书图书,5361.98,8,42895.84,2024/07/03,华北,信用卡,completed,25,
ORD004524,iPhone 15,电子产品,电子产品,6406.03,1,6406.03,2025/01/30,华中,信用卡,pending,25,男
ORD004525,小熊加湿器,家居,家居家居,8856.55,7,61995.85,2025/03/08,华北,支付宝,pending,18,
ORD004526,百威啤酒,食品,食品食品,4901.22,10,49012.2,2024/05/10,西南,支付宝,pending,55,
ORD004527,星巴克咖啡豆,食品,食品食品,923.75,2,1847.5,2024/09/11,华东,微信支付,cancelled,24,
ORD004528,戴森吸尘器,家居,家居家居,6012.59,3,18037.77,2025/02/09,华南,微信支付,completed,48,男
ORD004529,北面冲锋衣,服装,服装服装,5846.44,2,11692.88,2025/03/11,华东,支付宝,pending,50,女
ORD004530,AirPods Pro,电子产品,电子产品,3904.77,10,39047.7,2024/02/23,华东,银行卡,pending,54,女
ORD004531,三只松鼠坚果礼盒,食品,食品食品,5830.64,1,5830.64,2024/04/18,华中,微信支付,pending,45,男
ORD004532,原则,图书,图书图书,7645.69,1,7645.69,2025/05/23,华北,银行卡,completed,60,
ORD004533,原则,图书,图书图书,5334.99,10,53349.9,2024/01/06,华中,银行卡,completed,57,男
ORD004534,Samsung Galaxy S24,电子产品,电子产品,9371.63,10,93716.3,2024/05/31,华南,支付宝,refunded,60,男
ORD004535,九阳豆浆机,家居,家居家居,724.14,9,6517.26,2024/06/03,华北,微信支付,completed,21,
ORD004536,Kindle Paperwhite,电子产品,电子产品,81.9,10,819.0,2025/03/03,华南,支付宝,refunded,42,
ORD004537,百威啤酒,食品,食品食品,49.8,2,99.6,2024/03/30,东北,微信支付,completed,27,女
ORD004538,H&M 连衣裙,服装,服装服装,7301.21,10,73012.1,2024/02/21,东北,信用卡,pending,65,男
ORD004539,Nike Air Max,服装,服装服装,5496.03,3,16488.09,2024/09/07,华南,银行卡,completed,28,男
ORD004540,戴森吸尘器,家居,家居家居,5567.19,7,38970.33,2024/09/05,华北,支付宝,completed,65,女
ORD004541,茅台酒,食品,食品食品,666.85,6,4001.1,2024/08/29,东北,支付宝,completed,33,女
ORD004542,深入理解计算机系统,图书,图书图书,223.49,1,223.49,2024/08/24,东北,银行卡,cancelled,37,女
ORD004543,百威啤酒,食品,食品食品,1899.53,5,9497.65,2024/05/15,华南,银行卡,completed,29,男
ORD004544,九阳豆浆机,家居,家居家居,6761.13,7,47327.91,2025/02/26,华南,微信支付,refunded,46,女
ORD004545,Sony WH-1000XM5,电子产品,电子产品,7173.82,5,35869.1,2024/01/07,东北,银行卡,cancelled,38,男
ORD004546,蒙牛纯牛奶,食品,食品食品,594.57,10,5945.7,2024/01/16,东北,信用卡,completed,55,女
ORD004547,北面冲锋衣,服装,服装服装,399.84,10,3998.4,2024/05/12,西南,信用卡,completed,47,男
ORD004548,百威啤酒,食品,食品食品,8445.35,7,59117.45,2025/02/07,华南,银行卡,completed,27,男
ORD004549,Apple Watch,电子产品,电子产品,9722.66,8,77781.28,2024/01/03,华东,信用卡,cancelled,26,
ORD004550,H&M 连衣裙,服装,服装服装,4208.65,10,42086.5,2024/10/18,华北,微信支付,pending,60,女
ORD004551,小米台灯,家居,家居家居,2519.34,1,2519.34,2024/03/15,东北,信用卡,refunded,57,
ORD004552,人类简史,图书,图书图书,1622.42,10,16224.2,2025/02/01,东北,信用卡,completed,47,男
ORD004553,三体全集,图书,图书图书,2742.83,3,8228.49,2025/04/10,华北,信用卡,completed,61,男
ORD004554,Samsung Galaxy S24,电子产品,电子产品,9094.65,8,72757.2,2024/10/19,西南,银行卡,completed,40,男
ORD004555,星巴克咖啡豆,食品,食品食品,4975.62,6,29853.72,2025/05/26,西北,信用卡,completed,37,女
ORD004556,戴森吸尘器,家居,家居家居,4905.2,5,24526.0,2024/10/22,西南,信用卡,pending,54,男
ORD004557,茅台酒,食品,食品食品,5008.73,8,40069.84,2024/09/06,东北,支付宝,pending,28,男
ORD004558,iPhone 15,电子产品,电子产品,9931.62,8,79452.96,2025/01/15,华中,银行卡,cancelled,50,
ORD004559,算法导论,图书,图书图书,2909.44,3,8728.32,2024/10/29,华北,信用卡,completed,39,女
ORD004560,良品铺子零食包,食品,食品食品,9625.32,1,9625.32,2024/01/12,华东,信用卡,completed,38,男
ORD004561,德芙巧克力,食品,食品食品,3205.03,2,6410.06,2025/04/24,西北,微信支付,completed,56,女
ORD004562,宜家书架,家居,家居家居,4192.34,10,41923.4,2024/06/10,西北,银行卡,completed,43,
ORD004563,小米台灯,家居,家居家居,9831.37,8,78650.96,2024/09/21,华东,支付宝,completed,33,男
ORD004564,深入理解计算机系统,图书,图书图书,3697.9,8,29583.2,2024/08/08,华北,微信支付,completed,30,
ORD004565,算法导论,图书,图书图书,3539.29,6,21235.74,2025/04/10,西北,微信支付,completed,47,
ORD004566,农夫山泉,食品,食品食品,1719.74,6,10318.44,2024/05/16,华南,支付宝,cancelled,46,男
ORD004567,MacBook Air,电子产品,电子产品,1839.34,5,9196.7,2024/02/19,东北,信用卡,completed,24,男
ORD004568,AirPods Pro,电子产品,电子产品,5124.98,4,20499.92,2024/08/08,华南,信用卡,completed,30,
ORD004569,北面冲锋衣,服装,服装服装,5903.26,7,41322.82,2025/06/01,华南,信用卡,completed,59,女
ORD004570,Samsung Galaxy S24,电子产品,电子产品,866.3,3,2598.9,2025/04/27,华南,支付宝,completed,63,女
ORD004571,Zara 西装外套,服装,服装服装,6609.15,2,13218.3,2024/12/28,华东,微信支付,completed,31,女
ORD004572,Python编程从入门到实践,图书,图书图书,8254.94,1,8254.94,2024/12/30,西北,支付宝,completed,34,
ORD004573,网易严选床垫,家居,家居家居,829.47,3,2488.41,2024/07/10,西北,微信支付,completed,51,男
ORD004574,Apple Watch,电子产品,电子产品,9439.64,4,37758.56,2024/12/02,华南,信用卡,completed,60,女
ORD004575,MacBook Air,电子产品,电子产品,6543.74,1,6543.74,2024/02/05,华中,支付宝,pending,23,女
ORD004576,百威啤酒,食品,食品食品,3103.04,4,12412.16,2024/01/15,华中,支付宝,completed,36,女
ORD004577,星巴克咖啡豆,食品,食品食品,1493.31,1,1493.31,2024/02/15,东北,银行卡,completed,49,女
ORD004578,Adidas Ultraboost,服装,服装服装,2523.49,6,15140.94,2024/11/27,西北,支付宝,completed,61,女
ORD004579,农夫山泉,食品,食品食品,7159.16,1,7159.16,2024/10/09,华东,支付宝,cancelled,42,女
ORD004580,Samsung Galaxy S24,电子产品,电子产品,8440.43,3,25321.29,2024/11/04,华南,支付宝,pending,59,
ORD004581,Dell XPS 15,电子产品,电子产品,664.52,10,6645.2,2024/10/24,华中,支付宝,completed,62,女
ORD004582,百威啤酒,食品,食品食品,8922.7,7,62458.9,2024/11/23,华东,支付宝,refunded,61,女
ORD004583,优衣库羽绒服,服装,服装服装,8142.58,6,48855.48,2024/04/21,华南,微信支付,cancelled,50,
ORD004584,Apple Watch,电子产品,电子产品,9818.04,9,88362.36,2024/11/05,西南,支付宝,completed,38,男
ORD004585,New Balance 574,服装,服装服装,5749.66,2,11499.32,2024/06/06,西南,微信支付,pending,39,女
ORD004586,Python编程从入门到实践,图书,图书图书,6187.8,2,12375.6,2024/08/15,华北,银行卡,completed,65,女
ORD004587,Levi's 501,服装,服装服装,6270.1,1,6270.1,2024/08/05,西南,微信支付,completed,58,女
ORD004588,iPad Air,电子产品,电子产品,1339.06,6,8034.36,2024/12/23,东北,微信支付,completed,57,女
ORD004589,宜家书架,家居,家居家居,5589.82,2,11179.64,2024/05/12,东北,信用卡,pending,22,男
ORD004590,iPad Air,电子产品,电子产品,7515.24,6,45091.44,2024/10/17,华北,银行卡,completed,37,男
ORD004591,Samsung Galaxy S24,电子产品,电子产品,3516.84,6,21101.04,2024/04/17,华南,银行卡,cancelled,55,男
ORD004592,算法导论,图书,图书图书,8068.22,4,32272.88,2024/08/05,西南,微信支付,completed,64,男
ORD004593,优衣库羽绒服,服装,服装服装,9883.54,7,69184.78,2025/02/01,华南,银行卡,completed,58,女
ORD004594,百威啤酒,食品,食品食品,3767.03,9,33903.27,2024/01/20,西南,信用卡,completed,37,
ORD004595,Python编程从入门到实践,图书,图书图书,6443.28,5,32216.4,2024/01/27,西北,信用卡,completed,64,女
ORD004596,New Balance 574,服装,服装服装,2261.26,1,2261.26,2024/01/01,西北,银行卡,pending,40,女
ORD004597,Python编程从入门到实践,图书,图书图书,1036.17,4,4144.68,2024/04/07,华北,支付宝,completed,33,男
ORD004598,百威啤酒,食品,食品食品,7605.49,1,7605.49,2025/01/23,华北,信用卡,completed,19,男
ORD004599,Python编程从入门到实践,图书,图书图书,1772.41,4,7089.64,2024/05/01,西北,支付宝,completed,52,
ORD004600,Zara 西装外套,服装,服装服装,9017.89,5,45089.45,2024/01/16,华东,信用卡,completed,40,
ORD004601,Zara 西装外套,服装,服装服装,483.15,6,2898.9,2024/01/21,华北,信用卡,pending,41,女
ORD004602,三体全集,图书,图书图书,591.03,8,4728.24,2024/01/15,华北,微信支付,completed,33,男
ORD004603,New Balance 574,服装,服装服装,7050.07,2,14100.14,2024/10/07,东北,银行卡,cancelled,65,女
ORD004604,Kindle Paperwhite,电子产品,电子产品,2751.99,10,27519.9,2024/04/15,华北,信用卡,completed,35,男
ORD004605,良品铺子零食包,食品,食品食品,3208.83,9,28879.47,2024/02/22,西南,微信支付,completed,63,男
ORD004606,思考快与慢,图书,图书图书,3523.58,6,21141.48,2024/06/26,华北,信用卡,cancelled,39,女
ORD004607,Python编程从入门到实践,图书,图书图书,3660.77,3,10982.31,2024/03/08,华北,支付宝,completed,51,男
ORD004608,原则,图书,图书图书,2269.22,4,9076.88,2025/05/29,东北,信用卡,completed,48,
ORD004609,iPad Air,电子产品,电子产品,8721.09,10,87210.9,2024/12/11,西南,微信支付,completed,25,
ORD004610,深入理解计算机系统,图书,图书图书,4537.4,9,40836.6,2024/12/29,西南,支付宝,completed,56,男
ORD004611,三体全集,图书,图书图书,6362.98,3,19088.94,2024/08/01,华南,信用卡,refunded,28,
ORD004612,Apple Watch,电子产品,电子产品,7991.3,8,63930.4,2024/05/28,华东,微信支付,cancelled,38,女
ORD004613,深入理解计算机系统,图书,图书图书,8505.05,8,68040.4,2025/05/08,华东,支付宝,cancelled,22,女
ORD004614,美的电饭煲,家居,家居家居,5124.92,4,20499.68,2025/03/06,华东,银行卡,completed,46,
ORD004615,Dell XPS 15,电子产品,电子产品,8176.28,6,49057.68,2024/04/08,华南,信用卡,completed,56,女
ORD004616,Dell XPS 15,电子产品,电子产品,7080.22,10,70802.2,2024/09/10,华中,微信支付,completed,57,女
ORD004617,优衣库羽绒服,服装,服装服装,1969.31,3,5907.93,2024/10/23,东北,支付宝,refunded,42,男
ORD004618,Samsung Galaxy S24,电子产品,电子产品,1193.31,1,1193.31,2024/10/24,西南,微信支付,cancelled,28,男
ORD004619,茅台酒,食品,食品食品,2042.01,5,10210.05,2024/10/08,东北,支付宝,completed,63,男
ORD004620,Samsung Galaxy S24,电子产品,电子产品,7972.31,4,31889.24,2024/01/16,华东,信用卡,completed,60,
ORD004621,AirPods Pro,电子产品,电子产品,6093.87,6,36563.22,2025/03/18,华东,银行卡,completed,25,
ORD004622,MacBook Air,电子产品,电子产品,8765.65,5,43828.25,2025/01/20,东北,信用卡,pending,31,
ORD004623,百威啤酒,食品,食品食品,9031.2,7,63218.4,2025/05/14,华北,支付宝,completed,27,
ORD004624,Apple Watch,电子产品,电子产品,8336.62,5,41683.1,2024/03/13,西北,信用卡,pending,45,
ORD004625,网易严选床垫,家居,家居家居,1649.73,1,1649.73,2024/01/16,华南,银行卡,completed,49,女
ORD004626,Dell XPS 15,电子产品,电子产品,9701.73,5,48508.65,2024/10/03,华东,支付宝,completed,50,
ORD004627,iPhone 15,电子产品,电子产品,573.37,4,2293.48,2024/05/21,华东,支付宝,pending,62,
ORD004628,北面冲锋衣,服装,服装服装,6020.68,2,12041.36,2024/11/14,华东,微信支付,completed,24,女
ORD004629,良品铺子零食包,食品,食品食品,8631.56,3,25894.68,2025/03/23,东北,微信支付,completed,37,
ORD004630,原则,图书,图书图书,4360.33,8,34882.64,2025/03/22,华北,银行卡,completed,43,
ORD004631,Levi's 501,服装,服装服装,1315.92,1,1315.92,2024/08/18,西南,微信支付,pending,55,男
ORD004632,良品铺子零食包,食品,食品食品,578.8,5,2894.0,2024/09/04,华中,支付宝,cancelled,39,
ORD004633,算法导论,图书,图书图书,2786.3,1,2786.3,2025/03/25,西南,支付宝,completed,53,女
ORD004634,深入理解计算机系统,图书,图书图书,5946.27,8,47570.16,2024/09/29,华东,支付宝,completed,57,女
ORD004635,茅台酒,食品,食品食品,327.18,9,2944.62,2024/09/29,华东,支付宝,completed,34,女
ORD004636,小米台灯,家居,家居家居,3410.27,1,3410.27,2024/07/09,华中,支付宝,completed,56,
ORD004637,九阳豆浆机,家居,家居家居,5712.43,6,34274.58,2024/10/13,华北,微信支付,completed,63,男
ORD004638,New Balance 574,服装,服装服装,542.44,4,2169.76,2025/03/12,华南,银行卡,completed,22,男
ORD004639,思考快与慢,图书,图书图书,7921.57,7,55450.99,2025/02/23,华北,微信支付,completed,34,男
ORD004640,算法导论,图书,图书图书,5931.08,4,23724.32,2024/08/29,华东,支付宝,completed,23,
ORD004641,算法导论,图书,图书图书,7786.23,3,23358.69,2024/05/12,西北,银行卡,cancelled,62,男
ORD004642,Apple Watch,电子产品,电子产品,5866.6,1,5866.6,2024/07/21,西南,支付宝,refunded,53,女
ORD004643,Nike Air Max,服装,服装服装,347.84,3,1043.52,2024/12/20,华北,支付宝,completed,40,
ORD004644,美的电饭煲,家居,家居家居,5099.52,6,30597.12,2024/03/16,华南,银行卡,completed,49,
ORD004645,百威啤酒,食品,食品食品,6094.78,4,24379.12,2025/04/20,华南,信用卡,pending,37,男
ORD004646,Zara 西装外套,服装,服装服装,8799.37,10,87993.7,2025/04/08,西北,信用卡,completed,18,
ORD004647,良品铺子零食包,食品,食品食品,1685.85,8,13486.8,2024/08/03,东北,微信支付,completed,50,
ORD004648,Sony WH-1000XM5,电子产品,电子产品,6001.46,7,42010.22,2024/01/29,东北,信用卡,cancelled,59,男
ORD004649,美的电饭煲,家居,家居家居,1746.44,5,8732.2,2024/02/10,华东,支付宝,pending,46,女
ORD004650,Samsung Galaxy S24,电子产品,电子产品,8927.71,4,35710.84,2024/04/26,华南,银行卡,completed,52,男
ORD004651,九阳豆浆机,家居,家居家居,822.58,10,8225.8,2024/10/18,华中,银行卡,completed,64,男
ORD004652,Adidas Ultraboost,服装,服装服装,6510.02,1,6510.02,2024/03/21,华中,信用卡,pending,31,
ORD004653,北面冲锋衣,服装,服装服装,1255.75,3,3767.25,2024/03/22,华东,银行卡,pending,61,男
ORD004654,九阳豆浆机,家居,家居家居,1036.53,3,3109.59,2024/11/14,西北,银行卡,completed,27,
ORD004655,New Balance 574,服装,服装服装,4111.23,9,37001.07,2025/04/12,西南,信用卡,completed,55,男
ORD004656,小米台灯,家居,家居家居,3696.22,9,33265.98,2025/03/10,华东,支付宝,completed,22,男
ORD004657,Sony WH-1000XM5,电子产品,电子产品,5386.41,2,10772.82,2024/05/23,华东,银行卡,cancelled,34,女
ORD004658,Nike Air Max,服装,服装服装,7877.01,9,70893.09,2024/09/13,华中,银行卡,completed,52,
ORD004659,Zara 西装外套,服装,服装服装,8880.81,1,8880.81,2024/08/03,华南,银行卡,completed,64,女
ORD004660,Levi's 501,服装,服装服装,3614.83,5,18074.15,2025/05/09,西南,支付宝,completed,21,男
ORD004661,人类简史,图书,图书图书,3577.95,2,7155.9,2024/02/12,华东,银行卡,completed,36,女
ORD004662,九阳豆浆机,家居,家居家居,3831.52,7,26820.64,2025/04/30,华中,微信支付,pending,30,女
ORD004663,Python编程从入门到实践,图书,图书图书,3945.29,2,7890.58,2024/04/30,华东,支付宝,completed,32,女
ORD004664,德芙巧克力,食品,食品食品,991.46,7,6940.22,2024/06/11,华中,微信支付,refunded,54,女
ORD004665,H&M 连衣裙,服装,服装服装,1915.14,9,17236.26,2024/11/03,西南,微信支付,completed,23,女
ORD004666,Zara 西装外套,服装,服装服装,9270.96,6,55625.76,2025/03/20,华北,支付宝,completed,21,
ORD004667,德芙巧克力,食品,食品食品,871.75,10,8717.5,2024/02/11,华北,支付宝,completed,38,男
ORD004668,戴森吸尘器,家居,家居家居,8045.69,2,16091.38,2025/02/06,华中,支付宝,pending,22,
ORD004669,iPad Air,电子产品,电子产品,4503.19,5,22515.95,2024/12/20,华北,微信支付,completed,30,男
ORD004670,三体全集,图书,图书图书,8712.27,10,87122.7,2025/05/10,西南,银行卡,completed,23,男
ORD004671,戴森吸尘器,家居,家居家居,3696.89,9,33272.01,2024/04/15,华中,信用卡,completed,48,
ORD004672,小熊加湿器,家居,家居家居,7879.96,4,31519.84,2024/11/19,西南,微信支付,completed,62,男
ORD004673,思考快与慢,图书,图书图书,6742.51,8,53940.08,2024/02/16,华南,银行卡,pending,35,女
ORD004674,思考快与慢,图书,图书图书,2270.67,6,13624.02,2024/04/03,华南,信用卡,completed,37,男
ORD004675,宜家书架,家居,家居家居,9350.88,8,74807.04,2024/09/05,西北,银行卡,refunded,37,女
ORD004676,人类简史,图书,图书图书,6934.05,10,69340.5,2025/01/22,华北,信用卡,completed,61,女
ORD004677,AirPods Pro,电子产品,电子产品,3118.75,10,31187.5,2024/02/16,东北,银行卡,completed,23,男
ORD004678,茅台酒,食品,食品食品,8100.96,9,72908.64,2024/01/21,华北,微信支付,pending,57,
ORD004679,小米台灯,家居,家居家居,6115.88,10,61158.8,2025/03/16,华中,支付宝,completed,57,女
ORD004680,AirPods Pro,电子产品,电子产品,7213.6,8,57708.8,2025/01/26,华北,银行卡,cancelled,58,
ORD004681,H&M 连衣裙,服装,服装服装,9034.93,8,72279.44,2024/11/07,华中,信用卡,completed,41,女
ORD004682,星巴克咖啡豆,食品,食品食品,999.28,9,8993.52,2024/03/05,华北,银行卡,completed,35,女
ORD004683,MacBook Air,电子产品,电子产品,6796.03,2,13592.06,2025/03/27,华北,银行卡,pending,18,男
ORD004684,Kindle Paperwhite,电子产品,电子产品,6444.6,5,32223.0,2024/11/12,华东,银行卡,refunded,58,
ORD004685,三体全集,图书,图书图书,805.02,5,4025.1,2025/04/24,西北,支付宝,completed,29,女
ORD004686,小米台灯,家居,家居家居,2559.82,2,5119.64,2025/03/09,华中,信用卡,completed,56,女
ORD004687,深入理解计算机系统,图书,图书图书,9899.92,2,19799.84,2024/08/29,西北,银行卡,pending,61,女
ORD004688,罗技 MX Master 3,电子产品,电子产品,7097.37,4,28389.48,2024/07/30,西北,支付宝,refunded,54,男
ORD004689,New Balance 574,服装,服装服装,6690.07,9,60210.63,2024/02/12,华东,微信支付,completed,29,女
ORD004690,戴森吸尘器,家居,家居家居,1999.98,3,5999.94,2024/09/07,东北,微信支付,completed,33,
ORD004691,宜家书架,家居,家居家居,6046.22,1,6046.22,2025/05/18,华北,支付宝,pending,25,女
ORD004692,良品铺子零食包,食品,食品食品,7473.96,3,22421.88,2025/03/04,华北,微信支付,completed,42,男
ORD004693,小熊加湿器,家居,家居家居,1915.65,5,9578.25,2025/02/25,东北,银行卡,completed,57,女
ORD004694,深入理解计算机系统,图书,图书图书,528.08,4,2112.32,2025/01/06,华中,微信支付,cancelled,49,
ORD004695,三体全集,图书,图书图书,986.27,2,1972.54,2025/04/11,华东,支付宝,completed,28,女
ORD004696,小米台灯,家居,家居家居,8128.06,5,40640.3,2024/05/23,华东,银行卡,pending,18,男
ORD004697,Nike Air Max,服装,服装服装,5735.94,4,22943.76,2024/05/26,华中,微信支付,refunded,48,
ORD004698,原则,图书,图书图书,7330.75,7,51315.25,2024/06/27,华中,银行卡,completed,29,女
ORD004699,AirPods Pro,电子产品,电子产品,6083.73,6,36502.38,2024/02/24,华中,微信支付,pending,51,
ORD004700,星巴克咖啡豆,食品,食品食品,5721.47,8,45771.76,2024/05/30,东北,微信支付,completed,37,女
ORD004701,原则,图书,图书图书,110.32,8,882.56,2024/09/24,华南,微信支付,completed,42,女
ORD004702,小熊加湿器,家居,家居家居,1778.81,10,17788.1,2024/12/13,西南,银行卡,completed,31,男
ORD004703,良品铺子零食包,食品,食品食品,3948.5,2,7897.0,2024/11/07,西北,微信支付,completed,32,
ORD004704,星巴克咖啡豆,食品,食品食品,2466.66,10,24666.6,2025/04/01,华东,微信支付,completed,39,男
ORD004705,罗技 MX Master 3,电子产品,电子产品,5968.03,8,47744.24,2024/09/24,西南,信用卡,completed,36,女
ORD004706,宜家书架,家居,家居家居,5151.49,10,51514.9,2024/07/11,西南,银行卡,completed,40,
ORD004707,Samsung Galaxy S24,电子产品,电子产品,5577.33,5,27886.65,2024/03/21,西北,信用卡,completed,54,
ORD004708,MacBook Air,电子产品,电子产品,6166.49,2,12332.98,2024/03/30,华东,银行卡,completed,45,女
ORD004709,北面冲锋衣,服装,服装服装,3276.71,1,3276.71,2024/01/28,华中,支付宝,pending,46,
ORD004710,Python编程从入门到实践,图书,图书图书,7577.82,5,37889.1,2024/09/18,西北,信用卡,cancelled,47,
ORD004711,优衣库羽绒服,服装,服装服装,8218.34,8,65746.72,2025/01/24,西南,银行卡,completed,40,男
ORD004712,iPad Air,电子产品,电子产品,6853.01,6,41118.06,2024/09/12,华南,银行卡,completed,54,
ORD004713,三体全集,图书,图书图书,4559.71,5,22798.55,2024/01/09,华东,银行卡,completed,63,女
ORD004714,小米台灯,家居,家居家居,453.57,7,3174.99,2025/05/08,东北,微信支付,completed,18,
ORD004715,美的电饭煲,家居,家居家居,3850.1,7,26950.7,2024/11/12,西北,支付宝,pending,33,女
ORD004716,九阳豆浆机,家居,家居家居,1848.29,9,16634.61,2024/12/11,西北,信用卡,completed,60,女
ORD004717,思考快与慢,图书,图书图书,9284.15,7,64989.05,2024/05/11,华南,信用卡,completed,60,男
ORD004718,MacBook Air,电子产品,电子产品,2393.47,9,21541.23,2024/07/05,西北,银行卡,completed,18,
ORD004719,星巴克咖啡豆,食品,食品食品,984.5,4,3938.0,2024/05/12,华中,银行卡,completed,40,女
ORD004720,Levi's 501,服装,服装服装,6562.87,1,6562.87,2024/05/26,西南,银行卡,pending,44,
ORD004721,罗技 MX Master 3,电子产品,电子产品,6544.49,8,52355.92,2025/03/01,华南,微信支付,completed,35,
ORD004722,三体全集,图书,图书图书,9134.77,8,73078.16,2024/05/15,华中,银行卡,pending,62,女
ORD004723,人类简史,图书,图书图书,1551.97,5,7759.85,2024/03/27,华北,银行卡,refunded,60,
ORD004724,宜家书架,家居,家居家居,5798.9,7,40592.3,2024/01/22,西南,支付宝,pending,42,
ORD004725,九阳豆浆机,家居,家居家居,1781.17,10,17811.7,2024/08/30,华南,微信支付,refunded,64,女
ORD004726,戴森吸尘器,家居,家居家居,7642.77,10,76427.7,2024/03/26,东北,信用卡,completed,23,男
ORD004727,H&M 连衣裙,服装,服装服装,4272.28,10,42722.8,2024/08/22,华北,微信支付,pending,43,男
ORD004728,思考快与慢,图书,图书图书,953.52,7,6674.64,2025/03/14,华东,银行卡,pending,52,男
ORD004729,Samsung Galaxy S24,电子产品,电子产品,174.32,1,174.32,2024/08/06,东北,微信支付,pending,57,男
ORD004730,农夫山泉,食品,食品食品,1545.48,8,12363.84,2024/09/19,东北,支付宝,completed,46,
ORD004731,Sony WH-1000XM5,电子产品,电子产品,1150.03,9,10350.27,2025/01/20,华北,银行卡,completed,33,女
ORD004732,AirPods Pro,电子产品,电子产品,5505.26,4,22021.04,2025/02/07,华南,支付宝,cancelled,36,女
ORD004733,原则,图书,图书图书,5237.21,2,10474.42,2024/11/15,东北,支付宝,completed,54,
ORD004734,星巴克咖啡豆,食品,食品食品,1281.27,8,10250.16,2024/03/03,华北,银行卡,pending,36,男
ORD004735,Levi's 501,服装,服装服装,7508.42,6,45050.52,2024/06/16,华南,信用卡,cancelled,30,女
ORD004736,Nike Air Max,服装,服装服装,7057.07,3,21171.21,2025/03/05,华中,银行卡,completed,52,
ORD004737,百威啤酒,食品,食品食品,1818.52,9,16366.68,2025/02/13,东北,信用卡,refunded,35,女
ORD004738,茅台酒,食品,食品食品,4904.45,10,49044.5,2025/02/26,华南,支付宝,completed,18,女
ORD004739,Adidas Ultraboost,服装,服装服装,5367.09,10,53670.9,2024/05/10,华东,支付宝,completed,30,
ORD004740,三体全集,图书,图书图书,8928.95,10,89289.5,2024/11/21,华东,支付宝,completed,33,
ORD004741,星巴克咖啡豆,食品,食品食品,2200.96,4,8803.84,2024/02/24,西北,支付宝,completed,28,男
ORD004742,iPad Air,电子产品,电子产品,8289.73,10,82897.3,2024/08/05,华北,银行卡,pending,36,
ORD004743,思考快与慢,图书,图书图书,2390.79,10,23907.9,2024/11/15,西南,银行卡,completed,35,女
ORD004744,良品铺子零食包,食品,食品食品,38.72,10,387.2,2024/07/10,华中,银行卡,cancelled,45,女
ORD004745,茅台酒,食品,食品食品,7879.4,6,47276.4,2024/09/03,华中,支付宝,refunded,46,女
ORD004746,Samsung Galaxy S24,电子产品,电子产品,5280.17,3,15840.51,2024/07/29,华北,支付宝,completed,44,男
ORD004747,小熊加湿器,家居,家居家居,4854.03,7,33978.21,2024/06/21,华北,信用卡,completed,30,男
ORD004748,算法导论,图书,图书图书,8256.81,9,74311.29,2024/10/07,西北,信用卡,completed,25,
ORD004749,美的电饭煲,家居,家居家居,6154.64,7,43082.48,2024/02/05,西北,银行卡,completed,56,男
ORD004750,H&M 连衣裙,服装,服装服装,9566.04,8,76528.32,2025/03/23,华南,银行卡,completed,60,男
ORD004751,iPhone 15,电子产品,电子产品,9020.1,1,9020.1,2024/08/31,华东,银行卡,cancelled,47,男
ORD004752,Python编程从入门到实践,图书,图书图书,4241.21,5,21206.05,2025/01/03,东北,支付宝,completed,51,男
ORD004753,人类简史,图书,图书图书,8948.95,9,80540.55,2025/03/24,华中,信用卡,completed,22,女
ORD004754,Apple Watch,电子产品,电子产品,1832.47,4,7329.88,2024/08/14,西南,银行卡,completed,52,男
ORD004755,Python编程从入门到实践,图书,图书图书,594.96,8,4759.68,2024/04/05,华东,银行卡,completed,33,男
ORD004756,深入理解计算机系统,图书,图书图书,3275.08,10,32750.8,2025/05/29,西南,银行卡,completed,19,女
ORD004757,三只松鼠坚果礼盒,食品,食品食品,5296.66,10,52966.6,2024/09/11,华中,银行卡,cancelled,33,女
ORD004758,AirPods Pro,电子产品,电子产品,1671.56,2,3343.12,2024/04/16,西北,微信支付,completed,38,女
ORD004759,Sony WH-1000XM5,电子产品,电子产品,4014.17,1,4014.17,2024/04/19,西北,银行卡,cancelled,41,
ORD004760,H&M 连衣裙,服装,服装服装,8379.08,3,25137.24,2024/12/03,东北,支付宝,completed,40,
ORD004761,小米台灯,家居,家居家居,705.41,8,5643.28,2024/04/24,华南,支付宝,pending,25,
ORD004762,原则,图书,图书图书,2653.71,1,2653.71,2024/11/21,东北,微信支付,completed,38,男
ORD004763,Kindle Paperwhite,电子产品,电子产品,6411.33,3,19233.99,2025/01/02,华东,支付宝,cancelled,65,
ORD004764,Dell XPS 15,电子产品,电子产品,6016.81,4,24067.24,2024/09/20,东北,支付宝,refunded,28,女
ORD004765,MacBook Air,电子产品,电子产品,4377.31,10,43773.1,2024/09/10,西北,支付宝,completed,50,
ORD004766,美的电饭煲,家居,家居家居,6043.31,5,30216.55,2024/10/15,西南,支付宝,refunded,56,
ORD004767,茅台酒,食品,食品食品,2770.62,6,16623.72,2025/04/22,华中,银行卡,completed,35,女
ORD004768,星巴克咖啡豆,食品,食品食品,4048.46,6,24290.76,2024/06/11,华中,信用卡,completed,64,男
ORD004769,深入理解计算机系统,图书,图书图书,2781.75,3,8345.25,2024/01/06,西北,微信支付,completed,43,
ORD004770,蒙牛纯牛奶,食品,食品食品,233.94,8,1871.52,2024/02/27,华南,银行卡,completed,28,男
ORD004771,三只松鼠坚果礼盒,食品,食品食品,8426.57,6,50559.42,2024/10/10,华北,银行卡,cancelled,29,女
ORD004772,网易严选床垫,家居,家居家居,4246.19,2,8492.38,2024/01/13,西南,支付宝,completed,45,
ORD004773,百威啤酒,食品,食品食品,9074.87,1,9074.87,2025/03/06,西南,微信支付,completed,34,
ORD004774,Zara 西装外套,服装,服装服装,9155.09,6,54930.54,2024/04/21,东北,支付宝,completed,54,女
ORD004775,Apple Watch,电子产品,电子产品,9271.91,10,92719.1,2024/07/02,西北,银行卡,completed,64,女
ORD004776,美的电饭煲,家居,家居家居,8671.48,8,69371.84,2025/05/08,西南,支付宝,refunded,30,男
ORD004777,网易严选床垫,家居,家居家居,5054.05,7,35378.35,2024/06/03,华中,信用卡,cancelled,32,女
ORD004778,小熊加湿器,家居,家居家居,6730.63,9,60575.67,2024/07/18,华东,银行卡,completed,31,
ORD004779,Python编程从入门到实践,图书,图书图书,7179.55,1,7179.55,2024/10/15,东北,信用卡,completed,40,
ORD004780,农夫山泉,食品,食品食品,4968.63,1,4968.63,2024/09/11,华南,支付宝,pending,25,
ORD004781,Samsung Galaxy S24,电子产品,电子产品,6069.35,1,6069.35,2025/02/25,华北,支付宝,completed,27,女
ORD004782,原则,图书,图书图书,4885.6,7,34199.2,2024/11/05,西南,银行卡,completed,42,女
ORD004783,深入理解计算机系统,图书,图书图书,4714.41,7,33000.87,2025/01/07,华中,信用卡,completed,48,
ORD004784,Adidas Ultraboost,服装,服装服装,8488.15,9,76393.35,2025/01/24,华南,银行卡,completed,52,男
ORD004785,三体全集,图书,图书图书,9529.25,6,57175.5,2024/04/12,东北,信用卡,refunded,32,女
ORD004786,宜家书架,家居,家居家居,4614.57,9,41531.13,2024/07/12,东北,银行卡,pending,48,
ORD004787,茅台酒,食品,食品食品,9386.38,4,37545.52,2025/01/13,华东,支付宝,completed,54,女
ORD004788,网易严选床垫,家居,家居家居,9567.69,7,66973.83,2024/04/03,华南,微信支付,pending,61,
ORD004789,算法导论,图书,图书图书,6258.22,2,12516.44,2025/05/14,东北,银行卡,pending,30,男
ORD004790,Nike Air Max,服装,服装服装,3573.29,10,35732.9,2024/05/19,华北,微信支付,cancelled,23,
ORD004791,北面冲锋衣,服装,服装服装,2188.0,6,13128.0,2025/05/22,西南,微信支付,pending,32,
ORD004792,Samsung Galaxy S24,电子产品,电子产品,9894.04,8,79152.32,2024/07/08,西北,支付宝,completed,60,男
ORD004793,New Balance 574,服装,服装服装,5385.12,4,21540.48,2025/04/14,华南,银行卡,cancelled,33,男
ORD004794,九阳豆浆机,家居,家居家居,5123.52,2,10247.04,2024/05/21,西北,银行卡,completed,29,女
ORD004795,Zara 西装外套,服装,服装服装,4249.82,10,42498.2,2024/11/09,华北,支付宝,completed,29,
ORD004796,百威啤酒,食品,食品食品,3518.49,7,24629.43,2024/03/28,西北,微信支付,completed,58,女
ORD004797,Python编程从入门到实践,图书,图书图书,3178.15,7,22247.05,2024/12/02,华东,信用卡,pending,33,
ORD004798,Zara 西装外套,服装,服装服装,3293.03,4,13172.12,2024/01/21,华南,银行卡,refunded,18,男
ORD004799,Apple Watch,电子产品,电子产品,6524.94,9,58724.46,2024/12/02,华南,银行卡,completed,42,
ORD004800,Apple Watch,电子产品,电子产品,1306.36,9,11757.24,2025/05/04,华北,信用卡,completed,25,女
ORD004801,Samsung Galaxy S24,电子产品,电子产品,6457.36,2,12914.72,2024/03/12,华中,银行卡,completed,31,女
ORD004802,原则,图书,图书图书,6725.32,4,26901.28,2024/11/28,华北,银行卡,completed,58,
ORD004803,Levi's 501,服装,服装服装,6888.73,9,61998.57,2025/04/15,东北,信用卡,completed,25,女
ORD004804,德芙巧克力,食品,食品食品,1682.42,1,1682.42,2024/03/31,华中,微信支付,completed,65,男
ORD004805,Adidas Ultraboost,服装,服装服装,7899.97,10,78999.7,2024/07/24,华中,银行卡,completed,42,女
ORD004806,百威啤酒,食品,食品食品,6270.35,5,31351.75,2024/11/25,华北,支付宝,completed,56,男
ORD004807,戴森吸尘器,家居,家居家居,3452.27,2,6904.54,2024/07/06,华中,银行卡,completed,34,男
ORD004808,宜家书架,家居,家居家居,2337.1,6,14022.6,2025/04/26,华东,信用卡,pending,46,女
ORD004809,优衣库羽绒服,服装,服装服装,5004.86,1,5004.86,2024/02/15,西北,支付宝,completed,27,女
ORD004810,小米台灯,家居,家居家居,6474.66,10,64746.6,2025/05/05,东北,银行卡,completed,35,女
ORD004811,戴森吸尘器,家居,家居家居,6301.18,8,50409.44,2025/01/26,华东,微信支付,pending,62,女
ORD004812,北面冲锋衣,服装,服装服装,2561.42,8,20491.36,2024/04/05,西南,银行卡,cancelled,58,
ORD004813,Apple Watch,电子产品,电子产品,2793.49,10,27934.9,2025/02/05,东北,信用卡,completed,41,
ORD004814,宜家书架,家居,家居家居,482.67,1,482.67,2024/04/22,西南,银行卡,cancelled,51,女
ORD004815,New Balance 574,服装,服装服装,7389.58,2,14779.16,2024/01/06,华东,支付宝,completed,57,
ORD004816,德芙巧克力,食品,食品食品,8783.32,7,61483.24,2024/03/22,华东,信用卡,cancelled,24,
ORD004817,良品铺子零食包,食品,食品食品,9005.28,10,90052.8,2024/05/29,东北,微信支付,pending,65,女
ORD004818,Sony WH-1000XM5,电子产品,电子产品,6193.64,2,12387.28,2024/04/07,华中,银行卡,cancelled,29,男
ORD004819,九阳豆浆机,家居,家居家居,8997.67,10,89976.7,2024/02/15,东北,支付宝,pending,54,女
ORD004820,Adidas Ultraboost,服装,服装服装,953.35,9,8580.15,2025/01/28,华东,微信支付,pending,28,男
ORD004821,Levi's 501,服装,服装服装,9898.34,10,98983.4,2024/03/20,华南,支付宝,completed,38,
ORD004822,Nike Air Max,服装,服装服装,8814.29,4,35257.16,2024/03/03,西北,信用卡,refunded,32,男
ORD004823,宜家书架,家居,家居家居,4644.97,5,23224.85,2024/11/25,西北,信用卡,pending,18,男
ORD004824,AirPods Pro,电子产品,电子产品,6293.13,6,37758.78,2024/06/20,华东,信用卡,completed,32,男
ORD004825,网易严选床垫,家居,家居家居,5868.78,3,17606.34,2024/10/04,华南,银行卡,completed,29,女
ORD004826,蒙牛纯牛奶,食品,食品食品,669.69,4,2678.76,2025/03/26,东北,信用卡,pending,64,男
ORD004827,农夫山泉,食品,食品食品,5731.01,10,57310.1,2024/10/17,华中,支付宝,pending,33,女
ORD004828,罗技 MX Master 3,电子产品,电子产品,282.83,6,1696.98,2024/11/06,华中,信用卡,completed,29,女
ORD004829,三只松鼠坚果礼盒,食品,食品食品,4491.08,7,31437.56,2025/01/26,华北,支付宝,completed,40,男
ORD004830,优衣库羽绒服,服装,服装服装,4212.54,3,12637.62,2024/06/15,华北,信用卡,completed,57,男
ORD004831,茅台酒,食品,食品食品,6310.37,6,37862.22,2024/01/24,东北,支付宝,refunded,39,男
ORD004832,原则,图书,图书图书,5318.16,1,5318.16,2025/04/30,华中,支付宝,cancelled,36,男
ORD004833,小熊加湿器,家居,家居家居,1068.76,10,10687.6,2025/05/09,西南,信用卡,completed,53,女
ORD004834,iPhone 15,电子产品,电子产品,5132.5,4,20530.0,2024/12/11,东北,支付宝,pending,42,男
ORD004835,良品铺子零食包,食品,食品食品,7346.85,6,44081.1,2024/09/29,华中,银行卡,completed,18,
ORD004836,百威啤酒,食品,食品食品,5127.27,2,10254.54,2024/08/27,东北,微信支付,pending,64,女
ORD004837,戴森吸尘器,家居,家居家居,1739.63,1,1739.63,2024/06/25,华北,信用卡,pending,47,男
ORD004838,原则,图书,图书图书,7262.77,2,14525.54,2025/02/06,华中,信用卡,cancelled,41,男
ORD004839,小熊加湿器,家居,家居家居,892.29,10,8922.9,2025/03/24,东北,支付宝,completed,37,女
ORD004840,蒙牛纯牛奶,食品,食品食品,4830.44,3,14491.32,2024/08/19,西南,支付宝,pending,62,男
ORD004841,九阳豆浆机,家居,家居家居,2206.54,2,4413.08,2024/01/18,华东,微信支付,pending,46,
ORD004842,Nike Air Max,服装,服装服装,3241.75,5,16208.75,2024/03/19,西北,微信支付,completed,36,女
ORD004843,小熊加湿器,家居,家居家居,8981.59,4,35926.36,2024/02/28,西北,微信支付,pending,52,女
ORD004844,小熊加湿器,家居,家居家居,4598.09,2,9196.18,2025/04/03,东北,银行卡,completed,48,女
ORD004845,New Balance 574,服装,服装服装,7189.58,4,28758.32,2024/07/22,华南,支付宝,cancelled,60,
ORD004846,美的电饭煲,家居,家居家居,2758.43,1,2758.43,2024/04/05,华南,银行卡,completed,62,男
ORD004847,思考快与慢,图书,图书图书,1549.14,1,1549.14,2024/04/11,西南,支付宝,completed,57,
ORD004848,Dell XPS 15,电子产品,电子产品,9252.98,3,27758.94,2024/01/15,西南,支付宝,pending,35,女
ORD004849,MacBook Air,电子产品,电子产品,3690.13,8,29521.04,2025/04/21,西南,银行卡,pending,23,
ORD004850,农夫山泉,食品,食品食品,4293.84,8,34350.72,2025/01/10,西南,信用卡,refunded,38,男
ORD004851,良品铺子零食包,食品,食品食品,5967.3,9,53705.7,2024/05/28,东北,信用卡,completed,52,男
ORD004852,H&M 连衣裙,服装,服装服装,6627.76,6,39766.56,2025/01/10,华东,支付宝,completed,45,男
ORD004853,Nike Air Max,服装,服装服装,771.74,8,6173.92,2024/07/07,东北,信用卡,cancelled,33,男
ORD004854,Zara 西装外套,服装,服装服装,8818.26,7,61727.82,2024/12/07,西南,银行卡,completed,53,男
ORD004855,Zara 西装外套,服装,服装服装,5105.33,7,35737.31,2024/08/20,华东,微信支付,completed,49,女
ORD004856,人类简史,图书,图书图书,3427.16,1,3427.16,2024/05/01,华北,微信支付,completed,62,女
ORD004857,原则,图书,图书图书,3677.5,7,25742.5,2025/05/29,华南,信用卡,completed,64,女
ORD004858,Zara 西装外套,服装,服装服装,1049.14,7,7343.98,2024/01/31,东北,信用卡,completed,56,男
ORD004859,Samsung Galaxy S24,电子产品,电子产品,1398.59,7,9790.13,2024/03/21,华南,银行卡,pending,20,女
ORD004860,九阳豆浆机,家居,家居家居,3345.7,4,13382.8,2025/04/07,西南,微信支付,completed,27,男
ORD004861,深入理解计算机系统,图书,图书图书,9370.22,9,84331.98,2024/01/08,华东,银行卡,completed,51,女
ORD004862,茅台酒,食品,食品食品,647.99,1,647.99,2024/06/02,华东,微信支付,pending,45,女
ORD004863,小米台灯,家居,家居家居,1114.85,9,10033.65,2024/05/28,东北,信用卡,refunded,54,男
ORD004864,原则,图书,图书图书,2813.71,10,28137.1,2025/03/27,华东,银行卡,completed,55,女
ORD004865,星巴克咖啡豆,食品,食品食品,3361.63,3,10084.89,2024/03/15,华北,信用卡,pending,36,
ORD004866,三体全集,图书,图书图书,7844.21,2,15688.42,2024/01/27,华北,微信支付,refunded,44,男
ORD004867,Kindle Paperwhite,电子产品,电子产品,1059.55,8,8476.4,2024/11/11,华北,银行卡,cancelled,38,
ORD004868,Nike Air Max,服装,服装服装,3658.64,8,29269.12,2024/02/26,华南,银行卡,completed,55,女
ORD004869,良品铺子零食包,食品,食品食品,6736.48,8,53891.84,2025/03/04,华北,支付宝,completed,61,
ORD004870,蒙牛纯牛奶,食品,食品食品,7013.77,7,49096.39,2024/07/24,东北,银行卡,completed,49,女
ORD004871,三只松鼠坚果礼盒,食品,食品食品,5731.62,4,22926.48,2024/05/13,华东,银行卡,refunded,39,男
ORD004872,Kindle Paperwhite,电子产品,电子产品,6656.47,9,59908.23,2024/09/16,西南,支付宝,completed,51,女
ORD004873,农夫山泉,食品,食品食品,2684.47,6,16106.82,2024/09/21,华东,支付宝,cancelled,51,男
ORD004874,深入理解计算机系统,图书,图书图书,1516.92,7,10618.44,2024/04/04,华南,银行卡,completed,32,
ORD004875,算法导论,图书,图书图书,1185.87,5,5929.35,2024/02/21,东北,信用卡,pending,51,
ORD004876,New Balance 574,服装,服装服装,2559.94,9,23039.46,2025/03/08,华中,银行卡,completed,53,男
ORD004877,星巴克咖啡豆,食品,食品食品,4432.18,1,4432.18,2025/03/02,东北,支付宝,pending,31,男
ORD004878,思考快与慢,图书,图书图书,9165.69,4,36662.76,2025/05/16,华中,微信支付,refunded,44,
ORD004879,小米台灯,家居,家居家居,1375.36,9,12378.24,2024/09/14,华南,微信支付,completed,28,男
ORD004880,Samsung Galaxy S24,电子产品,电子产品,4225.71,8,33805.68,2024/02/21,华南,银行卡,refunded,47,
ORD004881,算法导论,图书,图书图书,2928.89,5,14644.45,2025/03/05,东北,银行卡,cancelled,24,
ORD004882,德芙巧克力,食品,食品食品,1126.78,4,4507.12,2025/05/16,西南,信用卡,completed,37,男
ORD004883,Adidas Ultraboost,服装,服装服装,5833.68,10,58336.8,2025/01/13,西北,微信支付,completed,38,
ORD004884,Samsung Galaxy S24,电子产品,电子产品,9380.61,5,46903.05,2024/02/14,东北,信用卡,completed,20,女
ORD004885,美的电饭煲,家居,家居家居,2365.79,1,2365.79,2024/03/01,西北,支付宝,cancelled,44,女
ORD004886,Kindle Paperwhite,电子产品,电子产品,9084.08,5,45420.4,2025/01/19,东北,支付宝,completed,53,
ORD004887,Apple Watch,电子产品,电子产品,5932.08,3,17796.24,2024/09/29,华东,支付宝,completed,47,男
ORD004888,良品铺子零食包,食品,食品食品,9355.9,6,56135.4,2024/06/18,西南,银行卡,refunded,55,女
ORD004889,New Balance 574,服装,服装服装,4058.45,9,36526.05,2024/07/03,华北,支付宝,refunded,25,女
ORD004890,百威啤酒,食品,食品食品,9448.37,1,9448.37,2024/09/28,西北,微信支付,completed,42,男
ORD004891,Zara 西装外套,服装,服装服装,7455.36,5,37276.8,2025/05/25,西南,信用卡,pending,55,女
ORD004892,iPhone 15,电子产品,电子产品,4556.85,9,41011.65,2024/10/21,华东,支付宝,pending,26,男
ORD004893,Nike Air Max,服装,服装服装,2229.2,9,20062.8,2025/02/02,华中,支付宝,pending,56,女
ORD004894,Levi's 501,服装,服装服装,6519.82,9,58678.38,2024/09/07,华东,银行卡,pending,61,男
ORD004895,优衣库羽绒服,服装,服装服装,5636.48,5,28182.4,2024/07/08,华南,支付宝,completed,21,女
ORD004896,三体全集,图书,图书图书,7725.51,10,77255.1,2024/08/01,华北,银行卡,cancelled,25,
ORD004897,宜家书架,家居,家居家居,7267.95,2,14535.9,2024/03/01,华北,微信支付,completed,27,
ORD004898,Python编程从入门到实践,图书,图书图书,526.08,8,4208.64,2024/07/23,华南,银行卡,pending,50,
ORD004899,网易严选床垫,家居,家居家居,5046.25,10,50462.5,2024/12/18,华南,微信支付,completed,48,男
ORD004900,德芙巧克力,食品,食品食品,-4555.06,5,-22775.3,2024/08/12,华北,微信支付,cancelled,51,女
ORD004901,AirPods Pro,电子产品,电子产品,7783.49,2,15566.98,2025/02/21,华北,微信支付,pending,35,女
ORD004902,人类简史,图书,图书图书,3565.61,10,35656.1,2024/09/29,华东,银行卡,pending,24,女
ORD004903,农夫山泉,食品,食品食品,3227.11,8,25816.88,2025/05/25,西南,银行卡,pending,19,女
ORD004904,三体全集,图书,图书图书,9587.25,4,38349.0,2024/11/15,西南,支付宝,pending,34,男
ORD004905,星巴克咖啡豆,食品,食品食品,594.25,6,3565.5,2024/04/02,西北,银行卡,pending,34,
ORD004906,九阳豆浆机,家居,家居家居,5447.3,4,21789.2,2025/03/07,华南,信用卡,refunded,21,女
ORD004907,百威啤酒,食品,食品食品,6661.25,7,46628.75,2024/08/03,华南,银行卡,completed,57,女
ORD004908,宜家书架,家居,家居家居,2197.26,8,17578.08,2024/05/03,西北,支付宝,completed,58,女
ORD004909,网易严选床垫,家居,家居家居,9773.28,2,19546.56,2025/03/29,西南,微信支付,pending,42,男
ORD004910,人类简史,图书,图书图书,2083.7,8,16669.6,2024/05/11,华南,银行卡,completed,29,
ORD004911,New Balance 574,服装,服装服装,5330.57,3,15991.71,2024/10/15,东北,支付宝,refunded,65,
ORD004912,Nike Air Max,服装,服装服装,1113.61,4,4454.44,2024/08/18,华中,微信支付,pending,39,女
ORD004913,Levi's 501,服装,服装服装,4414.01,9,39726.09,2024/11/10,华北,银行卡,completed,44,男
ORD004914,思考快与慢,图书,图书图书,8178.83,1,8178.83,2025/01/07,华南,支付宝,completed,50,
ORD004915,AirPods Pro,电子产品,电子产品,3197.57,1,3197.57,2024/08/25,华中,微信支付,pending,28,男
ORD004916,Levi's 501,服装,服装服装,3745.01,4,14980.04,2025/04/08,西南,信用卡,completed,23,
ORD004917,三只松鼠坚果礼盒,食品,食品食品,4165.72,5,20828.6,2025/01/31,华东,银行卡,pending,20,男
ORD004918,思考快与慢,图书,图书图书,1366.9,2,2733.8,2024/02/05,华北,支付宝,completed,31,
ORD004919,深入理解计算机系统,图书,图书图书,4507.85,6,27047.1,2024/10/02,华东,银行卡,pending,47,女
ORD004920,原则,图书,图书图书,6848.61,10,68486.1,2024/10/29,华东,支付宝,pending,59,
ORD004921,戴森吸尘器,家居,家居家居,3577.89,5,17889.45,2024/02/27,华中,信用卡,cancelled,63,
ORD004922,Zara 西装外套,服装,服装服装,1943.81,3,5831.43,2024/06/26,西北,支付宝,completed,26,
ORD004923,罗技 MX Master 3,电子产品,电子产品,3969.44,9,35724.96,2024/05/29,华南,支付宝,completed,44,男
ORD004924,原则,图书,图书图书,5525.21,7,38676.47,2024/10/02,华东,微信支付,cancelled,32,男
ORD004925,蒙牛纯牛奶,食品,食品食品,5572.29,1,5572.29,2025/02/19,华南,微信支付,cancelled,35,男
ORD004926,优衣库羽绒服,服装,服装服装,1786.23,6,10717.38,2024/06/25,华东,信用卡,cancelled,31,男
ORD004927,优衣库羽绒服,服装,服装服装,9114.08,2,18228.16,2025/04/18,东北,信用卡,completed,31,
ORD004928,农夫山泉,食品,食品食品,8617.92,8,68943.36,2024/11/06,东北,支付宝,pending,65,女
ORD004929,深入理解计算机系统,图书,图书图书,2521.02,1,2521.02,2024/05/01,华东,银行卡,cancelled,43,
ORD004930,罗技 MX Master 3,电子产品,电子产品,5534.33,8,44274.64,2024/04/03,华东,信用卡,refunded,31,
ORD004931,小熊加湿器,家居,家居家居,880.48,2,1760.96,2025/05/22,华中,信用卡,cancelled,44,女
ORD004932,三体全集,图书,图书图书,3162.85,5,15814.25,2024/03/23,华中,微信支付,refunded,55,
ORD004933,Python编程从入门到实践,图书,图书图书,8223.21,9,74008.89,2025/05/02,东北,银行卡,completed,25,女
ORD004934,Apple Watch,电子产品,电子产品,8672.31,6,52033.86,2024/04/11,西北,信用卡,completed,37,
ORD004935,百威啤酒,食品,食品食品,6752.95,6,40517.7,2024/04/25,西南,银行卡,completed,47,
ORD004936,Apple Watch,电子产品,电子产品,7586.31,8,60690.48,2024/12/12,华北,微信支付,cancelled,45,
ORD004937,Apple Watch,电子产品,电子产品,994.94,5,4974.7,2024/07/14,东北,微信支付,completed,56,女
ORD004938,戴森吸尘器,家居,家居家居,1118.91,6,6713.46,2025/04/19,东北,支付宝,pending,29,男
ORD004939,星巴克咖啡豆,食品,食品食品,1042.92,7,7300.44,2024/04/06,东北,信用卡,pending,18,男
ORD004940,算法导论,图书,图书图书,1252.81,8,10022.48,2024/07/06,西南,微信支付,completed,20,男
ORD004941,宜家书架,家居,家居家居,6662.39,2,13324.78,2025/03/26,西北,信用卡,completed,31,
ORD004942,Samsung Galaxy S24,电子产品,电子产品,9538.33,7,66768.31,2025/01/13,华中,微信支付,completed,53,
ORD004943,Apple Watch,电子产品,电子产品,6801.53,1,6801.53,2024/02/19,西北,支付宝,completed,21,女
ORD004944,德芙巧克力,食品,食品食品,9160.69,6,54964.14,2024/04/16,华北,支付宝,pending,21,
ORD004945,茅台酒,食品,食品食品,9141.44,10,91414.4,2024/09/29,华北,银行卡,cancelled,28,男
ORD004946,Adidas Ultraboost,服装,服装服装,8193.95,8,65551.6,2024/06/12,华东,银行卡,completed,35,男
ORD004947,北面冲锋衣,服装,服装服装,408.5,6,2451.0,2025/01/29,华东,支付宝,pending,60,女
ORD004948,人类简史,图书,图书图书,2482.79,2,4965.58,2024/08/24,华北,支付宝,completed,64,女
ORD004949,Adidas Ultraboost,服装,服装服装,2598.11,3,7794.33,2025/02/13,华东,微信支付,completed,42,女
ORD004950,思考快与慢,图书,图书图书,9129.16,8,73033.28,2024/09/23,华中,信用卡,completed,44,女
ORD004951,Kindle Paperwhite,电子产品,电子产品,4753.73,7,33276.11,2024/01/26,华南,信用卡,pending,51,男
ORD004952,Levi's 501,服装,服装服装,926.84,10,9268.4,2024/01/07,西北,微信支付,completed,34,女
ORD004953,Nike Air Max,服装,服装服装,9808.8,7,68661.6,2024/08/10,华北,微信支付,completed,50,男
ORD004954,iPad Air,电子产品,电子产品,9775.38,1,9775.38,2024/02/13,西北,信用卡,completed,35,男
ORD004955,算法导论,图书,图书图书,258.5,6,1551.0,2024/12/22,华中,信用卡,completed,47,男
ORD004956,农夫山泉,食品,食品食品,3971.16,2,7942.32,2024/02/28,西北,信用卡,cancelled,48,男
ORD004957,人类简史,图书,图书图书,2168.41,10,21684.1,2024/12/28,西南,银行卡,pending,65,女
ORD004958,Sony WH-1000XM5,电子产品,电子产品,7063.62,1,7063.62,2025/03/04,西北,支付宝,completed,50,
ORD004959,思考快与慢,图书,图书图书,4678.84,2,9357.68,2024/09/24,西南,银行卡,completed,56,女
ORD004960,宜家书架,家居,家居家居,2918.55,3,8755.65,2024/01/04,华东,信用卡,cancelled,27,男
ORD004961,农夫山泉,食品,食品食品,8700.7,7,60904.9,2024/03/08,华南,微信支付,completed,30,女
ORD004962,网易严选床垫,家居,家居家居,5765.94,8,46127.52,2025/05/06,华南,微信支付,refunded,61,男
ORD004963,思考快与慢,图书,图书图书,920.59,2,1841.18,2024/03/07,东北,微信支付,completed,64,女
ORD004964,Apple Watch,电子产品,电子产品,6739.85,5,33699.25,2024/07/28,华中,支付宝,completed,28,
ORD004965,MacBook Air,电子产品,电子产品,1644.65,9,14801.85,2024/10/08,西南,微信支付,refunded,64,男
ORD004966,Nike Air Max,服装,服装服装,6703.64,3,20110.92,2024/04/07,华东,支付宝,completed,22,
ORD004967,农夫山泉,食品,食品食品,2267.42,4,9069.68,2025/04/13,西北,银行卡,cancelled,19,女
ORD004968,小米台灯,家居,家居家居,9180.23,5,45901.15,2024/02/09,华中,银行卡,completed,47,
ORD004969,算法导论,图书,图书图书,6951.6,6,41709.6,2024/01/12,东北,信用卡,completed,57,男
ORD004970,网易严选床垫,家居,家居家居,7090.76,4,28363.04,2024/12/27,西南,支付宝,completed,60,男
ORD004971,农夫山泉,食品,食品食品,5469.17,7,38284.19,2024/11/06,华东,银行卡,completed,21,男
ORD004972,罗技 MX Master 3,电子产品,电子产品,9055.32,9,81497.88,2025/03/10,西北,信用卡,completed,44,
ORD004973,iPad Air,电子产品,电子产品,3990.03,4,15960.12,2024/10/28,东北,银行卡,completed,51,女
ORD004974,宜家书架,家居,家居家居,8356.48,8,66851.84,2024/07/13,东北,信用卡,completed,24,男
ORD004975,蒙牛纯牛奶,食品,食品食品,357.16,8,2857.28,2024/11/01,东北,银行卡,pending,62,
ORD004976,蒙牛纯牛奶,食品,食品食品,1602.42,7,11216.94,2024/06/28,华东,微信支付,completed,57,
ORD004977,Python编程从入门到实践,图书,图书图书,7185.19,6,43111.14,2024/05/08,华南,银行卡,completed,36,男
ORD004978,Adidas Ultraboost,服装,服装服装,2918.94,5,14594.7,2025/01/21,西北,银行卡,pending,24,女
ORD004979,三体全集,图书,图书图书,1414.95,9,12734.55,2025/05/24,东北,微信支付,completed,53,
ORD004980,Sony WH-1000XM5,电子产品,电子产品,6348.23,4,25392.92,2024/07/10,华中,支付宝,completed,60,男
ORD004981,Levi's 501,服装,服装服装,1654.37,6,9926.22,2024/04/21,华东,支付宝,completed,57,男
ORD004982,九阳豆浆机,家居,家居家居,7914.64,1,7914.64,2025/02/21,华东,银行卡,completed,54,女
ORD004983,Apple Watch,电子产品,电子产品,6951.78,9,62566.02,2024/12/19,西北,微信支付,completed,49,男
ORD004984,Zara 西装外套,服装,服装服装,9838.56,10,98385.6,2025/04/02,华中,支付宝,pending,36,男
ORD004985,美的电饭煲,家居,家居家居,5961.04,5,29805.2,2024/07/07,华北,支付宝,completed,27,
ORD004986,蒙牛纯牛奶,食品,食品食品,7742.87,3,23228.61,2024/01/13,华东,微信支付,completed,44,
ORD004987,戴森吸尘器,家居,家居家居,6396.51,6,38379.06,2025/03/24,西南,信用卡,completed,51,
ORD004988,小熊加湿器,家居,家居家居,8156.87,8,65254.96,2024/09/17,华南,微信支付,completed,54,
ORD004989,美的电饭煲,家居,家居家居,3648.33,9,32834.97,2024/11/20,华南,银行卡,completed,23,
ORD004990,Levi's 501,服装,服装服装,646.92,7,4528.44,2024/07/30,西南,信用卡,pending,36,女
ORD004991,Adidas Ultraboost,服装,服装服装,6961.32,9,62651.88,2025/03/02,华北,微信支付,pending,24,
ORD004992,星巴克咖啡豆,食品,食品食品,7000.91,3,21002.73,2024/01/09,西北,微信支付,pending,58,女
ORD004993,三只松鼠坚果礼盒,食品,食品食品,4749.34,10,47493.4,2024/10/05,东北,支付宝,completed,28,
ORD004994,Samsung Galaxy S24,电子产品,电子产品,8922.99,6,53537.94,2025/02/07,西北,信用卡,pending,19,
ORD004995,小米台灯,家居,家居家居,1324.06,10,13240.6,2024/02/04,华东,银行卡,completed,32,男
ORD004996,Python编程从入门到实践,图书,图书图书,6474.9,8,51799.2,2025/02/26,华东,信用卡,pending,26,
ORD004997,星巴克咖啡豆,食品,食品食品,9217.82,6,55306.92,2024/10/14,西北,支付宝,completed,50,
ORD004998,原则,图书,图书图书,3197.39,4,12789.56,2024/03/03,华东,银行卡,pending,49,男
ORD004999,Zara 西装外套,服装,服装服装,9557.76,4,38231.04,2024/07/28,华北,银行卡,completed,22,
ORD005000,深入理解计算机系统,图书,图书图书,6093.34,8,48746.72,2024/11/14,华中,支付宝,cancelled,54,女
ORD005001,算法导论,图书,图书图书,4774.54,6,28647.24,2025/04/28,华东,银行卡,completed,41,女
ORD005002,MacBook Air,电子产品,电子产品,2389.99,7,16729.93,2025/03/22,西南,信用卡,completed,35,
ORD005003,Apple Watch,电子产品,电子产品,823.9,9,7415.1,2024/06/25,华东,支付宝,pending,56,男
ORD005004,iPad Air,电子产品,电子产品,8344.98,10,83449.8,2025/04/04,西北,银行卡,completed,30,男
ORD005005,北面冲锋衣,服装,服装服装,5243.08,2,10486.16,2025/04/15,华北,信用卡,completed,60,男
ORD005006,H&M 连衣裙,服装,服装服装,3987.47,4,15949.88,2024/08/21,华南,微信支付,refunded,41,男
ORD005007,Sony WH-1000XM5,电子产品,电子产品,1613.29,5,8066.45,2024/10/03,华南,信用卡,cancelled,56,
ORD005008,百威啤酒,食品,食品食品,3104.23,2,6208.46,2024/11/05,华南,信用卡,completed,36,男
ORD005009,戴森吸尘器,家居,家居家居,5533.9,7,38737.3,2024/06/11,华北,银行卡,pending,47,
ORD005010,小米台灯,家居,家居家居,7418.81,1,7418.81,2024/09/27,华北,信用卡,completed,40,男
ORD005011,Dell XPS 15,电子产品,电子产品,6776.82,8,54214.56,2024/04/08,华中,支付宝,completed,52,女
ORD005012,Levi's 501,服装,服装服装,7619.04,6,45714.24,2024/01/16,西南,微信支付,completed,34,女
ORD005013,罗技 MX Master 3,电子产品,电子产品,9406.64,5,47033.2,2024/12/26,东北,信用卡,completed,49,女
ORD005014,Dell XPS 15,电子产品,电子产品,1596.01,10,15960.1,2024/01/25,西北,微信支付,pending,50,男
ORD005015,Python编程从入门到实践,图书,图书图书,8393.13,7,58751.91,2025/05/13,华东,微信支付,completed,19,
ORD005016,百威啤酒,食品,食品食品,8539.53,1,8539.53,2024/10/01,东北,微信支付,completed,33,
ORD005017,Zara 西装外套,服装,服装服装,7387.62,4,29550.48,2024/07/05,东北,信用卡,completed,34,女
ORD005018,Kindle Paperwhite,电子产品,电子产品,3831.88,9,34486.92,2025/04/15,华东,支付宝,refunded,43,
ORD005019,原则,图书,图书图书,9611.11,5,48055.55,2024/01/27,华中,信用卡,refunded,33,女
ORD005020,Levi's 501,服装,服装服装,4878.41,6,29270.46,2025/02/11,华北,银行卡,completed,22,
ORD005021,Samsung Galaxy S24,电子产品,电子产品,7210.21,7,50471.47,2024/04/24,华南,微信支付,refunded,30,女
ORD005022,算法导论,图书,图书图书,7206.54,4,28826.16,2024/01/30,华北,微信支付,pending,50,男
ORD005023,原则,图书,图书图书,7686.1,7,53802.7,2024/11/10,西南,支付宝,cancelled,64,
ORD005024,原则,图书,图书图书,1863.68,2,3727.36,2024/03/10,西南,微信支付,completed,23,
ORD005025,原则,图书,图书图书,4910.02,3,14730.06,2024/07/19,西北,银行卡,completed,55,
ORD005026,Zara 西装外套,服装,服装服装,4214.48,10,42144.8,2025/05/28,华中,信用卡,completed,32,女
ORD005027,北面冲锋衣,服装,服装服装,9983.18,4,39932.72,2024/04/17,东北,信用卡,completed,63,男
ORD005028,Dell XPS 15,电子产品,电子产品,431.93,3,1295.79,2024/08/23,东北,微信支付,pending,55,女
ORD005029,茅台酒,食品,食品食品,6181.23,7,43268.61,2024/08/03,华北,支付宝,completed,36,男
ORD005030,思考快与慢,图书,图书图书,413.64,6,2481.84,2024/09/17,华东,支付宝,completed,30,
ORD005031,Zara 西装外套,服装,服装服装,9826.29,7,68784.03,2024/01/03,华中,信用卡,completed,32,
ORD005032,德芙巧克力,食品,食品食品,4191.64,3,12574.92,2025/05/29,华中,微信支付,completed,33,
ORD005033,三只松鼠坚果礼盒,食品,食品食品,7190.31,3,21570.93,2024/01/08,华南,微信支付,pending,24,男
ORD005034,iPad Air,电子产品,电子产品,1348.47,4,5393.88,2024/09/28,华南,信用卡,completed,35,男
ORD005035,Kindle Paperwhite,电子产品,电子产品,3188.28,10,31882.8,2024/12/01,东北,支付宝,completed,33,男
ORD005036,思考快与慢,图书,图书图书,1695.26,4,6781.04,2024/08/22,东北,微信支付,completed,27,
ORD005037,星巴克咖啡豆,食品,食品食品,9415.51,4,37662.04,2024/03/28,华北,支付宝,refunded,18,男
ORD005038,蒙牛纯牛奶,食品,食品食品,8473.88,1,8473.88,2024/04/01,华中,支付宝,completed,42,女
ORD005039,百威啤酒,食品,食品食品,1566.57,2,3133.14,2025/05/02,华中,微信支付,pending,37,男
ORD005040,Kindle Paperwhite,电子产品,电子产品,5682.06,3,17046.18,2024/04/09,东北,微信支付,completed,36,女
ORD005041,蒙牛纯牛奶,食品,食品食品,4189.83,4,16759.32,2025/01/08,东北,支付宝,refunded,40,男
ORD005042,思考快与慢,图书,图书图书,7881.71,9,70935.39,2024/07/02,西北,银行卡,completed,31,男
ORD005043,优衣库羽绒服,服装,服装服装,4001.7,7,28011.9,2025/05/03,东北,支付宝,cancelled,57,男
ORD005044,Adidas Ultraboost,服装,服装服装,3684.87,1,3684.87,2024/08/22,华北,银行卡,refunded,18,女
ORD005045,网易严选床垫,家居,家居家居,2200.85,7,15405.95,2024/01/05,华南,银行卡,completed,30,女
ORD005046,蒙牛纯牛奶,食品,食品食品,6366.06,10,63660.6,2024/10/29,西北,支付宝,completed,42,男
ORD005047,美的电饭煲,家居,家居家居,2436.79,5,12183.95,2024/01/07,西南,支付宝,pending,32,
ORD005048,三体全集,图书,图书图书,4225.48,6,25352.88,2025/05/01,华北,微信支付,completed,27,女
ORD005049,Python编程从入门到实践,图书,图书图书,4099.46,5,20497.3,2024/02/29,西北,银行卡,completed,26,男
ORD005050,MacBook Air,电子产品,电子产品,6553.14,2,13106.28,2024/10/20,华中,信用卡,cancelled,27,女
ORD005051,德芙巧克力,食品,食品食品,3705.87,1,3705.87,2024/10/10,东北,银行卡,refunded,49,
ORD005052,原则,图书,图书图书,9180.46,1,9180.46,2024/02/05,西北,银行卡,refunded,39,
ORD005053,算法导论,图书,图书图书,767.07,7,5369.49,2024/08/09,西北,信用卡,cancelled,20,女
ORD005054,算法导论,图书,图书图书,1018.21,6,6109.26,2024/04/20,西南,银行卡,completed,44,男
ORD005055,AirPods Pro,电子产品,电子产品,8720.8,2,17441.6,2024/12/16,西北,信用卡,completed,54,女
ORD005056,原则,图书,图书图书,191.41,7,1339.87,2025/04/09,东北,支付宝,completed,50,
ORD005057,Zara 西装外套,服装,服装服装,1974.04,3,5922.12,2025/03/14,华北,信用卡,completed,42,
ORD005058,Levi's 501,服装,服装服装,5813.25,6,34879.5,2024/11/29,华南,银行卡,completed,21,男
ORD005059,深入理解计算机系统,图书,图书图书,9133.82,4,36535.28,2024/04/04,西南,银行卡,completed,46,
ORD005060,H&M 连衣裙,服装,服装服装,2032.16,3,6096.48,2024/10/13,华北,银行卡,completed,56,女
ORD005061,New Balance 574,服装,服装服装,3889.33,9,35003.97,2024/12/02,西南,支付宝,pending,35,女
ORD005062,MacBook Air,电子产品,电子产品,3074.75,8,24598.0,2024/08/25,华南,支付宝,completed,48,
ORD005063,Adidas Ultraboost,服装,服装服装,3628.09,5,18140.45,2025/03/29,西南,微信支付,completed,48,
ORD005064,星巴克咖啡豆,食品,食品食品,4685.55,10,46855.5,2024/09/30,华中,信用卡,completed,34,
ORD005065,深入理解计算机系统,图书,图书图书,178.11,6,1068.66,2024/09/13,华北,微信支付,completed,38,男
ORD005066,网易严选床垫,家居,家居家居,4002.89,10,40028.9,2024/11/04,东北,支付宝,refunded,24,
ORD005067,Python编程从入门到实践,图书,图书图书,1256.21,1,1256.21,2025/01/05,华南,支付宝,completed,29,女
ORD005068,宜家书架,家居,家居家居,8897.15,3,26691.45,2025/01/16,西北,微信支付,completed,48,男
ORD005069,Levi's 501,服装,服装服装,6175.14,5,30875.7,2025/05/10,东北,微信支付,pending,33,男
ORD005070,网易严选床垫,家居,家居家居,8329.27,1,8329.27,2025/04/21,东北,信用卡,completed,59,
ORD005071,茅台酒,食品,食品食品,3406.65,3,10219.95,2024/11/18,西南,信用卡,refunded,38,
ORD005072,德芙巧克力,食品,食品食品,5156.25,8,41250.0,2024/07/01,西南,银行卡,completed,21,
ORD005073,Samsung Galaxy S24,电子产品,电子产品,6469.36,8,51754.88,2024/12/16,西南,支付宝,pending,44,女
ORD005074,网易严选床垫,家居,家居家居,3674.11,7,25718.77,2024/09/18,华中,支付宝,completed,35,
ORD005075,百威啤酒,食品,食品食品,2406.67,7,16846.69,2025/03/31,东北,银行卡,completed,48,
ORD005076,九阳豆浆机,家居,家居家居,6138.97,9,55250.73,2024/08/29,西南,微信支付,completed,34,男
ORD005077,宜家书架,家居,家居家居,5645.57,4,22582.28,2024/12/27,华东,银行卡,completed,60,女
ORD005078,网易严选床垫,家居,家居家居,9935.31,10,99353.1,2024/02/29,华南,银行卡,completed,37,
ORD005079,小米台灯,家居,家居家居,847.45,4,3389.8,2024/08/06,华中,信用卡,completed,40,男
ORD005080,深入理解计算机系统,图书,图书图书,5504.97,7,38534.79,2024/02/03,西北,信用卡,pending,42,
ORD005081,美的电饭煲,家居,家居家居,9029.63,5,45148.15,2024/06/27,华中,信用卡,cancelled,52,女
ORD005082,思考快与慢,图书,图书图书,9892.6,6,59355.6,2024/02/28,华东,微信支付,cancelled,28,
ORD005083,New Balance 574,服装,服装服装,2288.69,5,11443.45,2025/03/15,西南,微信支付,completed,55,男
ORD005084,三只松鼠坚果礼盒,食品,食品食品,9889.95,5,49449.75,2025/02/16,华东,信用卡,pending,56,
ORD005085,Sony WH-1000XM5,电子产品,电子产品,5841.37,10,58413.7,2024/09/15,东北,支付宝,completed,35,男
ORD005086,九阳豆浆机,家居,家居家居,384.36,6,2306.16,2024/03/03,华东,信用卡,cancelled,50,
ORD005087,宜家书架,家居,家居家居,6767.28,4,27069.12,2024/03/10,华南,银行卡,pending,38,女
ORD005088,北面冲锋衣,服装,服装服装,6934.37,5,34671.85,2024/04/01,西北,微信支付,completed,18,女
ORD005089,北面冲锋衣,服装,服装服装,9880.85,3,29642.55,2024/10/01,西南,支付宝,completed,48,女
ORD005090,Dell XPS 15,电子产品,电子产品,7909.14,5,39545.7,2024/09/30,华中,银行卡,completed,44,男
ORD005091,Apple Watch,电子产品,电子产品,6821.84,4,27287.36,2024/12/13,西南,微信支付,completed,50,
ORD005092,Levi's 501,服装,服装服装,8701.11,6,52206.66,2025/02/14,华东,微信支付,completed,47,男
ORD005093,农夫山泉,食品,食品食品,1770.62,5,8853.1,2025/05/27,西南,微信支付,completed,36,女
ORD005094,Dell XPS 15,电子产品,电子产品,5144.48,10,51444.8,2024/05/27,华北,信用卡,completed,65,男
ORD005095,深入理解计算机系统,图书,图书图书,9420.62,10,94206.2,2024/07/23,东北,支付宝,refunded,53,
ORD005096,罗技 MX Master 3,电子产品,电子产品,2284.35,9,20559.15,2025/01/08,西北,银行卡,pending,42,女
ORD005097,H&M 连衣裙,服装,服装服装,9123.9,3,27371.7,2024/05/07,西北,信用卡,pending,25,男
ORD005098,MacBook Air,电子产品,电子产品,7916.07,9,71244.63,2025/03/01,华东,银行卡,completed,44,男
ORD005099,小熊加湿器,家居,家居家居,743.55,1,743.55,2024/02/06,西北,微信支付,completed,33,
ORD005100,AirPods Pro,电子产品,电子产品,4977.58,7,34843.06,2024/11/11,华南,信用卡,completed,27,
ORD005101,Adidas Ultraboost,服装,服装服装,1785.47,2,3570.94,2024/05/12,华北,支付宝,pending,53,男
ORD005102,Python编程从入门到实践,图书,图书图书,317.9,4,1271.6,2024/04/20,东北,支付宝,completed,56,
ORD005103,美的电饭煲,家居,家居家居,4098.94,2,8197.88,2025/02/09,西南,支付宝,completed,20,男
ORD005104,原则,图书,图书图书,1074.11,3,3222.33,2025/02/01,东北,银行卡,pending,20,女
ORD005105,德芙巧克力,食品,食品食品,6254.11,7,43778.77,2024/04/07,西北,银行卡,refunded,42,
ORD005106,Dell XPS 15,电子产品,电子产品,5872.48,4,23489.92,2024/12/29,华南,银行卡,completed,60,女
ORD005107,AirPods Pro,电子产品,电子产品,1679.64,3,5038.92,2025/01/22,华中,信用卡,pending,25,
ORD005108,Dell XPS 15,电子产品,电子产品,2110.41,8,16883.28,2025/03/28,华北,微信支付,cancelled,44,
ORD005109,蒙牛纯牛奶,食品,食品食品,665.44,9,5988.96,2024/01/17,华东,微信支付,completed,63,女
ORD005110,iPhone 15,电子产品,电子产品,7068.26,8,56546.08,2024/01/12,华东,银行卡,completed,26,男
ORD005111,小熊加湿器,家居,家居家居,1264.18,8,10113.44,2024/02/02,华中,银行卡,refunded,46,女
ORD005112,良品铺子零食包,食品,食品食品,6034.21,3,18102.63,2024/06/23,华南,微信支付,completed,51,男
ORD005113,农夫山泉,食品,食品食品,8980.25,1,8980.25,2024/06/04,华南,银行卡,completed,46,
ORD005114,星巴克咖啡豆,食品,食品食品,8242.43,10,82424.3,2024/11/04,西南,微信支付,completed,32,
ORD005115,MacBook Air,电子产品,电子产品,5829.27,9,52463.43,2025/05/14,东北,支付宝,completed,33,
ORD005116,算法导论,图书,图书图书,657.05,6,3942.3,2024/11/09,华北,支付宝,pending,41,男
ORD005117,百威啤酒,食品,食品食品,5175.74,7,36230.18,2024/05/16,华东,支付宝,completed,54,男
ORD005118,蒙牛纯牛奶,食品,食品食品,4010.88,4,16043.52,2025/05/11,华中,银行卡,pending,32,男
ORD005119,iPad Air,电子产品,电子产品,9322.6,8,74580.8,2025/03/25,东北,信用卡,refunded,36,男
ORD005120,良品铺子零食包,食品,食品食品,6283.15,1,6283.15,2025/05/05,华中,微信支付,completed,20,女
ORD005121,H&M 连衣裙,服装,服装服装,1654.91,8,13239.28,2024/06/09,华中,支付宝,completed,42,女
ORD005122,Adidas Ultraboost,服装,服装服装,9607.32,10,96073.2,2024/01/10,华中,银行卡,completed,53,
ORD005123,三只松鼠坚果礼盒,食品,食品食品,791.93,5,3959.65,2024/11/16,华中,信用卡,completed,22,男
ORD005124,网易严选床垫,家居,家居家居,675.27,4,2701.08,2024/02/13,华东,信用卡,pending,31,男
ORD005125,深入理解计算机系统,图书,图书图书,6614.15,7,46299.05,2025/02/27,东北,微信支付,refunded,20,
ORD005126,深入理解计算机系统,图书,图书图书,5877.22,4,23508.88,2024/08/10,西北,微信支付,refunded,33,
ORD005127,Python编程从入门到实践,图书,图书图书,5277.7,6,31666.2,2024/07/22,华中,信用卡,pending,40,
ORD005128,农夫山泉,食品,食品食品,2742.04,4,10968.16,2024/10/14,华北,支付宝,pending,56,女
ORD005129,三只松鼠坚果礼盒,食品,食品食品,630.19,3,1890.57,2024/07/12,西南,支付宝,completed,54,
ORD005130,三体全集,图书,图书图书,5612.51,8,44900.08,2024/11/14,华东,银行卡,pending,32,女
ORD005131,三体全集,图书,图书图书,8002.78,3,24008.34,2024/11/07,华东,微信支付,completed,62,
ORD005132,H&M 连衣裙,服装,服装服装,3748.77,8,29990.16,2025/01/17,华中,信用卡,completed,31,女
ORD005133,星巴克咖啡豆,食品,食品食品,2686.49,9,24178.41,2025/02/12,华南,微信支付,completed,56,男
ORD005134,三体全集,图书,图书图书,1554.96,10,15549.6,2024/07/15,西北,微信支付,completed,38,女
ORD005135,百威啤酒,食品,食品食品,1754.73,3,5264.19,2025/05/06,西北,微信支付,pending,26,女
ORD005136,原则,图书,图书图书,9078.4,2,18156.8,2024/04/24,西北,微信支付,pending,51,女
ORD005137,小米台灯,家居,家居家居,2582.48,6,15494.88,2024/09/17,华中,信用卡,completed,55,男
ORD005138,Levi's 501,服装,服装服装,9949.01,3,29847.03,2024/05/03,华北,信用卡,completed,64,男
ORD005139,星巴克咖啡豆,食品,食品食品,4255.46,2,8510.92,2024/11/12,华南,银行卡,completed,36,男
ORD005140,Adidas Ultraboost,服装,服装服装,1064.16,9,9577.44,2024/11/10,西北,支付宝,completed,47,
ORD005141,北面冲锋衣,服装,服装服装,345.74,2,691.48,2025/06/01,西北,支付宝,completed,40,女
ORD005142,北面冲锋衣,服装,服装服装,7286.65,9,65579.85,2025/05/04,华东,支付宝,completed,40,女
ORD005143,iPad Air,电子产品,电子产品,6250.39,8,50003.12,2025/03/03,华东,支付宝,cancelled,35,
ORD005144,人类简史,图书,图书图书,629.28,7,4404.96,2024/09/23,华南,支付宝,completed,21,
ORD005145,良品铺子零食包,食品,食品食品,1671.98,9,15047.82,2024/06/27,西北,支付宝,completed,33,男
ORD005146,小米台灯,家居,家居家居,7449.99,1,7449.99,2024/01/07,西南,银行卡,pending,39,男
ORD005147,三体全集,图书,图书图书,2160.67,7,15124.69,2024/07/20,华中,信用卡,completed,50,男
ORD005148,三只松鼠坚果礼盒,食品,食品食品,7697.15,4,30788.6,2025/05/07,西南,信用卡,completed,51,女
ORD005149,百威啤酒,食品,食品食品,1550.86,5,7754.3,2025/04/06,华南,微信支付,completed,60,女
ORD005150,Kindle Paperwhite,电子产品,电子产品,2694.06,3,8082.18,2024/06/25,华中,银行卡,completed,57,
ORD005151,网易严选床垫,家居,家居家居,473.27,9,4259.43,2024/11/29,西南,信用卡,completed,59,男
ORD005152,宜家书架,家居,家居家居,2602.01,3,7806.03,2025/01/21,西北,微信支付,pending,60,
ORD005153,Zara 西装外套,服装,服装服装,180.92,6,1085.52,2024/01/06,东北,信用卡,completed,62,女
ORD005154,戴森吸尘器,家居,家居家居,194.02,1,194.02,2024/08/02,东北,信用卡,completed,29,男
ORD005155,原则,图书,图书图书,6565.33,6,39391.98,2025/02/22,华东,微信支付,pending,21,女
ORD005156,MacBook Air,电子产品,电子产品,2534.81,8,20278.48,2024/01/02,华东,信用卡,completed,42,女
ORD005157,蒙牛纯牛奶,食品,食品食品,1913.66,2,3827.32,2025/05/14,华东,信用卡,refunded,41,女
ORD005158,Sony WH-1000XM5,电子产品,电子产品,190.07,1,190.07,2024/08/08,华中,信用卡,completed,28,女
ORD005159,蒙牛纯牛奶,食品,食品食品,4999.37,2,9998.74,2024/04/13,西北,支付宝,cancelled,29,
ORD005160,三体全集,图书,图书图书,632.12,9,5689.08,2024/08/21,西北,微信支付,completed,24,女
ORD005161,Levi's 501,服装,服装服装,5670.31,3,17010.93,2025/02/07,东北,信用卡,completed,57,
ORD005162,MacBook Air,电子产品,电子产品,7285.24,1,7285.24,2024/05/08,华南,微信支付,pending,63,女
ORD005163,Apple Watch,电子产品,电子产品,9513.63,9,85622.67,2024/04/18,华南,信用卡,completed,25,男
ORD005164,星巴克咖啡豆,食品,食品食品,1896.81,4,7587.24,2024/03/13,西北,微信支付,completed,28,
ORD005165,九阳豆浆机,家居,家居家居,1554.47,7,10881.29,2025/02/08,西北,微信支付,completed,51,
ORD005166,蒙牛纯牛奶,食品,食品食品,6863.2,6,41179.2,2024/06/06,西南,信用卡,completed,36,男
ORD005167,算法导论,图书,图书图书,7984.98,10,79849.8,2024/05/02,东北,银行卡,cancelled,46,
ORD005168,三体全集,图书,图书图书,408.78,6,2452.68,2025/04/11,西南,微信支付,completed,51,
ORD005169,蒙牛纯牛奶,食品,食品食品,1550.02,1,1550.02,2024/07/04,西南,支付宝,cancelled,29,
ORD005170,三只松鼠坚果礼盒,食品,食品食品,3573.44,4,14293.76,2025/05/03,华北,支付宝,cancelled,23,男
ORD005171,Dell XPS 15,电子产品,电子产品,4070.06,6,24420.36,2024/01/11,西北,支付宝,cancelled,20,女
ORD005172,Apple Watch,电子产品,电子产品,5005.75,3,15017.25,2024/12/14,华东,信用卡,completed,37,
ORD005173,德芙巧克力,食品,食品食品,5750.97,10,57509.7,2024/08/20,东北,信用卡,refunded,36,
ORD005174,Zara 西装外套,服装,服装服装,4679.83,3,14039.49,2024/10/07,西北,支付宝,refunded,40,男
ORD005175,Levi's 501,服装,服装服装,9642.95,8,77143.6,2025/02/15,华中,信用卡,completed,62,男
ORD005176,星巴克咖啡豆,食品,食品食品,2551.97,8,20415.76,2024/11/01,华南,支付宝,completed,39,
ORD005177,优衣库羽绒服,服装,服装服装,9639.25,4,38557.0,2024/09/19,华北,微信支付,completed,58,
ORD005178,农夫山泉,食品,食品食品,308.65,5,1543.25,2024/08/06,西北,信用卡,completed,57,男
ORD005179,网易严选床垫,家居,家居家居,6172.5,6,37035.0,2024/08/27,西北,微信支付,pending,65,女
ORD005180,北面冲锋衣,服装,服装服装,9454.49,9,85090.41,2024/04/03,华南,银行卡,refunded,61,男
ORD005181,罗技 MX Master 3,电子产品,电子产品,5361.67,1,5361.67,2024/01/21,西南,微信支付,completed,65,男
ORD005182,Sony WH-1000XM5,电子产品,电子产品,4859.93,7,34019.51,2025/01/05,西南,信用卡,pending,35,男
ORD005183,算法导论,图书,图书图书,6794.18,6,40765.08,2024/12/18,华中,银行卡,completed,50,女
ORD005184,MacBook Air,电子产品,电子产品,1405.59,2,2811.18,2024/10/04,华中,信用卡,completed,42,
ORD005185,小米台灯,家居,家居家居,9704.17,6,58225.02,2024/05/19,华东,银行卡,completed,63,男
ORD005186,三只松鼠坚果礼盒,食品,食品食品,9410.9,7,65876.3,2024/11/27,华中,信用卡,completed,24,女
ORD005187,星巴克咖啡豆,食品,食品食品,9298.66,9,83687.94,2024/12/09,华中,支付宝,refunded,59,男
ORD005188,九阳豆浆机,家居,家居家居,4275.65,6,25653.9,2024/10/14,华北,信用卡,cancelled,65,女
ORD005189,优衣库羽绒服,服装,服装服装,1920.05,6,11520.3,2024/11/16,华北,微信支付,completed,33,男
ORD005190,原则,图书,图书图书,7448.05,6,44688.3,2024/11/17,华东,信用卡,completed,42,女
ORD005191,小米台灯,家居,家居家居,9968.85,8,79750.8,2025/04/18,华北,支付宝,completed,55,
ORD005192,算法导论,图书,图书图书,6893.85,3,20681.55,2024/09/28,华东,微信支付,pending,63,男
ORD005193,小熊加湿器,家居,家居家居,9373.15,1,9373.15,2025/03/16,华东,支付宝,completed,49,
ORD005194,iPad Air,电子产品,电子产品,142.66,8,1141.28,2024/01/13,东北,微信支付,cancelled,64,
ORD005195,星巴克咖啡豆,食品,食品食品,2164.85,6,12989.1,2025/01/20,华中,银行卡,pending,60,男
ORD005196,戴森吸尘器,家居,家居家居,685.13,3,2055.39,2024/06/06,西北,银行卡,completed,58,
ORD005197,百威啤酒,食品,食品食品,4595.91,1,4595.91,2025/01/29,东北,微信支付,refunded,52,男
ORD005198,Apple Watch,电子产品,电子产品,262.03,8,2096.24,2024/10/12,西北,微信支付,pending,61,女
ORD005199,iPhone 15,电子产品,电子产品,7703.45,10,77034.5,2025/02/21,华南,微信支付,completed,65,男
ORD005200,Kindle Paperwhite,电子产品,电子产品,375.37,5,1876.85,2024/08/05,西北,微信支付,completed,64,女
ORD005201,小米台灯,家居,家居家居,5415.8,2,10831.6,2024/04/25,西北,银行卡,completed,29,女
ORD005202,德芙巧克力,食品,食品食品,373.2,7,2612.4,2025/01/11,华中,支付宝,completed,41,男
ORD005203,星巴克咖啡豆,食品,食品食品,5212.46,2,10424.92,2024/01/20,华中,微信支付,completed,61,
ORD005204,三只松鼠坚果礼盒,食品,食品食品,7165.93,4,28663.72,2025/05/11,东北,支付宝,cancelled,38,
ORD005205,百威啤酒,食品,食品食品,8613.58,8,68908.64,2024/04/09,华中,支付宝,cancelled,34,女
ORD005206,良品铺子零食包,食品,食品食品,5021.41,9,45192.69,2025/03/19,西南,微信支付,refunded,56,
ORD005207,人类简史,图书,图书图书,7443.13,1,7443.13,2024/12/19,西北,微信支付,pending,47,
ORD005208,三只松鼠坚果礼盒,食品,食品食品,58.02,1,58.02,2024/09/10,西南,微信支付,cancelled,45,男
ORD005209,三体全集,图书,图书图书,5982.61,10,59826.1,2025/05/08,西南,支付宝,pending,61,男
ORD005210,H&M 连衣裙,服装,服装服装,3825.81,2,7651.62,2025/03/13,华南,信用卡,pending,51,女
ORD005211,星巴克咖啡豆,食品,食品食品,1798.01,8,14384.08,2025/05/12,华南,银行卡,completed,31,
ORD005212,人类简史,图书,图书图书,1387.59,1,1387.59,2025/02/03,华北,银行卡,completed,48,
ORD005213,小米台灯,家居,家居家居,4733.22,8,37865.76,2025/03/07,华东,信用卡,completed,60,
ORD005214,H&M 连衣裙,服装,服装服装,157.25,3,471.75,2024/08/15,西北,微信支付,completed,19,男
ORD005215,Levi's 501,服装,服装服装,9557.81,5,47789.05,2024/09/20,华北,银行卡,completed,31,
ORD005216,Zara 西装外套,服装,服装服装,6010.66,4,24042.64,2024/05/31,华北,微信支付,completed,19,
ORD005217,MacBook Air,电子产品,电子产品,6817.28,3,20451.84,2025/01/22,华南,微信支付,completed,46,女
ORD005218,宜家书架,家居,家居家居,2013.38,10,20133.8,2024/08/21,华北,信用卡,cancelled,46,男
ORD005219,Samsung Galaxy S24,电子产品,电子产品,3875.33,6,23251.98,2025/05/22,华南,支付宝,completed,30,男
ORD005220,思考快与慢,图书,图书图书,8743.18,3,26229.54,2024/03/15,西南,信用卡,refunded,37,
ORD005221,小熊加湿器,家居,家居家居,1682.4,9,15141.6,2025/05/10,华中,银行卡,completed,55,
ORD005222,Sony WH-1000XM5,电子产品,电子产品,7108.1,6,42648.6,2024/04/17,东北,微信支付,completed,20,
ORD005223,Apple Watch,电子产品,电子产品,2184.62,7,15292.34,2024/10/26,华东,支付宝,completed,32,男
ORD005224,原则,图书,图书图书,5465.21,1,5465.21,2024/12/06,华东,信用卡,refunded,65,男
ORD005225,百威啤酒,食品,食品食品,3319.83,3,9959.49,2024/11/26,华东,银行卡,refunded,21,
ORD005226,北面冲锋衣,服装,服装服装,9717.02,8,77736.16,2024/08/18,西南,信用卡,completed,35,
ORD005227,良品铺子零食包,食品,食品食品,5445.35,1,5445.35,2025/01/07,华南,支付宝,completed,47,
ORD005228,New Balance 574,服装,服装服装,7238.45,4,28953.8,2024/02/09,西北,信用卡,refunded,18,女
ORD005229,原则,图书,图书图书,634.0,2,1268.0,2024/12/06,华中,支付宝,completed,61,男
ORD005230,三只松鼠坚果礼盒,食品,食品食品,1871.97,4,7487.88,2024/08/25,西南,微信支付,completed,58,男
ORD005231,iPad Air,电子产品,电子产品,477.44,3,1432.32,2025/05/20,华北,信用卡,completed,27,男
ORD005232,戴森吸尘器,家居,家居家居,5938.37,4,23753.48,2024/04/05,东北,支付宝,pending,44,女
ORD005233,算法导论,图书,图书图书,9268.72,1,9268.72,2024/05/24,华东,微信支付,cancelled,51,女
ORD005234,蒙牛纯牛奶,食品,食品食品,3943.17,1,3943.17,2025/04/05,西南,银行卡,completed,49,
ORD005235,深入理解计算机系统,图书,图书图书,4062.04,6,24372.24,2024/04/20,华中,信用卡,completed,47,
ORD005236,AirPods Pro,电子产品,电子产品,279.35,4,1117.4,2025/02/11,西北,微信支付,completed,53,男
ORD005237,深入理解计算机系统,图书,图书图书,4087.49,8,32699.92,2024/08/25,西北,信用卡,completed,56,男
ORD005238,九阳豆浆机,家居,家居家居,8627.61,9,77648.49,2024/11/16,西北,信用卡,completed,53,
ORD005239,北面冲锋衣,服装,服装服装,4703.59,3,14110.77,2024/10/19,华中,银行卡,completed,63,男
ORD005240,Samsung Galaxy S24,电子产品,电子产品,775.35,4,3101.4,2024/07/01,西南,支付宝,pending,35,男
ORD005241,Samsung Galaxy S24,电子产品,电子产品,9804.78,10,98047.8,2024/05/07,西北,支付宝,completed,41,男
ORD005242,罗技 MX Master 3,电子产品,电子产品,9558.15,7,66907.05,2025/03/31,西南,银行卡,completed,19,女
ORD005243,Nike Air Max,服装,服装服装,6517.18,10,65171.8,2025/03/02,华北,支付宝,pending,30,女
ORD005244,Nike Air Max,服装,服装服装,2071.43,5,10357.15,2024/03/12,东北,信用卡,completed,23,
ORD005245,Nike Air Max,服装,服装服装,1346.86,8,10774.88,2025/02/10,华中,支付宝,completed,30,男
ORD005246,德芙巧克力,食品,食品食品,2697.0,5,13485.0,2024/05/02,华南,微信支付,completed,43,男
ORD005247,Zara 西装外套,服装,服装服装,5733.97,3,17201.91,2025/01/10,西北,银行卡,refunded,47,男
ORD005248,九阳豆浆机,家居,家居家居,8635.24,8,69081.92,2024/10/05,东北,微信支付,completed,26,
ORD005249,Adidas Ultraboost,服装,服装服装,3688.64,5,18443.2,2024/11/14,华东,信用卡,completed,38,
ORD005250,美的电饭煲,家居,家居家居,4105.86,10,41058.6,2024/03/18,华中,微信支付,completed,52,
ORD005251,AirPods Pro,电子产品,电子产品,9064.28,6,54385.68,2024/08/25,华中,银行卡,completed,54,
ORD005252,思考快与慢,图书,图书图书,4522.87,3,13568.61,2024/03/07,华东,信用卡,completed,28,女
ORD005253,小米台灯,家居,家居家居,7823.56,4,31294.24,2024/01/16,西南,微信支付,completed,54,男
ORD005254,三只松鼠坚果礼盒,食品,食品食品,8387.87,8,67102.96,2025/03/27,华东,银行卡,pending,61,男
ORD005255,H&M 连衣裙,服装,服装服装,748.54,10,7485.4,2024/02/29,东北,微信支付,completed,28,女
ORD005256,蒙牛纯牛奶,食品,食品食品,6035.05,10,60350.5,2025/04/16,华中,支付宝,pending,56,女
ORD005257,算法导论,图书,图书图书,3778.38,8,30227.04,2024/11/18,西北,银行卡,refunded,62,
ORD005258,人类简史,图书,图书图书,3722.47,1,3722.47,2025/05/02,华南,银行卡,completed,56,
ORD005259,Nike Air Max,服装,服装服装,7683.95,1,7683.95,2025/01/18,西南,银行卡,completed,64,男
ORD005260,九阳豆浆机,家居,家居家居,8979.07,3,26937.21,2024/01/01,华中,银行卡,pending,51,男
ORD005261,宜家书架,家居,家居家居,5313.84,3,15941.52,2024/08/09,华南,信用卡,completed,26,
ORD005262,Levi's 501,服装,服装服装,2841.28,6,17047.68,2025/04/20,华东,信用卡,completed,57,
ORD005263,原则,图书,图书图书,2214.3,2,4428.6,2024/05/14,西南,银行卡,pending,42,
ORD005264,New Balance 574,服装,服装服装,626.6,7,4386.2,2024/03/27,华北,微信支付,completed,19,男
ORD005265,深入理解计算机系统,图书,图书图书,267.27,8,2138.16,2024/11/04,华东,微信支付,completed,45,女
ORD005266,Apple Watch,电子产品,电子产品,2414.83,2,4829.66,2025/05/16,西南,支付宝,pending,57,男
ORD005267,三体全集,图书,图书图书,3058.79,7,21411.53,2025/02/05,东北,支付宝,pending,63,男
ORD005268,九阳豆浆机,家居,家居家居,8771.27,4,35085.08,2025/05/12,西南,支付宝,pending,18,女
ORD005269,原则,图书,图书图书,7279.85,7,50958.95,2024/02/08,华东,信用卡,completed,53,男
ORD005270,Sony WH-1000XM5,电子产品,电子产品,2491.7,1,2491.7,2024/04/28,西北,银行卡,pending,65,男
ORD005271,iPad Air,电子产品,电子产品,7897.82,9,71080.38,2024/01/04,华北,支付宝,completed,31,男
ORD005272,Dell XPS 15,电子产品,电子产品,2317.59,8,18540.72,2024/12/23,西南,信用卡,refunded,52,女
ORD005273,Samsung Galaxy S24,电子产品,电子产品,8492.24,5,42461.2,2024/09/26,华北,银行卡,completed,56,女
ORD005274,iPhone 15,电子产品,电子产品,5272.05,4,21088.2,2025/04/17,东北,银行卡,completed,46,
ORD005275,iPad Air,电子产品,电子产品,7570.47,9,68134.23,2025/04/10,华东,微信支付,completed,59,
ORD005276,良品铺子零食包,食品,食品食品,8531.66,7,59721.62,2025/05/02,华东,信用卡,completed,41,
ORD005277,良品铺子零食包,食品,食品食品,7254.75,4,29019.0,2024/08/20,西南,银行卡,completed,61,女
ORD005278,优衣库羽绒服,服装,服装服装,442.08,1,442.08,2024/08/03,西南,银行卡,completed,39,女
ORD005279,iPhone 15,电子产品,电子产品,4535.78,7,31750.46,2025/01/24,东北,微信支付,completed,49,
ORD005280,宜家书架,家居,家居家居,8020.76,10,80207.6,2024/11/18,东北,支付宝,completed,26,
ORD005281,网易严选床垫,家居,家居家居,5194.83,9,46753.47,2024/09/15,西南,信用卡,pending,32,女
ORD005282,人类简史,图书,图书图书,8251.96,4,33007.84,2024/12/20,华北,信用卡,pending,42,男
ORD005283,Python编程从入门到实践,图书,图书图书,1687.85,3,5063.55,2024/03/24,华南,信用卡,completed,41,女
ORD005284,蒙牛纯牛奶,食品,食品食品,4259.04,1,4259.04,2025/01/23,华中,微信支付,completed,33,女
ORD005285,网易严选床垫,家居,家居家居,57.61,4,230.44,2025/01/28,西北,微信支付,completed,34,女
ORD005286,美的电饭煲,家居,家居家居,8131.81,6,48790.86,2024/10/19,西北,微信支付,completed,60,男
ORD005287,良品铺子零食包,食品,食品食品,5885.43,4,23541.72,2024/09/14,西南,微信支付,refunded,32,女
ORD005288,三体全集,图书,图书图书,6036.09,9,54324.81,2024/09/05,华中,信用卡,pending,22,女
ORD005289,小米台灯,家居,家居家居,6868.1,1,6868.1,2024/03/29,西南,银行卡,completed,29,女
ORD005290,星巴克咖啡豆,食品,食品食品,1721.34,6,10328.04,2024/02/27,西北,银行卡,completed,42,
ORD005291,Adidas Ultraboost,服装,服装服装,7097.44,10,70974.4,2024/11/13,华东,信用卡,completed,26,男
ORD005292,Adidas Ultraboost,服装,服装服装,93.74,7,656.18,2024/11/14,西南,微信支付,pending,46,
ORD005293,深入理解计算机系统,图书,图书图书,3801.9,9,34217.1,2024/01/07,西南,支付宝,completed,26,
ORD005294,iPhone 15,电子产品,电子产品,5918.97,3,17756.91,2025/05/06,华北,信用卡,completed,59,
ORD005295,茅台酒,食品,食品食品,3796.0,5,18980.0,2024/01/23,西北,微信支付,completed,18,男
ORD005296,宜家书架,家居,家居家居,7758.47,9,69826.23,2024/04/11,西北,微信支付,completed,51,女
ORD005297,优衣库羽绒服,服装,服装服装,2678.91,9,24110.19,2025/03/16,华东,微信支付,completed,33,
ORD005298,优衣库羽绒服,服装,服装服装,153.82,9,1384.38,2025/04/15,华北,信用卡,completed,33,男
ORD005299,美的电饭煲,家居,家居家居,7590.29,8,60722.32,2024/06/05,东北,信用卡,refunded,42,女
ORD005300,美的电饭煲,家居,家居家居,3229.92,8,25839.36,2025/05/07,东北,支付宝,pending,22,女
ORD005301,茅台酒,食品,食品食品,5343.11,10,53431.1,2024/02/27,华南,银行卡,completed,47,男
ORD005302,iPhone 15,电子产品,电子产品,6581.85,10,65818.5,2024/01/05,西南,支付宝,completed,34,男
ORD005303,戴森吸尘器,家居,家居家居,6151.5,5,30757.5,2024/11/16,西南,银行卡,completed,37,
ORD005304,Sony WH-1000XM5,电子产品,电子产品,6845.92,1,6845.92,2024/11/26,华东,银行卡,pending,61,男
ORD005305,德芙巧克力,食品,食品食品,7364.41,10,73644.1,2025/03/06,西南,支付宝,pending,47,男
ORD005306,小熊加湿器,家居,家居家居,6293.01,2,12586.02,2024/07/24,华中,支付宝,refunded,64,女
ORD005307,优衣库羽绒服,服装,服装服装,3503.63,9,31532.67,2024/12/16,西北,信用卡,completed,53,女
ORD005308,德芙巧克力,食品,食品食品,5878.06,2,11756.12,2025/01/09,西北,支付宝,completed,55,
ORD005309,Apple Watch,电子产品,电子产品,811.75,6,4870.5,2024/07/21,华中,微信支付,refunded,30,男
ORD005310,美的电饭煲,家居,家居家居,3079.26,6,18475.56,2024/02/02,华南,信用卡,pending,18,男
ORD005311,戴森吸尘器,家居,家居家居,7017.05,7,49119.35,2024/08/09,华南,支付宝,completed,53,女
ORD005312,优衣库羽绒服,服装,服装服装,8118.61,2,16237.22,2025/03/15,西南,微信支付,completed,26,
ORD005313,戴森吸尘器,家居,家居家居,8994.66,5,44973.3,2025/05/11,华中,银行卡,refunded,28,女
ORD005314,星巴克咖啡豆,食品,食品食品,1854.57,6,11127.42,2024/10/23,西北,支付宝,cancelled,46,女
ORD005315,深入理解计算机系统,图书,图书图书,9853.72,8,78829.76,2025/05/07,西北,微信支付,completed,28,
ORD005316,优衣库羽绒服,服装,服装服装,4763.43,2,9526.86,2024/01/15,西北,微信支付,completed,28,男
ORD005317,Zara 西装外套,服装,服装服装,2775.34,8,22202.72,2024/06/03,华中,支付宝,completed,25,
ORD005318,iPhone 15,电子产品,电子产品,9414.25,6,56485.5,2025/05/23,华南,支付宝,completed,57,男
ORD005319,德芙巧克力,食品,食品食品,9016.0,9,81144.0,2024/07/25,华南,银行卡,pending,28,男
ORD005320,星巴克咖啡豆,食品,食品食品,2874.44,10,28744.4,2025/01/03,华东,银行卡,pending,61,男
ORD005321,深入理解计算机系统,图书,图书图书,3459.32,5,17296.6,2024/11/13,东北,支付宝,completed,49,
ORD005322,网易严选床垫,家居,家居家居,1258.27,2,2516.54,2024/10/04,西南,银行卡,completed,64,女
ORD005323,九阳豆浆机,家居,家居家居,1937.4,6,11624.4,2024/05/25,华北,支付宝,completed,63,女
ORD005324,九阳豆浆机,家居,家居家居,790.8,5,3954.0,2024/11/19,西北,信用卡,completed,65,
ORD005325,人类简史,图书,图书图书,490.17,3,1470.51,2024/11/29,西北,信用卡,refunded,65,男
ORD005326,H&M 连衣裙,服装,服装服装,9643.85,1,9643.85,2024/03/31,东北,信用卡,completed,23,
ORD005327,宜家书架,家居,家居家居,-740.58,1,-740.58,2025/01/10,西北,信用卡,completed,45,
ORD005328,网易严选床垫,家居,家居家居,3115.09,2,6230.18,2025/05/13,西北,支付宝,completed,27,
ORD005329,Samsung Galaxy S24,电子产品,电子产品,8664.19,9,77977.71,2024/08/31,华中,支付宝,pending,31,女
ORD005330,三体全集,图书,图书图书,2003.04,8,16024.32,2024/08/16,华南,银行卡,completed,26,
ORD005331,宜家书架,家居,家居家居,9760.24,10,97602.4,2025/05/12,华北,微信支付,cancelled,30,男
ORD005332,茅台酒,食品,食品食品,8604.79,7,60233.53,2024/01/22,华南,信用卡,completed,40,女
ORD005333,蒙牛纯牛奶,食品,食品食品,353.57,5,1767.85,2024/05/23,华东,银行卡,completed,58,
ORD005334,优衣库羽绒服,服装,服装服装,7856.12,8,62848.96,2024/04/30,西南,信用卡,cancelled,41,男
ORD005335,德芙巧克力,食品,食品食品,4401.31,8,35210.48,2024/03/17,西南,银行卡,completed,54,男
ORD005336,小熊加湿器,家居,家居家居,7811.0,10,78110.0,2024/03/08,华中,信用卡,completed,31,男
ORD005337,九阳豆浆机,家居,家居家居,7707.43,6,46244.58,2024/02/24,华北,信用卡,cancelled,45,
ORD005338,Adidas Ultraboost,服装,服装服装,643.43,5,3217.15,2025/05/07,华北,信用卡,cancelled,64,女
ORD005339,九阳豆浆机,家居,家居家居,992.61,7,6948.27,2024/11/17,华中,微信支付,cancelled,35,女
ORD005340,农夫山泉,食品,食品食品,2786.84,2,5573.68,2024/07/29,西北,信用卡,refunded,47,男
ORD005341,原则,图书,图书图书,5648.43,3,16945.29,2024/11/14,西南,银行卡,completed,19,
ORD005342,宜家书架,家居,家居家居,1308.48,9,11776.32,2024/09/15,华南,银行卡,completed,55,男
ORD005343,Sony WH-1000XM5,电子产品,电子产品,8849.48,4,35397.92,2025/01/31,华东,银行卡,refunded,41,女
ORD005344,原则,图书,图书图书,9623.6,3,28870.8,2024/04/10,西南,微信支付,completed,22,女
ORD005345,三体全集,图书,图书图书,8927.98,9,80351.82,2025/05/01,西北,微信支付,completed,52,女
ORD005346,美的电饭煲,家居,家居家居,6967.91,1,6967.91,2024/08/30,华北,支付宝,completed,38,男
ORD005347,New Balance 574,服装,服装服装,7000.83,4,28003.32,2024/12/14,华北,支付宝,completed,25,女
ORD005348,Kindle Paperwhite,电子产品,电子产品,8451.28,5,42256.4,2024/06/09,华南,银行卡,completed,31,
ORD005349,H&M 连衣裙,服装,服装服装,5434.89,9,48914.01,2024/09/26,华北,微信支付,refunded,62,
ORD005350,Kindle Paperwhite,电子产品,电子产品,4599.16,3,13797.48,2025/02/13,华中,支付宝,pending,32,
ORD005351,德芙巧克力,食品,食品食品,7043.5,7,49304.5,2025/03/31,东北,银行卡,pending,36,女
ORD005352,优衣库羽绒服,服装,服装服装,6043.11,4,24172.44,2025/01/15,西北,信用卡,completed,60,女
ORD005353,九阳豆浆机,家居,家居家居,4791.91,10,47919.1,2025/05/30,西北,支付宝,pending,36,女
ORD005354,小米台灯,家居,家居家居,3662.11,2,7324.22,2024/08/28,西北,信用卡,completed,23,男
ORD005355,网易严选床垫,家居,家居家居,4981.62,1,4981.62,2024/08/06,西南,微信支付,completed,63,
ORD005356,New Balance 574,服装,服装服装,5650.41,1,5650.41,2024/09/25,华中,微信支付,pending,32,男
ORD005357,优衣库羽绒服,服装,服装服装,4917.05,2,9834.1,2024/11/11,华北,信用卡,cancelled,34,女
ORD005358,美的电饭煲,家居,家居家居,5364.48,5,26822.4,2024/12/22,华东,银行卡,completed,21,男
ORD005359,宜家书架,家居,家居家居,8578.16,8,68625.28,2024/11/25,西南,支付宝,completed,19,
ORD005360,AirPods Pro,电子产品,电子产品,2682.65,4,10730.6,2024/12/18,华中,银行卡,completed,64,
ORD005361,Apple Watch,电子产品,电子产品,9537.1,8,76296.8,2025/01/30,华北,支付宝,refunded,36,男
ORD005362,Apple Watch,电子产品,电子产品,3471.91,3,10415.73,2024/01/10,西南,微信支付,completed,58,
ORD005363,Dell XPS 15,电子产品,电子产品,9362.16,2,18724.32,2024/12/18,西北,支付宝,completed,34,
ORD005364,农夫山泉,食品,食品食品,9779.7,5,48898.5,2024/06/06,华北,银行卡,pending,51,女
ORD005365,算法导论,图书,图书图书,4546.77,2,9093.54,2025/04/27,华中,信用卡,completed,42,
ORD005366,茅台酒,食品,食品食品,1539.95,2,3079.9,2024/03/09,西北,银行卡,completed,22,女
ORD005367,九阳豆浆机,家居,家居家居,8881.35,10,88813.5,2024/03/04,东北,微信支付,completed,21,男
ORD005368,思考快与慢,图书,图书图书,4541.88,7,31793.16,2024/09/01,西北,银行卡,completed,18,女
ORD005369,Kindle Paperwhite,电子产品,电子产品,8639.8,2,17279.6,2024/12/15,华中,微信支付,pending,29,女
ORD005370,原则,图书,图书图书,3411.83,6,20470.98,2024/05/22,华北,支付宝,cancelled,52,男
ORD005371,New Balance 574,服装,服装服装,4995.17,8,39961.36,2024/08/15,西北,支付宝,completed,28,
ORD005372,Samsung Galaxy S24,电子产品,电子产品,5201.7,10,52017.0,2024/11/09,华南,信用卡,completed,31,男
ORD005373,H&M 连衣裙,服装,服装服装,3458.19,4,13832.76,2025/02/18,东北,信用卡,completed,45,
ORD005374,九阳豆浆机,家居,家居家居,4556.78,1,4556.78,2024/07/05,西北,银行卡,cancelled,49,男
ORD005375,三体全集,图书,图书图书,2635.41,10,26354.1,2024/10/27,华东,支付宝,refunded,34,女
ORD005376,戴森吸尘器,家居,家居家居,17.52,10,175.2,2024/05/08,西南,银行卡,completed,47,女
ORD005377,百威啤酒,食品,食品食品,1746.69,8,13973.52,2024/02/29,华中,微信支付,completed,51,男
ORD005378,iPhone 15,电子产品,电子产品,5771.65,4,23086.6,2024/10/27,华中,支付宝,completed,65,
ORD005379,AirPods Pro,电子产品,电子产品,4116.81,5,20584.05,2025/04/30,华东,支付宝,completed,64,女
ORD005380,蒙牛纯牛奶,食品,食品食品,8153.45,1,8153.45,2024/03/08,华中,信用卡,refunded,61,女
ORD005381,Dell XPS 15,电子产品,电子产品,2860.77,8,22886.16,2024/12/24,西北,信用卡,pending,56,男
ORD005382,宜家书架,家居,家居家居,8441.6,5,42208.0,2025/05/19,华北,信用卡,completed,63,
ORD005383,宜家书架,家居,家居家居,8711.25,2,17422.5,2024/01/18,西南,信用卡,completed,34,男
ORD005384,人类简史,图书,图书图书,7332.06,1,7332.06,2025/01/02,西南,银行卡,refunded,54,
ORD005385,戴森吸尘器,家居,家居家居,537.47,8,4299.76,2025/04/10,华中,微信支付,completed,46,女
ORD005386,三体全集,图书,图书图书,3860.55,7,27023.85,2024/09/11,华东,支付宝,completed,39,
ORD005387,Nike Air Max,服装,服装服装,9587.7,4,38350.8,2024/07/25,华北,信用卡,completed,43,女
ORD005388,iPad Air,电子产品,电子产品,3958.96,10,39589.6,2024/01/24,东北,支付宝,completed,22,
ORD005389,思考快与慢,图书,图书图书,4874.24,6,29245.44,2024/04/27,华北,信用卡,completed,37,男
ORD005390,Zara 西装外套,服装,服装服装,114.29,2,228.58,2025/01/14,华东,支付宝,completed,31,女
ORD005391,戴森吸尘器,家居,家居家居,7316.99,10,73169.9,2024/04/24,华中,支付宝,completed,26,男
ORD005392,Zara 西装外套,服装,服装服装,9041.76,6,54250.56,2025/02/11,西南,微信支付,refunded,36,女
ORD005393,Adidas Ultraboost,服装,服装服装,3059.56,9,27536.04,2024/05/05,东北,银行卡,pending,31,男
ORD005394,优衣库羽绒服,服装,服装服装,7245.2,10,72452.0,2024/05/13,西南,信用卡,completed,60,女
ORD005395,Levi's 501,服装,服装服装,7945.71,6,47674.26,2024/04/17,西南,微信支付,pending,25,男
ORD005396,MacBook Air,电子产品,电子产品,3511.0,6,21066.0,2024/10/19,西北,信用卡,completed,41,男
ORD005397,九阳豆浆机,家居,家居家居,3835.82,2,7671.64,2025/04/28,东北,银行卡,completed,52,
ORD005398,算法导论,图书,图书图书,1830.02,6,10980.12,2024/11/05,华中,信用卡,cancelled,35,女
ORD005399,思考快与慢,图书,图书图书,5422.19,10,54221.9,2024/09/15,华中,支付宝,completed,30,
ORD005400,深入理解计算机系统,图书,图书图书,3014.27,3,9042.81,2024/01/10,华南,银行卡,cancelled,22,
ORD005401,茅台酒,食品,食品食品,1634.8,3,4904.4,2024/05/13,东北,支付宝,completed,19,
ORD005402,算法导论,图书,图书图书,6580.09,5,32900.45,2024/05/05,西南,信用卡,pending,30,男
ORD005403,Dell XPS 15,电子产品,电子产品,5805.89,6,34835.34,2024/10/13,东北,支付宝,completed,62,男
ORD005404,Levi's 501,服装,服装服装,1675.61,8,13404.88,2024/04/25,华东,支付宝,pending,30,女
ORD005405,Kindle Paperwhite,电子产品,电子产品,112.59,1,112.59,2024/11/22,华南,支付宝,completed,56,男
ORD005406,三只松鼠坚果礼盒,食品,食品食品,748.99,7,5242.93,2024/04/01,华东,银行卡,completed,28,女
ORD005407,iPhone 15,电子产品,电子产品,5501.81,4,22007.24,2024/09/28,西北,支付宝,pending,44,
ORD005408,Kindle Paperwhite,电子产品,电子产品,5784.32,1,5784.32,2025/04/14,西南,支付宝,pending,60,
ORD005409,MacBook Air,电子产品,电子产品,219.43,10,2194.3,2025/05/10,华南,支付宝,pending,24,男
ORD005410,三只松鼠坚果礼盒,食品,食品食品,2123.2,8,16985.6,2025/02/13,西北,支付宝,completed,64,女
ORD005411,百威啤酒,食品,食品食品,1377.13,2,2754.26,2024/07/03,东北,信用卡,cancelled,19,女
ORD005412,New Balance 574,服装,服装服装,3602.65,3,10807.95,2024/11/21,华东,银行卡,pending,33,
ORD005413,小米台灯,家居,家居家居,5769.86,6,34619.16,2025/05/03,东北,信用卡,completed,22,
ORD005414,罗技 MX Master 3,电子产品,电子产品,3845.64,9,34610.76,2025/03/06,西南,信用卡,refunded,38,男
ORD005415,人类简史,图书,图书图书,6888.54,7,48219.78,2024/02/18,东北,支付宝,refunded,19,女
ORD005416,罗技 MX Master 3,电子产品,电子产品,3214.04,4,12856.16,2024/11/15,西南,银行卡,refunded,63,男
ORD005417,北面冲锋衣,服装,服装服装,6147.74,9,55329.66,2024/03/19,西南,微信支付,pending,51,
ORD005418,星巴克咖啡豆,食品,食品食品,3692.37,9,33231.33,2024/04/01,华北,银行卡,completed,48,女
ORD005419,小熊加湿器,家居,家居家居,5851.52,8,46812.16,2024/02/16,西北,银行卡,completed,59,
ORD005420,Dell XPS 15,电子产品,电子产品,5651.21,2,11302.42,2024/08/15,华中,信用卡,completed,32,
ORD005421,良品铺子零食包,食品,食品食品,6320.37,2,12640.74,2024/03/04,东北,银行卡,refunded,39,男
ORD005422,Python编程从入门到实践,图书,图书图书,8702.1,8,69616.8,2024/12/23,西南,信用卡,completed,56,男
ORD005423,Kindle Paperwhite,电子产品,电子产品,8537.98,8,68303.84,2025/04/13,华东,银行卡,completed,56,男
ORD005424,Zara 西装外套,服装,服装服装,3306.16,8,26449.28,2024/04/17,西北,信用卡,completed,54,女
ORD005425,百威啤酒,食品,食品食品,559.29,4,2237.16,2024/05/01,西北,银行卡,completed,43,
ORD005426,三体全集,图书,图书图书,8281.94,3,24845.82,2024/08/24,华南,微信支付,completed,34,女
ORD005427,星巴克咖啡豆,食品,食品食品,2119.28,2,4238.56,2025/03/03,华南,银行卡,completed,57,
ORD005428,Sony WH-1000XM5,电子产品,电子产品,5458.81,1,5458.81,2025/03/09,华中,信用卡,refunded,55,男
ORD005429,优衣库羽绒服,服装,服装服装,6042.06,3,18126.18,2025/03/08,华中,银行卡,completed,18,男
ORD005430,百威啤酒,食品,食品食品,2238.27,10,22382.7,2025/04/30,华北,微信支付,pending,20,女
ORD005431,三只松鼠坚果礼盒,食品,食品食品,5699.15,1,5699.15,2024/01/20,华南,银行卡,completed,32,男
ORD005432,Dell XPS 15,电子产品,电子产品,4038.14,8,32305.12,2024/11/10,华北,支付宝,completed,40,女
ORD005433,农夫山泉,食品,食品食品,9913.58,5,49567.9,2025/03/24,华北,支付宝,completed,27,女
ORD005434,蒙牛纯牛奶,食品,食品食品,700.7,10,7007.0,2025/03/13,华北,信用卡,completed,40,男
ORD005435,小米台灯,家居,家居家居,9422.92,9,84806.28,2025/04/13,华南,银行卡,completed,28,
ORD005436,美的电饭煲,家居,家居家居,1760.84,7,12325.88,2024/02/27,华南,信用卡,completed,28,
ORD005437,九阳豆浆机,家居,家居家居,3699.06,8,29592.48,2025/03/13,西南,信用卡,completed,21,
ORD005438,算法导论,图书,图书图书,6690.2,5,33451.0,2024/05/22,东北,支付宝,cancelled,58,男
ORD005439,网易严选床垫,家居,家居家居,4309.46,10,43094.6,2025/01/28,华南,支付宝,completed,18,女
ORD005440,H&M 连衣裙,服装,服装服装,8757.84,1,8757.84,2024/10/08,西南,微信支付,completed,63,女
ORD005441,农夫山泉,食品,食品食品,7709.07,5,38545.35,2024/07/03,西北,支付宝,completed,41,女
ORD005442,美的电饭煲,家居,家居家居,7709.02,5,38545.1,2024/08/13,西南,信用卡,completed,40,女
ORD005443,H&M 连衣裙,服装,服装服装,6575.45,3,19726.35,2025/04/18,西南,支付宝,cancelled,45,
ORD005444,九阳豆浆机,家居,家居家居,2307.65,5,11538.25,2025/04/15,西北,信用卡,completed,36,男
ORD005445,iPad Air,电子产品,电子产品,6006.73,2,12013.46,2024/01/29,华中,信用卡,completed,21,女
ORD005446,H&M 连衣裙,服装,服装服装,2538.7,10,25387.0,2025/04/05,华中,银行卡,completed,63,女
ORD005447,原则,图书,图书图书,1259.62,2,2519.24,2024/11/06,东北,微信支付,pending,52,
ORD005448,小熊加湿器,家居,家居家居,3100.08,2,6200.16,2024/11/29,华中,信用卡,completed,60,
ORD005449,美的电饭煲,家居,家居家居,2857.47,4,11429.88,2024/06/13,华东,银行卡,completed,54,女
ORD005450,三体全集,图书,图书图书,5384.7,8,43077.6,2025/05/20,华南,支付宝,refunded,23,女
ORD005451,思考快与慢,图书,图书图书,9088.52,4,36354.08,2025/02/18,西北,信用卡,pending,50,女
ORD005452,人类简史,图书,图书图书,2149.91,1,2149.91,2024/11/16,华东,支付宝,pending,28,男
ORD005453,Dell XPS 15,电子产品,电子产品,2509.1,3,7527.3,2024/02/08,西南,微信支付,completed,26,
ORD005454,Kindle Paperwhite,电子产品,电子产品,757.45,10,7574.5,2024/09/15,华中,银行卡,pending,58,
ORD005455,小熊加湿器,家居,家居家居,7058.02,9,63522.18,2025/02/09,西南,支付宝,completed,57,男
ORD005456,H&M 连衣裙,服装,服装服装,3241.81,6,19450.86,2025/05/19,华中,信用卡,completed,35,男
ORD005457,H&M 连衣裙,服装,服装服装,6189.49,5,30947.45,2024/10/12,东北,微信支付,pending,62,
ORD005458,iPhone 15,电子产品,电子产品,7210.7,8,57685.6,2024/09/30,西北,信用卡,completed,35,女
ORD005459,Apple Watch,电子产品,电子产品,1995.01,5,9975.05,2024/10/14,东北,微信支付,pending,20,
ORD005460,Dell XPS 15,电子产品,电子产品,128.69,6,772.14,2025/04/11,华东,支付宝,completed,44,
ORD005461,戴森吸尘器,家居,家居家居,2699.79,8,21598.32,2024/04/26,华北,微信支付,pending,22,
ORD005462,H&M 连衣裙,服装,服装服装,838.83,6,5032.98,2024/08/16,西北,支付宝,completed,36,男
ORD005463,Sony WH-1000XM5,电子产品,电子产品,2704.13,2,5408.26,2024/07/02,东北,银行卡,completed,52,
ORD005464,三只松鼠坚果礼盒,食品,食品食品,7889.66,9,71006.94,2025/04/24,华中,信用卡,pending,40,女
ORD005465,思考快与慢,图书,图书图书,7911.23,5,39556.15,2024/04/05,华北,信用卡,pending,56,男
ORD005466,宜家书架,家居,家居家居,1766.94,5,8834.7,2024/07/16,西北,银行卡,completed,51,女
ORD005467,德芙巧克力,食品,食品食品,4028.82,10,40288.2,2024/03/08,华东,支付宝,completed,20,
ORD005468,茅台酒,食品,食品食品,3532.22,2,7064.44,2025/01/29,华东,信用卡,completed,33,女
ORD005469,农夫山泉,食品,食品食品,9596.96,7,67178.72,2024/05/06,华东,信用卡,pending,31,男
ORD005470,三体全集,图书,图书图书,1727.41,2,3454.82,2025/05/21,华东,银行卡,pending,41,女
ORD005471,北面冲锋衣,服装,服装服装,5428.98,3,16286.94,2024/05/23,华中,信用卡,refunded,63,
ORD005472,九阳豆浆机,家居,家居家居,9407.91,4,37631.64,2025/02/11,东北,微信支付,completed,42,女
ORD005473,MacBook Air,电子产品,电子产品,6681.94,4,26727.76,2025/05/16,华北,信用卡,completed,44,女
ORD005474,小熊加湿器,家居,家居家居,2014.94,9,18134.46,2024/04/27,西南,微信支付,completed,46,男
ORD005475,深入理解计算机系统,图书,图书图书,5845.32,2,11690.64,2024/09/14,华北,微信支付,completed,56,
ORD005476,New Balance 574,服装,服装服装,3087.82,9,27790.38,2024/03/22,华南,信用卡,completed,60,女
ORD005477,良品铺子零食包,食品,食品食品,5088.28,10,50882.8,2024/04/30,华北,银行卡,cancelled,58,男
ORD005478,三只松鼠坚果礼盒,食品,食品食品,2274.69,8,18197.52,2024/08/04,华东,微信支付,pending,29,
ORD005479,iPhone 15,电子产品,电子产品,5142.34,5,25711.7,2024/09/28,西北,银行卡,pending,25,女
ORD005480,Python编程从入门到实践,图书,图书图书,1021.04,3,3063.12,2024/07/03,华东,银行卡,pending,55,男
ORD005481,网易严选床垫,家居,家居家居,5143.15,2,10286.3,2025/05/05,华东,支付宝,cancelled,40,女
ORD005482,深入理解计算机系统,图书,图书图书,5843.92,10,58439.2,2024/06/01,东北,银行卡,cancelled,59,男
ORD005483,蒙牛纯牛奶,食品,食品食品,5534.96,4,22139.84,2024/08/26,华中,支付宝,pending,52,
ORD005484,New Balance 574,服装,服装服装,9425.27,1,9425.27,2024/07/26,华北,微信支付,refunded,43,男
ORD005485,New Balance 574,服装,服装服装,3296.82,4,13187.28,2024/11/18,华东,银行卡,completed,61,男
ORD005486,良品铺子零食包,食品,食品食品,8238.25,8,65906.0,2024/04/26,华北,信用卡,pending,58,
ORD005487,三只松鼠坚果礼盒,食品,食品食品,5031.73,10,50317.3,2024/09/12,华南,微信支付,completed,35,男
ORD005488,算法导论,图书,图书图书,6903.6,10,69036.0,2024/05/01,西北,银行卡,completed,57,
ORD005489,iPad Air,电子产品,电子产品,9412.01,1,9412.01,2024/07/31,华南,信用卡,completed,48,女
ORD005490,Python编程从入门到实践,图书,图书图书,169.83,10,1698.3,2025/05/12,西北,信用卡,completed,34,女
ORD005491,小熊加湿器,家居,家居家居,4776.47,4,19105.88,2024/07/06,华南,信用卡,completed,53,
ORD005492,H&M 连衣裙,服装,服装服装,7041.03,3,21123.09,2025/04/15,东北,微信支付,completed,25,女
ORD005493,iPhone 15,电子产品,电子产品,1196.32,9,10766.88,2024/10/04,东北,银行卡,completed,26,
ORD005494,小米台灯,家居,家居家居,1473.78,7,10316.46,2024/10/27,西北,信用卡,completed,53,男
ORD005495,Apple Watch,电子产品,电子产品,6811.29,7,47679.03,2024/06/22,西北,微信支付,completed,46,女
ORD005496,星巴克咖啡豆,食品,食品食品,933.39,4,3733.56,2025/05/23,东北,微信支付,completed,32,女
ORD005497,Nike Air Max,服装,服装服装,9364.72,4,37458.88,2025/05/08,西北,支付宝,cancelled,49,男
ORD005498,深入理解计算机系统,图书,图书图书,1111.17,6,6667.02,2025/04/11,华南,微信支付,completed,40,男
ORD005499,戴森吸尘器,家居,家居家居,3994.0,1,3994.0,2024/01/02,华中,银行卡,pending,39,
ORD005500,美的电饭煲,家居,家居家居,6270.12,10,62701.2,2024/06/14,华北,银行卡,pending,63,男
ORD005501,Dell XPS 15,电子产品,电子产品,9393.1,3,28179.3,2024/02/18,西北,信用卡,completed,22,
ORD005502,北面冲锋衣,服装,服装服装,4051.78,4,16207.12,2025/04/15,华北,微信支付,completed,23,女
ORD005503,小熊加湿器,家居,家居家居,8951.16,1,8951.16,2025/05/12,华中,微信支付,refunded,23,女
ORD005504,罗技 MX Master 3,电子产品,电子产品,6017.32,8,48138.56,2024/06/08,华中,支付宝,completed,26,男
ORD005505,深入理解计算机系统,图书,图书图书,4029.28,10,40292.8,2024/02/29,华中,信用卡,refunded,28,女
ORD005506,Sony WH-1000XM5,电子产品,电子产品,5540.24,8,44321.92,2024/09/17,华中,信用卡,completed,55,女
ORD005507,Levi's 501,服装,服装服装,312.84,4,1251.36,2024/06/18,东北,信用卡,pending,45,
ORD005508,Dell XPS 15,电子产品,电子产品,2117.08,9,19053.72,2025/04/07,华东,微信支付,pending,62,女
ORD005509,Sony WH-1000XM5,电子产品,电子产品,7194.55,5,35972.75,2024/11/02,西南,支付宝,completed,56,男
ORD005510,网易严选床垫,家居,家居家居,4555.98,8,36447.84,2024/01/21,华东,银行卡,pending,42,女
ORD005511,Sony WH-1000XM5,电子产品,电子产品,3545.63,5,17728.15,2024/03/02,西南,微信支付,completed,58,
ORD005512,Adidas Ultraboost,服装,服装服装,4139.76,10,41397.6,2025/02/17,华东,信用卡,completed,57,
ORD005513,Dell XPS 15,电子产品,电子产品,664.46,1,664.46,2024/02/22,华北,银行卡,completed,37,
ORD005514,小熊加湿器,家居,家居家居,4169.84,1,4169.84,2025/01/07,华中,信用卡,completed,28,
ORD005515,AirPods Pro,电子产品,电子产品,9051.09,4,36204.36,2024/12/02,华南,银行卡,pending,62,男
ORD005516,网易严选床垫,家居,家居家居,897.47,2,1794.94,2024/03/04,东北,信用卡,completed,65,男
ORD005517,人类简史,图书,图书图书,3821.46,1,3821.46,2024/07/23,西南,银行卡,pending,26,
ORD005518,原则,图书,图书图书,4416.62,1,4416.62,2025/04/10,华北,支付宝,pending,61,男
ORD005519,百威啤酒,食品,食品食品,4918.6,8,39348.8,2025/05/13,华中,银行卡,completed,19,
ORD005520,宜家书架,家居,家居家居,6717.32,7,47021.24,2025/01/12,西南,支付宝,cancelled,41,男
ORD005521,优衣库羽绒服,服装,服装服装,2572.84,5,12864.2,2024/11/12,华北,信用卡,completed,25,男
ORD005522,New Balance 574,服装,服装服装,965.5,3,2896.5,2024/01/05,华南,微信支付,completed,34,
ORD005523,戴森吸尘器,家居,家居家居,9800.33,2,19600.66,2024/04/28,东北,支付宝,completed,58,
ORD005524,Samsung Galaxy S24,电子产品,电子产品,7301.2,10,73012.0,2024/06/09,华北,银行卡,completed,28,男
ORD005525,深入理解计算机系统,图书,图书图书,3421.68,1,3421.68,2025/05/30,东北,银行卡,completed,47,女
ORD005526,Zara 西装外套,服装,服装服装,5907.0,2,11814.0,2024/08/30,西北,微信支付,completed,21,男
ORD005527,农夫山泉,食品,食品食品,887.84,9,7990.56,2024/12/19,华南,支付宝,completed,61,女
ORD005528,美的电饭煲,家居,家居家居,2491.41,10,24914.1,2024/03/14,华东,信用卡,completed,19,
ORD005529,Levi's 501,服装,服装服装,4673.89,9,42065.01,2024/04/19,华北,支付宝,completed,51,男
ORD005530,星巴克咖啡豆,食品,食品食品,8653.88,3,25961.64,2024/11/23,东北,支付宝,refunded,53,
ORD005531,Dell XPS 15,电子产品,电子产品,7009.22,2,14018.44,2025/02/19,华南,银行卡,pending,25,男
ORD005532,百威啤酒,食品,食品食品,9440.46,1,9440.46,2025/05/14,华东,信用卡,completed,20,女
ORD005533,人类简史,图书,图书图书,16.97,9,152.73,2024/11/05,西北,微信支付,completed,63,女
ORD005534,德芙巧克力,食品,食品食品,412.66,2,825.32,2025/04/03,西南,微信支付,cancelled,25,
ORD005535,戴森吸尘器,家居,家居家居,5792.52,5,28962.6,2024/01/31,华东,信用卡,completed,34,男
ORD005536,Python编程从入门到实践,图书,图书图书,3456.47,5,17282.35,2025/01/01,东北,微信支付,completed,36,
ORD005537,Sony WH-1000XM5,电子产品,电子产品,9258.25,6,55549.5,2024/07/20,东北,支付宝,completed,42,女
ORD005538,Zara 西装外套,服装,服装服装,9369.54,6,56217.24,2025/01/12,华南,信用卡,cancelled,44,女
ORD005539,iPhone 15,电子产品,电子产品,8412.57,8,67300.56,2025/03/01,西北,微信支付,completed,64,男
ORD005540,算法导论,图书,图书图书,6364.33,10,63643.3,2025/02/02,东北,微信支付,pending,40,
ORD005541,三体全集,图书,图书图书,7124.4,9,64119.6,2024/08/05,华东,微信支付,completed,19,女
ORD005542,北面冲锋衣,服装,服装服装,8687.77,8,69502.16,2024/06/06,西南,信用卡,completed,44,
ORD005543,深入理解计算机系统,图书,图书图书,4663.93,5,23319.65,2024/12/25,华北,信用卡,completed,30,女
ORD005544,罗技 MX Master 3,电子产品,电子产品,8620.17,2,17240.34,2024/10/29,东北,信用卡,completed,54,
ORD005545,深入理解计算机系统,图书,图书图书,7990.32,6,47941.92,2025/03/14,华中,信用卡,pending,30,女
ORD005546,蒙牛纯牛奶,食品,食品食品,3342.81,2,6685.62,2025/04/01,西南,支付宝,completed,30,女
ORD005547,农夫山泉,食品,食品食品,4812.65,5,24063.25,2024/10/03,西南,银行卡,completed,54,男
ORD005548,Kindle Paperwhite,电子产品,电子产品,4183.6,1,4183.6,2024/03/05,华北,微信支付,completed,62,女
ORD005549,Kindle Paperwhite,电子产品,电子产品,3879.81,1,3879.81,2024/09/10,华东,银行卡,completed,48,女
ORD005550,三体全集,图书,图书图书,9242.45,1,9242.45,2025/01/14,华北,银行卡,completed,61,女
ORD005551,小熊加湿器,家居,家居家居,6138.06,10,61380.6,2025/05/08,华中,信用卡,completed,62,
ORD005552,茅台酒,食品,食品食品,2294.39,1,2294.39,2024/03/17,华南,银行卡,completed,58,
ORD005553,戴森吸尘器,家居,家居家居,6489.14,5,32445.7,2025/05/04,华南,微信支付,cancelled,39,
ORD005554,H&M 连衣裙,服装,服装服装,6906.3,7,48344.1,2024/01/08,华北,支付宝,completed,54,
ORD005555,茅台酒,食品,食品食品,5031.05,1,5031.05,2024/03/29,华中,微信支付,completed,27,女
ORD005556,三只松鼠坚果礼盒,食品,食品食品,3129.12,5,15645.6,2025/02/28,西南,银行卡,cancelled,25,女
ORD005557,三体全集,图书,图书图书,617.11,7,4319.77,2024/10/01,华中,支付宝,pending,35,男
ORD005558,New Balance 574,服装,服装服装,7582.43,10,75824.3,2024/08/15,华南,微信支付,completed,30,男
ORD005559,Zara 西装外套,服装,服装服装,2621.84,2,5243.68,2024/07/04,华中,信用卡,completed,59,女
ORD005560,德芙巧克力,食品,食品食品,2003.39,8,16027.12,2025/02/27,华北,微信支付,completed,48,男
ORD005561,MacBook Air,电子产品,电子产品,421.52,7,2950.64,2024/09/16,华东,银行卡,completed,49,
ORD005562,农夫山泉,食品,食品食品,1125.43,1,1125.43,2025/03/28,西北,银行卡,refunded,50,女
ORD005563,蒙牛纯牛奶,食品,食品食品,64.9,10,649.0,2024/09/19,华南,支付宝,completed,52,男
ORD005564,三只松鼠坚果礼盒,食品,食品食品,4006.95,10,40069.5,2024/10/30,华中,银行卡,pending,38,女
ORD005565,New Balance 574,服装,服装服装,6802.29,6,40813.74,2024/06/15,东北,信用卡,cancelled,36,女
ORD005566,德芙巧克力,食品,食品食品,1719.14,2,3438.28,2024/06/18,华东,银行卡,pending,38,
ORD005567,Nike Air Max,服装,服装服装,9023.05,10,90230.5,2024/06/01,东北,微信支付,completed,28,女
ORD005568,宜家书架,家居,家居家居,211.53,7,1480.71,2025/05/15,华中,支付宝,completed,33,女
ORD005569,罗技 MX Master 3,电子产品,电子产品,1063.71,10,10637.1,2025/05/26,西北,银行卡,completed,50,女
ORD005570,农夫山泉,食品,食品食品,1404.41,4,5617.64,2024/05/21,华中,信用卡,completed,60,男
ORD005571,iPad Air,电子产品,电子产品,3518.95,1,3518.95,2024/05/07,西北,微信支付,cancelled,63,女
ORD005572,Adidas Ultraboost,服装,服装服装,7503.72,6,45022.32,2024/04/29,华南,信用卡,pending,29,男
ORD005573,原则,图书,图书图书,2791.44,5,13957.2,2024/11/05,东北,银行卡,pending,61,女
ORD005574,优衣库羽绒服,服装,服装服装,4345.0,8,34760.0,2024/04/28,西北,信用卡,completed,57,
ORD005575,iPhone 15,电子产品,电子产品,17.4,3,52.2,2025/01/20,华中,支付宝,completed,60,女
ORD005576,德芙巧克力,食品,食品食品,1982.85,7,13879.95,2024/06/20,西南,银行卡,completed,57,
ORD005577,良品铺子零食包,食品,食品食品,2445.79,5,12228.95,2025/03/28,华东,支付宝,completed,60,
ORD005578,H&M 连衣裙,服装,服装服装,7753.36,3,23260.08,2024/04/02,华南,支付宝,completed,47,女
ORD005579,宜家书架,家居,家居家居,7553.15,3,22659.45,2025/02/01,华东,支付宝,pending,39,男
ORD005580,H&M 连衣裙,服装,服装服装,8103.0,6,48618.0,2024/02/06,华中,信用卡,completed,25,
ORD005581,Python编程从入门到实践,图书,图书图书,6705.08,7,46935.56,2025/04/17,华东,银行卡,completed,23,女
ORD005582,Zara 西装外套,服装,服装服装,9440.81,4,37763.24,2024/01/25,华北,银行卡,completed,43,男
ORD005583,三只松鼠坚果礼盒,食品,食品食品,3699.47,6,22196.82,2024/11/03,华北,支付宝,completed,37,男
ORD005584,三体全集,图书,图书图书,9022.4,6,54134.4,2024/01/18,华东,微信支付,completed,64,男
ORD005585,星巴克咖啡豆,食品,食品食品,1344.9,7,9414.3,2024/04/09,华南,银行卡,pending,55,男
ORD005586,宜家书架,家居,家居家居,5638.37,5,28191.85,2025/02/19,西南,支付宝,refunded,24,男
ORD005587,网易严选床垫,家居,家居家居,5285.38,2,10570.76,2024/05/26,西南,银行卡,completed,58,女
ORD005588,iPhone 15,电子产品,电子产品,6322.59,8,50580.72,2024/09/11,华南,微信支付,completed,59,男
ORD005589,美的电饭煲,家居,家居家居,3904.74,4,15618.96,2024/06/22,华南,信用卡,pending,27,
ORD005590,星巴克咖啡豆,食品,食品食品,4263.09,6,25578.54,2024/07/18,华北,信用卡,completed,23,
ORD005591,Adidas Ultraboost,服装,服装服装,2271.05,8,18168.4,2024/12/31,东北,银行卡,pending,22,男
ORD005592,星巴克咖啡豆,食品,食品食品,189.46,9,1705.14,2025/05/23,华东,信用卡,pending,45,男
ORD005593,算法导论,图书,图书图书,3178.88,6,19073.28,2024/12/29,东北,支付宝,refunded,19,
ORD005594,Nike Air Max,服装,服装服装,6334.34,2,12668.68,2024/06/01,华北,银行卡,cancelled,47,
ORD005595,罗技 MX Master 3,电子产品,电子产品,4091.77,6,24550.62,2024/06/14,华北,信用卡,pending,47,男
ORD005596,AirPods Pro,电子产品,电子产品,801.83,8,6414.64,2024/01/09,华东,微信支付,refunded,53,
ORD005597,三只松鼠坚果礼盒,食品,食品食品,2587.05,1,2587.05,2024/05/18,华南,支付宝,pending,38,男
ORD005598,Adidas Ultraboost,服装,服装服装,1736.84,4,6947.36,2024/04/24,西南,信用卡,completed,51,女
ORD005599,深入理解计算机系统,图书,图书图书,5815.58,3,17446.74,2025/03/17,华北,银行卡,cancelled,36,女
ORD005600,罗技 MX Master 3,电子产品,电子产品,5125.38,8,41003.04,2025/01/20,华北,支付宝,completed,53,
ORD005601,九阳豆浆机,家居,家居家居,6229.59,1,6229.59,2024/04/03,东北,银行卡,refunded,30,
ORD005602,小米台灯,家居,家居家居,9493.92,4,37975.68,2025/01/26,华东,银行卡,pending,64,男
ORD005603,小米台灯,家居,家居家居,9844.66,5,49223.3,2024/10/12,华东,信用卡,completed,54,
ORD005604,MacBook Air,电子产品,电子产品,1858.7,2,3717.4,2025/05/28,华北,微信支付,cancelled,50,女
ORD005605,Sony WH-1000XM5,电子产品,电子产品,6778.75,8,54230.0,2024/09/14,华中,微信支付,completed,63,
ORD005606,Dell XPS 15,电子产品,电子产品,8447.98,2,16895.96,2024/11/08,华中,微信支付,completed,27,
ORD005607,农夫山泉,食品,食品食品,5139.28,1,5139.28,2025/04/25,华东,微信支付,completed,59,
ORD005608,算法导论,图书,图书图书,3449.82,2,6899.64,2024/10/27,华南,银行卡,completed,37,女
ORD005609,iPhone 15,电子产品,电子产品,4034.33,4,16137.32,2025/01/24,华东,银行卡,completed,22,女
ORD005610,Zara 西装外套,服装,服装服装,1520.24,2,3040.48,2025/03/13,华东,信用卡,completed,21,
ORD005611,iPhone 15,电子产品,电子产品,840.91,4,3363.64,2024/07/08,华东,微信支付,completed,53,女
ORD005612,思考快与慢,图书,图书图书,1788.73,6,10732.38,2025/01/06,西南,支付宝,refunded,34,
ORD005613,三只松鼠坚果礼盒,食品,食品食品,216.19,10,2161.9,2024/04/28,华南,银行卡,cancelled,43,男
ORD005614,Levi's 501,服装,服装服装,4018.32,1,4018.32,2024/11/01,西南,银行卡,pending,45,
ORD005615,优衣库羽绒服,服装,服装服装,5265.72,5,26328.6,2024/02/19,西南,微信支付,completed,52,男
ORD005616,农夫山泉,食品,食品食品,7206.99,3,21620.97,2025/05/29,华北,微信支付,completed,29,
ORD005617,三体全集,图书,图书图书,8385.98,5,41929.9,2024/11/15,西北,支付宝,pending,22,
ORD005618,罗技 MX Master 3,电子产品,电子产品,9403.57,3,28210.71,2025/01/02,华南,微信支付,refunded,58,
ORD005619,H&M 连衣裙,服装,服装服装,624.23,2,1248.46,2024/04/13,华南,支付宝,refunded,59,男
ORD005620,Apple Watch,电子产品,电子产品,3822.17,10,38221.7,2024/10/02,西南,支付宝,cancelled,39,男
ORD005621,三体全集,图书,图书图书,3750.79,8,30006.32,2024/06/07,西南,信用卡,pending,19,女
ORD005622,九阳豆浆机,家居,家居家居,9571.52,1,9571.52,2024/07/14,华中,信用卡,completed,38,女
ORD005623,农夫山泉,食品,食品食品,3655.91,4,14623.64,2024/03/15,华东,银行卡,completed,20,女
ORD005624,Python编程从入门到实践,图书,图书图书,4279.45,4,17117.8,2025/03/28,西北,银行卡,completed,40,
ORD005625,优衣库羽绒服,服装,服装服装,8869.93,8,70959.44,2024/03/20,华南,支付宝,completed,35,男
ORD005626,iPad Air,电子产品,电子产品,3804.49,10,38044.9,2024/09/30,华南,支付宝,completed,45,
ORD005627,MacBook Air,电子产品,电子产品,2046.56,9,18419.04,2024/05/15,华北,支付宝,refunded,36,女
ORD005628,深入理解计算机系统,图书,图书图书,5228.23,7,36597.61,2024/09/07,东北,微信支付,completed,65,女
ORD005629,宜家书架,家居,家居家居,3236.84,4,12947.36,2025/04/29,华东,银行卡,completed,35,女
ORD005630,深入理解计算机系统,图书,图书图书,5752.41,10,57524.1,2024/12/01,西南,支付宝,refunded,31,男
ORD005631,算法导论,图书,图书图书,5111.07,2,10222.14,2024/09/03,华北,信用卡,completed,28,男
ORD005632,良品铺子零食包,食品,食品食品,9197.79,1,9197.79,2025/03/11,华中,银行卡,completed,40,女
ORD005633,Nike Air Max,服装,服装服装,1179.1,5,5895.5,2024/05/17,华北,支付宝,completed,61,男
ORD005634,深入理解计算机系统,图书,图书图书,8726.8,7,61087.6,2024/02/20,华南,支付宝,completed,34,女
ORD005635,良品铺子零食包,食品,食品食品,9352.15,7,65465.05,2024/09/07,西北,银行卡,refunded,30,女
ORD005636,美的电饭煲,家居,家居家居,4084.29,7,28590.03,2025/04/17,华中,支付宝,completed,52,女
ORD005637,网易严选床垫,家居,家居家居,9517.35,5,47586.75,2024/03/01,西北,银行卡,completed,22,
ORD005638,iPad Air,电子产品,电子产品,2780.45,6,16682.7,2024/11/01,华东,支付宝,completed,48,
ORD005639,H&M 连衣裙,服装,服装服装,2592.65,2,5185.3,2024/08/09,东北,信用卡,completed,29,
ORD005640,Zara 西装外套,服装,服装服装,3047.53,5,15237.65,2024/11/02,东北,微信支付,completed,62,男
ORD005641,德芙巧克力,食品,食品食品,5785.87,8,46286.96,2025/03/16,东北,信用卡,completed,31,男
ORD005642,三只松鼠坚果礼盒,食品,食品食品,4444.03,2,8888.06,2025/05/13,西南,微信支付,completed,23,男
ORD005643,三体全集,图书,图书图书,5226.15,6,31356.9,2024/11/26,华中,信用卡,completed,56,
ORD005644,宜家书架,家居,家居家居,3379.28,10,33792.8,2025/04/11,华中,微信支付,completed,62,
ORD005645,三体全集,图书,图书图书,72.75,8,582.0,2025/01/05,华北,信用卡,pending,20,男
ORD005646,Samsung Galaxy S24,电子产品,电子产品,2508.25,6,15049.5,2024/07/22,华北,支付宝,completed,40,女
ORD005647,九阳豆浆机,家居,家居家居,940.15,4,3760.6,2024/04/20,东北,微信支付,completed,55,男
ORD005648,Dell XPS 15,电子产品,电子产品,8635.91,4,34543.64,2025/04/17,西北,信用卡,pending,49,男
ORD005649,北面冲锋衣,服装,服装服装,2597.0,6,15582.0,2025/03/22,东北,支付宝,completed,57,
ORD005650,小米台灯,家居,家居家居,9689.45,5,48447.25,2024/10/08,西南,银行卡,pending,39,
ORD005651,美的电饭煲,家居,家居家居,1579.62,4,6318.48,2024/08/29,东北,微信支付,pending,59,男
ORD005652,美的电饭煲,家居,家居家居,2688.46,1,2688.46,2024/06/18,华南,微信支付,refunded,35,
ORD005653,农夫山泉,食品,食品食品,3687.08,1,3687.08,2025/04/05,华东,银行卡,pending,60,女
ORD005654,Sony WH-1000XM5,电子产品,电子产品,8749.69,7,61247.83,2025/02/05,华东,支付宝,completed,48,
ORD005655,戴森吸尘器,家居,家居家居,4960.93,3,14882.79,2025/06/01,西北,支付宝,completed,28,
ORD005656,Python编程从入门到实践,图书,图书图书,3041.09,8,24328.72,2025/03/13,华东,信用卡,completed,49,
ORD005657,农夫山泉,食品,食品食品,5694.86,7,39864.02,2024/08/19,华南,信用卡,completed,62,男
ORD005658,人类简史,图书,图书图书,6724.52,2,13449.04,2024/05/21,华中,银行卡,completed,57,
ORD005659,三只松鼠坚果礼盒,食品,食品食品,3769.93,3,11309.79,2025/03/01,华北,银行卡,pending,40,
ORD005660,算法导论,图书,图书图书,3452.3,6,20713.8,2024/01/03,华中,信用卡,completed,48,女
ORD005661,原则,图书,图书图书,1616.09,4,6464.36,2024/06/14,华北,信用卡,completed,48,女
ORD005662,Samsung Galaxy S24,电子产品,电子产品,6243.85,1,6243.85,2025/01/15,华北,银行卡,completed,59,女
ORD005663,三体全集,图书,图书图书,9000.62,8,72004.96,2024/03/10,华南,支付宝,pending,47,
ORD005664,原则,图书,图书图书,5365.31,9,48287.79,2024/01/17,华北,信用卡,cancelled,62,男
ORD005665,茅台酒,食品,食品食品,6872.97,9,61856.73,2024/10/13,华东,微信支付,refunded,33,女
ORD005666,宜家书架,家居,家居家居,4320.74,10,43207.4,2025/02/23,西北,支付宝,completed,50,男
ORD005667,良品铺子零食包,食品,食品食品,5936.69,4,23746.76,2024/11/09,华北,信用卡,cancelled,37,男
ORD005668,Samsung Galaxy S24,电子产品,电子产品,1399.65,1,1399.65,2024/01/05,华东,银行卡,pending,24,
ORD005669,Adidas Ultraboost,服装,服装服装,1493.29,10,14932.9,2024/01/31,东北,信用卡,completed,56,女
ORD005670,美的电饭煲,家居,家居家居,2584.23,9,23258.07,2024/04/24,东北,支付宝,completed,20,男
ORD005671,美的电饭煲,家居,家居家居,178.24,4,712.96,2024/01/01,华北,信用卡,completed,40,男
ORD005672,深入理解计算机系统,图书,图书图书,397.87,6,2387.22,2024/02/20,西北,微信支付,completed,59,
ORD005673,Python编程从入门到实践,图书,图书图书,3528.08,10,35280.8,2024/05/02,华中,信用卡,completed,43,男
ORD005674,三体全集,图书,图书图书,6700.91,8,53607.28,2024/08/02,华中,微信支付,completed,38,女
ORD005675,Kindle Paperwhite,电子产品,电子产品,8091.58,1,8091.58,2024/03/19,西北,微信支付,completed,61,女
ORD005676,农夫山泉,食品,食品食品,8942.59,6,53655.54,2024/10/27,华北,支付宝,pending,30,男
ORD005677,Nike Air Max,服装,服装服装,5055.89,1,5055.89,2024/10/14,华中,支付宝,completed,37,男
ORD005678,Dell XPS 15,电子产品,电子产品,2494.05,6,14964.3,2024/12/26,华中,微信支付,completed,55,男
ORD005679,三体全集,图书,图书图书,6782.96,2,13565.92,2025/01/28,华东,银行卡,completed,40,
ORD005680,农夫山泉,食品,食品食品,9945.69,3,29837.07,2024/12/06,西南,微信支付,refunded,65,男
ORD005681,New Balance 574,服装,服装服装,969.09,4,3876.36,2024/03/31,华南,支付宝,completed,39,女
ORD005682,九阳豆浆机,家居,家居家居,1831.82,3,5495.46,2024/12/05,华北,银行卡,completed,59,
ORD005683,Zara 西装外套,服装,服装服装,4530.46,4,18121.84,2024/02/24,华中,信用卡,cancelled,32,
ORD005684,罗技 MX Master 3,电子产品,电子产品,4740.95,6,28445.7,2024/01/24,华北,支付宝,pending,59,男
ORD005685,New Balance 574,服装,服装服装,7991.44,6,47948.64,2024/11/21,华中,银行卡,cancelled,29,男
ORD005686,Adidas Ultraboost,服装,服装服装,9013.87,3,27041.61,2024/02/03,东北,支付宝,cancelled,53,男
ORD005687,人类简史,图书,图书图书,9201.78,5,46008.9,2025/03/28,华北,银行卡,cancelled,52,女
ORD005688,Kindle Paperwhite,电子产品,电子产品,7929.21,7,55504.47,2025/01/04,华中,微信支付,cancelled,47,
ORD005689,深入理解计算机系统,图书,图书图书,2318.94,6,13913.64,2024/08/28,华北,微信支付,completed,46,
ORD005690,三只松鼠坚果礼盒,食品,食品食品,8891.28,4,35565.12,2024/09/02,西南,信用卡,cancelled,37,
ORD005691,三只松鼠坚果礼盒,食品,食品食品,1578.37,6,9470.22,2024/09/19,华中,信用卡,pending,54,女
ORD005692,三体全集,图书,图书图书,2034.84,3,6104.52,2024/07/20,华中,银行卡,cancelled,61,
ORD005693,Adidas Ultraboost,服装,服装服装,3294.55,3,9883.65,2024/10/08,西北,信用卡,completed,28,
ORD005694,深入理解计算机系统,图书,图书图书,2231.93,7,15623.51,2024/08/11,西南,微信支付,completed,57,
ORD005695,网易严选床垫,家居,家居家居,3329.76,8,26638.08,2024/08/14,西南,信用卡,completed,42,
ORD005696,美的电饭煲,家居,家居家居,5260.38,2,10520.76,2024/10/22,西南,支付宝,refunded,55,男
ORD005697,H&M 连衣裙,服装,服装服装,5335.87,6,32015.22,2024/01/26,华中,银行卡,completed,45,
ORD005698,北面冲锋衣,服装,服装服装,8405.69,2,16811.38,2024/10/26,华北,银行卡,completed,60,女
ORD005699,人类简史,图书,图书图书,2437.31,8,19498.48,2025/02/02,东北,银行卡,completed,26,男
ORD005700,Levi's 501,服装,服装服装,2692.98,8,21543.84,2025/01/08,西北,信用卡,completed,57,女
ORD005701,优衣库羽绒服,服装,服装服装,5240.99,2,10481.98,2025/03/05,华中,信用卡,cancelled,64,女
ORD005702,百威啤酒,食品,食品食品,329.89,1,329.89,2024/12/05,西南,微信支付,completed,37,
ORD005703,网易严选床垫,家居,家居家居,7234.21,8,57873.68,2024/07/06,西北,微信支付,completed,34,男
ORD005704,Kindle Paperwhite,电子产品,电子产品,7989.96,7,55929.72,2024/01/20,华南,信用卡,completed,59,
ORD005705,Sony WH-1000XM5,电子产品,电子产品,2664.79,8,21318.32,2024/04/07,华东,信用卡,pending,40,女
ORD005706,MacBook Air,电子产品,电子产品,4107.49,5,20537.45,2024/11/28,华中,银行卡,pending,41,男
ORD005707,星巴克咖啡豆,食品,食品食品,9685.83,3,29057.49,2025/01/17,华东,微信支付,completed,46,女
ORD005708,三体全集,图书,图书图书,9976.97,9,89792.73,2025/01/08,华中,信用卡,completed,46,
ORD005709,Dell XPS 15,电子产品,电子产品,1002.6,7,7018.2,2025/01/05,西南,支付宝,pending,56,男
ORD005710,Apple Watch,电子产品,电子产品,5356.64,8,42853.12,2024/06/25,西南,信用卡,completed,28,女
ORD005711,优衣库羽绒服,服装,服装服装,1032.46,4,4129.84,2024/04/20,东北,微信支付,refunded,24,男
ORD005712,Adidas Ultraboost,服装,服装服装,4922.67,3,14768.01,2024/01/12,华东,支付宝,completed,45,男
ORD005713,三只松鼠坚果礼盒,食品,食品食品,6084.61,7,42592.27,2024/08/06,华北,信用卡,completed,59,女
ORD005714,New Balance 574,服装,服装服装,5893.96,9,53045.64,2025/01/07,华北,银行卡,completed,32,
ORD005715,Sony WH-1000XM5,电子产品,电子产品,3780.3,2,7560.6,2024/11/25,西南,微信支付,completed,55,女
ORD005716,MacBook Air,电子产品,电子产品,919.27,6,5515.62,2024/01/27,西北,信用卡,completed,45,
ORD005717,良品铺子零食包,食品,食品食品,205.91,5,1029.55,2025/04/27,华中,微信支付,completed,44,
ORD005718,星巴克咖啡豆,食品,食品食品,2046.54,5,10232.7,2024/02/20,华北,支付宝,completed,36,女
ORD005719,星巴克咖啡豆,食品,食品食品,6642.79,5,33213.95,2024/05/02,西北,支付宝,completed,59,
ORD005720,宜家书架,家居,家居家居,2517.04,9,22653.36,2024/10/23,东北,信用卡,pending,28,
ORD005721,AirPods Pro,电子产品,电子产品,8838.81,4,35355.24,2024/03/09,东北,信用卡,cancelled,44,
ORD005722,原则,图书,图书图书,564.54,6,3387.24,2025/01/16,华南,微信支付,completed,22,女
ORD005723,iPad Air,电子产品,电子产品,6373.71,9,57363.39,2025/03/14,华中,银行卡,completed,27,
ORD005724,iPhone 15,电子产品,电子产品,1224.46,10,12244.6,2024/12/15,华中,微信支付,completed,33,男
ORD005725,良品铺子零食包,食品,食品食品,2093.62,8,16748.96,2024/03/26,西南,微信支付,refunded,38,
ORD005726,戴森吸尘器,家居,家居家居,4598.94,1,4598.94,2024/06/27,华中,银行卡,completed,50,
ORD005727,德芙巧克力,食品,食品食品,213.41,2,426.82,2024/10/28,西北,支付宝,refunded,25,女
ORD005728,三只松鼠坚果礼盒,食品,食品食品,4875.42,1,4875.42,2025/01/26,西南,微信支付,completed,42,男
ORD005729,三体全集,图书,图书图书,3451.91,4,13807.64,2024/04/13,华东,微信支付,refunded,60,男
ORD005730,原则,图书,图书图书,4531.14,6,27186.84,2024/12/28,东北,支付宝,completed,27,男
ORD005731,原则,图书,图书图书,1915.9,8,15327.2,2025/04/09,东北,支付宝,completed,38,
ORD005732,九阳豆浆机,家居,家居家居,7871.23,5,39356.15,2025/03/03,西南,微信支付,completed,48,男
ORD005733,三体全集,图书,图书图书,7536.46,8,60291.68,2024/09/07,华中,信用卡,completed,65,
ORD005734,美的电饭煲,家居,家居家居,2870.13,9,25831.17,2024/09/14,西南,支付宝,completed,40,
ORD005735,New Balance 574,服装,服装服装,3855.41,2,7710.82,2024/03/10,西北,银行卡,refunded,30,女
ORD005736,Zara 西装外套,服装,服装服装,719.99,2,1439.98,2024/04/29,西南,银行卡,pending,26,
ORD005737,New Balance 574,服装,服装服装,3819.93,1,3819.93,2024/03/19,华南,信用卡,completed,59,男
ORD005738,茅台酒,食品,食品食品,2106.47,8,16851.76,2024/02/06,华北,微信支付,refunded,27,女
ORD005739,AirPods Pro,电子产品,电子产品,1660.63,1,1660.63,2024/10/04,西南,信用卡,completed,41,男
ORD005740,百威啤酒,食品,食品食品,5977.45,9,53797.05,2024/12/28,华南,信用卡,completed,19,
ORD005741,百威啤酒,食品,食品食品,4467.11,5,22335.55,2024/02/26,华东,信用卡,pending,27,
ORD005742,星巴克咖啡豆,食品,食品食品,5913.6,10,59136.0,2024/12/19,华北,银行卡,completed,62,女
ORD005743,iPad Air,电子产品,电子产品,6400.99,5,32004.95,2024/06/18,西北,微信支付,completed,30,男
ORD005744,优衣库羽绒服,服装,服装服装,8317.58,2,16635.16,2025/02/16,东北,银行卡,completed,41,
ORD005745,优衣库羽绒服,服装,服装服装,7870.15,10,78701.5,2025/05/27,华中,微信支付,completed,42,女
ORD005746,原则,图书,图书图书,815.98,4,3263.92,2024/09/22,华北,微信支付,completed,39,男
ORD005747,茅台酒,食品,食品食品,2037.36,7,14261.52,2025/04/18,华东,微信支付,completed,62,男
ORD005748,三体全集,图书,图书图书,1548.81,9,13939.29,2024/08/20,华北,支付宝,cancelled,44,女
ORD005749,MacBook Air,电子产品,电子产品,989.98,6,5939.88,2025/01/03,华中,银行卡,completed,22,男
ORD005750,Kindle Paperwhite,电子产品,电子产品,9400.11,10,94001.1,2024/02/28,华北,支付宝,pending,40,女
ORD005751,New Balance 574,服装,服装服装,1261.4,5,6307.0,2024/03/23,华北,信用卡,completed,55,女
ORD005752,良品铺子零食包,食品,食品食品,1285.35,5,6426.75,2025/03/16,华中,信用卡,cancelled,20,
ORD005753,H&M 连衣裙,服装,服装服装,6408.75,7,44861.25,2024/09/17,东北,银行卡,completed,55,
ORD005754,美的电饭煲,家居,家居家居,7686.52,9,69178.68,2024/09/16,西南,银行卡,completed,41,
ORD005755,茅台酒,食品,食品食品,3400.43,7,23803.01,2024/09/25,华中,支付宝,pending,54,男
ORD005756,H&M 连衣裙,服装,服装服装,818.25,3,2454.75,2025/01/15,华北,信用卡,completed,32,
ORD005757,Dell XPS 15,电子产品,电子产品,2828.75,3,8486.25,2024/04/20,东北,信用卡,pending,50,
ORD005758,AirPods Pro,电子产品,电子产品,9083.19,6,54499.14,2024/10/23,华中,信用卡,refunded,65,男
ORD005759,农夫山泉,食品,食品食品,4533.34,4,18133.36,2025/05/12,华南,银行卡,pending,30,女
ORD005760,MacBook Air,电子产品,电子产品,3378.28,10,33782.8,2025/05/24,华南,银行卡,completed,49,
ORD005761,九阳豆浆机,家居,家居家居,4937.26,7,34560.82,2024/01/01,华南,银行卡,completed,44,男
ORD005762,Nike Air Max,服装,服装服装,829.26,5,4146.3,2025/02/01,西北,微信支付,pending,26,女
ORD005763,茅台酒,食品,食品食品,7629.47,9,68665.23,2024/11/19,华中,银行卡,completed,31,
ORD005764,蒙牛纯牛奶,食品,食品食品,6316.8,9,56851.2,2024/09/30,西北,银行卡,completed,22,
ORD005765,算法导论,图书,图书图书,7745.72,5,38728.6,2024/01/05,西南,微信支付,refunded,54,男
ORD005766,优衣库羽绒服,服装,服装服装,5431.84,2,10863.68,2024/03/03,华中,微信支付,completed,24,男
ORD005767,北面冲锋衣,服装,服装服装,7676.62,3,23029.86,2025/02/24,西北,银行卡,completed,64,
ORD005768,Samsung Galaxy S24,电子产品,电子产品,4432.34,6,26594.04,2024/10/15,东北,银行卡,cancelled,47,男
ORD005769,小熊加湿器,家居,家居家居,4533.46,9,40801.14,2024/08/31,西北,微信支付,completed,28,女
ORD005770,Python编程从入门到实践,图书,图书图书,1445.13,10,14451.3,2024/02/27,华南,支付宝,completed,37,
ORD005771,Dell XPS 15,电子产品,电子产品,5186.41,10,51864.1,2025/03/28,西南,支付宝,completed,45,
ORD005772,网易严选床垫,家居,家居家居,3326.83,9,29941.47,2024/04/18,华南,微信支付,completed,35,男
ORD005773,思考快与慢,图书,图书图书,2070.01,10,20700.1,2024/12/07,西北,信用卡,pending,45,女
ORD005774,思考快与慢,图书,图书图书,7098.94,9,63890.46,2024/07/29,华北,银行卡,completed,23,
ORD005775,Sony WH-1000XM5,电子产品,电子产品,6997.55,4,27990.2,2025/02/07,华南,信用卡,completed,49,女
ORD005776,罗技 MX Master 3,电子产品,电子产品,7144.76,2,14289.52,2025/05/05,东北,微信支付,completed,35,女
ORD005777,Dell XPS 15,电子产品,电子产品,7709.04,10,77090.4,2024/12/13,西南,信用卡,completed,54,
ORD005778,小熊加湿器,家居,家居家居,6857.55,7,48002.85,2024/11/06,华东,微信支付,completed,47,
ORD005779,北面冲锋衣,服装,服装服装,2544.63,5,12723.15,2024/12/17,华中,微信支付,completed,34,女
ORD005780,深入理解计算机系统,图书,图书图书,5323.51,5,26617.55,2025/03/29,华中,银行卡,pending,53,女
ORD005781,蒙牛纯牛奶,食品,食品食品,623.71,3,1871.13,2024/06/07,西南,微信支付,pending,22,女
ORD005782,iPhone 15,电子产品,电子产品,6253.11,9,56277.99,2024/11/23,西北,信用卡,pending,21,女
ORD005783,H&M 连衣裙,服装,服装服装,2625.46,9,23629.14,2025/05/16,华北,支付宝,completed,37,男
ORD005784,Nike Air Max,服装,服装服装,9733.46,10,97334.6,2024/12/10,西南,信用卡,completed,34,男
ORD005785,Nike Air Max,服装,服装服装,3768.97,9,33920.73,2024/11/25,华东,支付宝,completed,61,男
ORD005786,AirPods Pro,电子产品,电子产品,7971.62,8,63772.96,2024/11/28,东北,银行卡,completed,63,
ORD005787,美的电饭煲,家居,家居家居,1241.43,8,9931.44,2025/04/16,东北,微信支付,pending,24,男
ORD005788,H&M 连衣裙,服装,服装服装,7043.87,5,35219.35,2024/12/31,华中,微信支付,pending,20,
ORD005789,北面冲锋衣,服装,服装服装,7169.69,3,21509.07,2024/05/12,西南,支付宝,completed,22,男
ORD005790,小熊加湿器,家居,家居家居,9804.67,9,88242.03,2025/02/01,西北,微信支付,completed,46,女
ORD005791,Adidas Ultraboost,服装,服装服装,4413.89,3,13241.67,2024/11/07,华南,银行卡,pending,62,男
ORD005792,思考快与慢,图书,图书图书,9068.79,6,54412.74,2025/05/06,西北,银行卡,completed,29,女
ORD005793,Python编程从入门到实践,图书,图书图书,2055.44,4,8221.76,2024/12/29,华中,微信支付,completed,42,
ORD005794,MacBook Air,电子产品,电子产品,-4369.96,3,-13109.88,2024/03/05,西北,信用卡,completed,56,男
ORD005795,Sony WH-1000XM5,电子产品,电子产品,2162.16,4,8648.64,2024/07/16,东北,微信支付,completed,31,
ORD005796,iPad Air,电子产品,电子产品,8674.31,7,60720.17,2024/07/24,华北,支付宝,completed,49,男
ORD005797,思考快与慢,图书,图书图书,153.17,4,612.68,2024/03/30,华南,微信支付,pending,18,女
ORD005798,百威啤酒,食品,食品食品,3343.61,10,33436.1,2024/06/18,华中,银行卡,pending,19,女
ORD005799,Kindle Paperwhite,电子产品,电子产品,3427.03,10,34270.3,2024/03/17,东北,支付宝,cancelled,56,
ORD005800,美的电饭煲,家居,家居家居,9968.33,3,29904.99,2024/02/19,华中,支付宝,pending,30,女
ORD005801,算法导论,图书,图书图书,7389.81,3,22169.43,2025/01/31,华南,银行卡,refunded,57,
ORD005802,百威啤酒,食品,食品食品,3845.34,10,38453.4,2024/12/17,华中,支付宝,refunded,37,女
ORD005803,Adidas Ultraboost,服装,服装服装,3189.42,6,19136.52,2024/05/27,华中,微信支付,pending,22,女
ORD005804,Nike Air Max,服装,服装服装,1097.79,9,9880.11,2024/08/17,华南,微信支付,completed,64,男
ORD005805,农夫山泉,食品,食品食品,440.44,3,1321.32,2024/09/23,西北,信用卡,completed,42,
ORD005806,小熊加湿器,家居,家居家居,7818.41,4,31273.64,2024/02/14,东北,支付宝,completed,27,
ORD005807,人类简史,图书,图书图书,8934.71,8,71477.68,2024/02/13,东北,银行卡,completed,42,
ORD005808,罗技 MX Master 3,电子产品,电子产品,5649.84,5,28249.2,2024/10/22,华中,支付宝,refunded,64,女
ORD005809,Zara 西装外套,服装,服装服装,1803.51,1,1803.51,2025/03/02,华南,信用卡,pending,55,
ORD005810,Apple Watch,电子产品,电子产品,9267.97,8,74143.76,2025/03/02,东北,银行卡,completed,50,
ORD005811,小熊加湿器,家居,家居家居,3632.63,1,3632.63,2024/08/17,华中,微信支付,completed,56,男
ORD005812,戴森吸尘器,家居,家居家居,104.61,4,418.44,2024/12/02,西南,银行卡,completed,57,
ORD005813,德芙巧克力,食品,食品食品,4058.06,6,24348.36,2025/01/03,西南,银行卡,completed,40,
ORD005814,优衣库羽绒服,服装,服装服装,6047.41,5,30237.05,2024/11/23,华东,微信支付,completed,18,男
ORD005815,人类简史,图书,图书图书,9472.26,8,75778.08,2024/05/02,华中,信用卡,completed,61,男
ORD005816,Adidas Ultraboost,服装,服装服装,2025.21,8,16201.68,2025/04/11,华南,微信支付,cancelled,62,
ORD005817,三只松鼠坚果礼盒,食品,食品食品,3859.91,3,11579.73,2024/11/19,西南,信用卡,completed,44,男
ORD005818,New Balance 574,服装,服装服装,4285.81,9,38572.29,2024/04/29,华东,支付宝,completed,33,男
ORD005819,New Balance 574,服装,服装服装,7758.44,2,15516.88,2024/12/11,西北,银行卡,completed,36,
ORD005820,小熊加湿器,家居,家居家居,3393.03,5,16965.15,2024/03/22,华北,微信支付,refunded,64,男
ORD005821,MacBook Air,电子产品,电子产品,3062.16,5,15310.8,2024/11/27,西北,支付宝,cancelled,56,男
ORD005822,Python编程从入门到实践,图书,图书图书,3794.93,5,18974.65,2025/05/25,华东,支付宝,completed,18,
ORD005823,Apple Watch,电子产品,电子产品,1607.94,7,11255.58,2024/11/08,华东,银行卡,pending,58,女
ORD005824,网易严选床垫,家居,家居家居,5065.25,5,25326.25,2025/03/13,华北,支付宝,completed,65,男
ORD005825,iPad Air,电子产品,电子产品,5820.14,10,58201.4,2024/03/18,华北,信用卡,pending,20,
ORD005826,Adidas Ultraboost,服装,服装服装,4550.1,7,31850.7,2024/03/18,东北,银行卡,pending,45,男
ORD005827,思考快与慢,图书,图书图书,6067.68,6,36406.08,2025/05/30,西北,信用卡,completed,59,女
ORD005828,Zara 西装外套,服装,服装服装,8329.48,4,33317.92,2025/04/07,华南,信用卡,pending,44,男
ORD005829,百威啤酒,食品,食品食品,3036.22,8,24289.76,2024/01/05,西南,银行卡,completed,31,男
ORD005830,戴森吸尘器,家居,家居家居,9050.55,4,36202.2,2024/01/18,华中,微信支付,completed,46,
ORD005831,百威啤酒,食品,食品食品,2164.52,10,21645.2,2024/05/24,东北,银行卡,completed,61,女
ORD005832,美的电饭煲,家居,家居家居,7944.28,9,71498.52,2024/10/22,华南,支付宝,completed,48,男
ORD005833,思考快与慢,图书,图书图书,2477.05,10,24770.5,2024/12/21,华中,银行卡,pending,36,女
ORD005834,百威啤酒,食品,食品食品,7013.74,6,42082.44,2024/01/29,华中,信用卡,refunded,19,
ORD005835,AirPods Pro,电子产品,电子产品,6005.42,2,12010.84,2024/03/30,华北,支付宝,completed,23,
ORD005836,星巴克咖啡豆,食品,食品食品,4713.07,10,47130.7,2024/05/12,西南,银行卡,refunded,39,女
ORD005837,Levi's 501,服装,服装服装,5199.12,10,51991.2,2025/05/12,西南,银行卡,completed,60,男
ORD005838,百威啤酒,食品,食品食品,7916.82,10,79168.2,2024/12/04,华北,支付宝,completed,54,男
ORD005839,宜家书架,家居,家居家居,451.64,3,1354.92,2024/01/18,东北,信用卡,pending,46,男
ORD005840,美的电饭煲,家居,家居家居,5478.4,7,38348.8,2025/02/03,华北,信用卡,completed,55,男
ORD005841,宜家书架,家居,家居家居,7426.72,2,14853.44,2024/07/13,东北,微信支付,completed,20,
ORD005842,Apple Watch,电子产品,电子产品,1468.67,6,8812.02,2025/05/18,华东,信用卡,completed,62,男
ORD005843,算法导论,图书,图书图书,5945.59,4,23782.36,2025/01/29,西南,微信支付,completed,52,女
ORD005844,三只松鼠坚果礼盒,食品,食品食品,1661.44,5,8307.2,2024/04/13,华南,微信支付,completed,42,女
ORD005845,农夫山泉,食品,食品食品,7397.56,6,44385.36,2024/01/13,东北,支付宝,refunded,37,
ORD005846,茅台酒,食品,食品食品,9707.97,5,48539.85,2024/11/21,西北,微信支付,completed,28,女
ORD005847,三只松鼠坚果礼盒,食品,食品食品,9625.25,1,9625.25,2024/11/30,西南,银行卡,completed,18,
ORD005848,星巴克咖啡豆,食品,食品食品,8578.32,7,60048.24,2024/03/16,华东,支付宝,completed,25,
ORD005849,Adidas Ultraboost,服装,服装服装,6165.8,6,36994.8,2024/08/20,东北,银行卡,cancelled,42,
ORD005850,人类简史,图书,图书图书,1230.35,6,7382.1,2024/08/04,西南,银行卡,completed,55,
ORD005851,Sony WH-1000XM5,电子产品,电子产品,6230.16,4,24920.64,2024/07/20,华中,银行卡,refunded,59,
ORD005852,九阳豆浆机,家居,家居家居,6662.0,2,13324.0,2024/03/15,华南,银行卡,pending,34,
ORD005853,九阳豆浆机,家居,家居家居,5111.06,9,45999.54,2024/07/16,西北,支付宝,completed,58,男
ORD005854,优衣库羽绒服,服装,服装服装,7479.21,4,29916.84,2024/03/21,华中,支付宝,refunded,36,女
ORD005855,Python编程从入门到实践,图书,图书图书,4622.49,10,46224.9,2024/06/13,西南,支付宝,cancelled,29,女
ORD005856,人类简史,图书,图书图书,7767.62,9,69908.58,2024/09/09,西南,支付宝,completed,21,
ORD005857,网易严选床垫,家居,家居家居,2163.2,1,2163.2,2024/03/03,西北,信用卡,completed,27,男
ORD005858,农夫山泉,食品,食品食品,8327.66,1,8327.66,2024/02/19,华北,微信支付,pending,30,女
ORD005859,算法导论,图书,图书图书,8932.5,4,35730.0,2025/04/27,华东,银行卡,completed,53,男
ORD005860,优衣库羽绒服,服装,服装服装,2649.55,7,18546.85,2024/03/06,西北,微信支付,completed,50,女
ORD005861,小米台灯,家居,家居家居,2336.27,4,9345.08,2025/04/24,华中,微信支付,completed,46,
ORD005862,Apple Watch,电子产品,电子产品,4577.24,9,41195.16,2024/11/22,华东,微信支付,completed,60,
ORD005863,百威啤酒,食品,食品食品,8737.1,4,34948.4,2024/04/18,华中,银行卡,completed,28,男
ORD005864,Samsung Galaxy S24,电子产品,电子产品,1385.85,3,4157.55,2024/04/04,华东,银行卡,pending,60,女
ORD005865,星巴克咖啡豆,食品,食品食品,3424.7,4,13698.8,2025/04/05,东北,微信支付,completed,55,
ORD005866,三体全集,图书,图书图书,9501.2,5,47506.0,2024/07/05,华中,支付宝,pending,20,女
ORD005867,小熊加湿器,家居,家居家居,8989.2,7,62924.4,2024/12/15,华中,信用卡,completed,35,
ORD005868,人类简史,图书,图书图书,9175.34,9,82578.06,2024/12/06,华东,银行卡,refunded,42,女
ORD005869,深入理解计算机系统,图书,图书图书,3527.18,10,35271.8,2025/04/10,华南,支付宝,completed,31,
ORD005870,Apple Watch,电子产品,电子产品,6930.1,10,69301.0,2024/04/05,华东,信用卡,pending,30,男
ORD005871,罗技 MX Master 3,电子产品,电子产品,4074.3,4,16297.2,2025/02/09,西北,支付宝,completed,49,男
ORD005872,宜家书架,家居,家居家居,7587.29,1,7587.29,2024/04/17,东北,信用卡,completed,46,
ORD005873,北面冲锋衣,服装,服装服装,1179.79,7,8258.53,2024/01/30,华中,银行卡,completed,63,
ORD005874,蒙牛纯牛奶,食品,食品食品,5157.33,2,10314.66,2025/03/12,西南,微信支付,completed,41,
ORD005875,德芙巧克力,食品,食品食品,5924.54,4,23698.16,2024/07/11,西南,微信支付,completed,35,女
ORD005876,茅台酒,食品,食品食品,3899.56,6,23397.36,2025/01/02,西北,银行卡,pending,60,女
ORD005877,iPad Air,电子产品,电子产品,9201.2,6,55207.2,2024/08/04,西北,信用卡,completed,48,男
ORD005878,H&M 连衣裙,服装,服装服装,9230.82,5,46154.1,2024/10/11,华南,微信支付,completed,36,女
ORD005879,小米台灯,家居,家居家居,3675.25,4,14701.0,2025/04/05,华东,信用卡,completed,32,
ORD005880,百威啤酒,食品,食品食品,7879.59,5,39397.95,2024/07/05,华东,微信支付,completed,29,女
ORD005881,深入理解计算机系统,图书,图书图书,2589.14,8,20713.12,2024/01/18,西北,微信支付,completed,56,男
ORD005882,九阳豆浆机,家居,家居家居,1594.62,6,9567.72,2024/04/07,华中,支付宝,completed,52,女
ORD005883,Levi's 501,服装,服装服装,4617.24,1,4617.24,2025/02/22,华北,银行卡,completed,59,
ORD005884,罗技 MX Master 3,电子产品,电子产品,5466.85,6,32801.1,2025/03/13,西北,支付宝,completed,62,男
ORD005885,美的电饭煲,家居,家居家居,9839.01,1,9839.01,2024/02/15,华北,微信支付,completed,47,女
ORD005886,Zara 西装外套,服装,服装服装,8851.51,5,44257.55,2024/03/25,华南,信用卡,completed,49,男
ORD005887,三体全集,图书,图书图书,9739.37,10,97393.7,2025/01/14,华东,支付宝,refunded,45,男
ORD005888,星巴克咖啡豆,食品,食品食品,1312.63,8,10501.04,2024/08/11,华北,银行卡,pending,61,男
ORD005889,百威啤酒,食品,食品食品,4039.48,5,20197.4,2024/07/26,华中,信用卡,completed,20,女
ORD005890,九阳豆浆机,家居,家居家居,4866.56,5,24332.8,2024/08/05,西南,信用卡,completed,20,
ORD005891,美的电饭煲,家居,家居家居,3467.73,9,31209.57,2024/08/01,西北,微信支付,completed,29,
ORD005892,小熊加湿器,家居,家居家居,2787.59,2,5575.18,2024/10/07,西南,微信支付,completed,47,
ORD005893,蒙牛纯牛奶,食品,食品食品,1454.63,7,10182.41,2024/12/17,东北,支付宝,completed,48,女
ORD005894,三只松鼠坚果礼盒,食品,食品食品,5703.06,10,57030.6,2025/02/06,华中,微信支付,pending,34,女
ORD005895,New Balance 574,服装,服装服装,6921.72,1,6921.72,2025/05/21,华南,银行卡,completed,63,男
ORD005896,三体全集,图书,图书图书,9060.0,9,81540.0,2024/01/14,华北,支付宝,completed,54,
ORD005897,AirPods Pro,电子产品,电子产品,2735.3,3,8205.9,2024/03/01,华南,微信支付,completed,37,
ORD005898,九阳豆浆机,家居,家居家居,1312.14,1,1312.14,2025/01/28,华南,支付宝,completed,46,
ORD005899,Apple Watch,电子产品,电子产品,6438.88,5,32194.4,2025/05/14,华中,支付宝,completed,57,
ORD005900,深入理解计算机系统,图书,图书图书,7337.5,8,58700.0,2024/05/01,华中,信用卡,completed,58,
ORD005901,三体全集,图书,图书图书,916.67,2,1833.34,2025/04/23,华东,信用卡,completed,64,
ORD005902,小米台灯,家居,家居家居,9801.39,7,68609.73,2025/04/19,华北,银行卡,refunded,20,女
ORD005903,宜家书架,家居,家居家居,8198.81,8,65590.48,2024/08/27,华北,支付宝,completed,26,男
ORD005904,三只松鼠坚果礼盒,食品,食品食品,9049.3,7,63345.1,2024/06/28,东北,银行卡,refunded,40,男
ORD005905,原则,图书,图书图书,5634.54,4,22538.16,2025/05/02,西北,微信支付,completed,31,
ORD005906,AirPods Pro,电子产品,电子产品,3758.64,4,15034.56,2024/04/01,西北,支付宝,refunded,22,
ORD005907,Nike Air Max,服装,服装服装,631.41,7,4419.87,2024/12/30,华南,信用卡,pending,37,男
ORD005908,宜家书架,家居,家居家居,841.81,1,841.81,2024/02/03,华南,信用卡,cancelled,49,男
ORD005909,算法导论,图书,图书图书,3135.76,2,6271.52,2024/02/10,东北,银行卡,completed,56,
ORD005910,良品铺子零食包,食品,食品食品,3280.04,9,29520.36,2024/02/21,华北,银行卡,completed,58,
ORD005911,思考快与慢,图书,图书图书,1059.99,6,6359.94,2024/09/27,西北,支付宝,pending,34,女
ORD005912,小熊加湿器,家居,家居家居,4848.91,1,4848.91,2024/08/13,华北,信用卡,refunded,44,
ORD005913,蒙牛纯牛奶,食品,食品食品,1769.94,7,12389.58,2025/05/25,华东,银行卡,refunded,43,男
ORD005914,戴森吸尘器,家居,家居家居,4113.01,10,41130.1,2024/10/12,华北,支付宝,cancelled,35,
ORD005915,茅台酒,食品,食品食品,5418.74,8,43349.92,2024/11/13,西北,支付宝,cancelled,60,男
ORD005916,农夫山泉,食品,食品食品,8983.28,8,71866.24,2024/03/08,华北,银行卡,cancelled,55,
ORD005917,戴森吸尘器,家居,家居家居,6783.28,5,33916.4,2024/10/27,华南,银行卡,completed,47,男
ORD005918,Levi's 501,服装,服装服装,1871.45,8,14971.6,2024/12/01,东北,银行卡,pending,63,男
ORD005919,Samsung Galaxy S24,电子产品,电子产品,8146.36,8,65170.88,2024/06/22,西北,支付宝,refunded,22,女
ORD005920,Python编程从入门到实践,图书,图书图书,6603.41,6,39620.46,2024/12/30,西南,微信支付,completed,52,男
ORD005921,戴森吸尘器,家居,家居家居,8593.44,4,34373.76,2024/03/13,西南,银行卡,cancelled,41,男
ORD005922,百威啤酒,食品,食品食品,1583.15,2,3166.3,2024/04/19,华北,微信支付,completed,21,
ORD005923,优衣库羽绒服,服装,服装服装,4908.19,8,39265.52,2025/03/24,西南,信用卡,completed,63,女
ORD005924,Adidas Ultraboost,服装,服装服装,3780.19,6,22681.14,2024/10/15,西南,支付宝,completed,59,女
ORD005925,算法导论,图书,图书图书,5022.62,8,40180.96,2024/08/23,华南,微信支付,pending,27,女
ORD005926,算法导论,图书,图书图书,7080.28,3,21240.84,2024/03/26,东北,支付宝,pending,19,男
ORD005927,三体全集,图书,图书图书,3948.98,5,19744.9,2024/10/17,华东,支付宝,completed,52,
ORD005928,Levi's 501,服装,服装服装,6393.25,9,57539.25,2024/12/21,华南,信用卡,completed,59,女
ORD005929,良品铺子零食包,食品,食品食品,9068.28,10,90682.8,2024/11/23,华南,信用卡,pending,48,男
ORD005930,三体全集,图书,图书图书,1884.97,3,5654.91,2024/05/04,华东,银行卡,completed,56,
ORD005931,戴森吸尘器,家居,家居家居,8383.05,3,25149.15,2024/10/01,西南,信用卡,pending,45,
ORD005932,三体全集,图书,图书图书,4303.03,8,34424.24,2024/07/06,东北,微信支付,completed,51,
ORD005933,德芙巧克力,食品,食品食品,6726.05,3,20178.15,2024/09/30,华中,信用卡,completed,19,女
ORD005934,算法导论,图书,图书图书,6783.56,2,13567.12,2024/04/14,西南,微信支付,completed,24,男
ORD005935,iPad Air,电子产品,电子产品,4629.53,4,18518.12,2024/07/21,西南,微信支付,completed,56,女
ORD005936,网易严选床垫,家居,家居家居,2067.51,8,16540.08,2025/04/13,西南,信用卡,refunded,57,
ORD005937,小熊加湿器,家居,家居家居,7066.94,6,42401.64,2024/10/06,西南,支付宝,completed,53,女
ORD005938,德芙巧克力,食品,食品食品,4350.81,5,21754.05,2025/03/08,华东,银行卡,completed,47,
ORD005939,蒙牛纯牛奶,食品,食品食品,8738.91,10,87389.1,2024/09/21,华东,微信支付,completed,59,男
ORD005940,Samsung Galaxy S24,电子产品,电子产品,5276.25,3,15828.75,2024/12/07,华东,微信支付,completed,28,男
ORD005941,Samsung Galaxy S24,电子产品,电子产品,1362.99,1,1362.99,2024/10/11,华南,微信支付,completed,58,女
ORD005942,Python编程从入门到实践,图书,图书图书,5483.05,5,27415.25,2025/02/16,华南,信用卡,completed,45,
ORD005943,New Balance 574,服装,服装服装,1917.47,2,3834.94,2025/04/23,西北,银行卡,completed,60,
ORD005944,小米台灯,家居,家居家居,1228.28,8,9826.24,2024/11/08,华中,支付宝,completed,61,女
ORD005945,罗技 MX Master 3,电子产品,电子产品,9077.63,10,90776.3,2024/05/04,西南,微信支付,completed,34,男
ORD005946,良品铺子零食包,食品,食品食品,9537.88,10,95378.8,2025/03/16,华东,支付宝,cancelled,61,女
ORD005947,小熊加湿器,家居,家居家居,3562.28,3,10686.84,2024/05/21,西北,信用卡,completed,38,男
ORD005948,Nike Air Max,服装,服装服装,5069.74,9,45627.66,2024/08/14,西北,银行卡,completed,48,男
ORD005949,小熊加湿器,家居,家居家居,6506.89,9,58562.01,2024/11/06,东北,支付宝,completed,39,男
ORD005950,深入理解计算机系统,图书,图书图书,9103.22,8,72825.76,2024/04/04,东北,微信支付,refunded,59,
ORD005951,算法导论,图书,图书图书,8926.17,8,71409.36,2025/05/15,华北,支付宝,completed,30,女
ORD005952,iPhone 15,电子产品,电子产品,9218.26,9,82964.34,2024/09/30,西北,信用卡,completed,63,女
ORD005953,戴森吸尘器,家居,家居家居,9818.11,3,29454.33,2024/05/06,华中,微信支付,refunded,54,女
ORD005954,美的电饭煲,家居,家居家居,2111.02,4,8444.08,2025/03/14,西北,信用卡,completed,41,
ORD005955,Nike Air Max,服装,服装服装,7888.96,9,71000.64,2024/06/20,华南,信用卡,pending,55,
ORD005956,三体全集,图书,图书图书,1777.51,5,8887.55,2024/11/22,东北,银行卡,completed,65,
ORD005957,Zara 西装外套,服装,服装服装,8064.56,6,48387.36,2024/02/27,华东,信用卡,completed,36,女
ORD005958,德芙巧克力,食品,食品食品,4676.38,4,18705.52,2025/04/29,华北,银行卡,completed,24,男
ORD005959,农夫山泉,食品,食品食品,3157.77,3,9473.31,2024/07/27,西南,银行卡,cancelled,33,女
ORD005960,北面冲锋衣,服装,服装服装,1852.31,5,9261.55,2025/05/04,华东,微信支付,completed,58,
ORD005961,宜家书架,家居,家居家居,9716.11,4,38864.44,2024/12/19,西北,银行卡,completed,43,男
ORD005962,优衣库羽绒服,服装,服装服装,5611.55,9,50503.95,2025/02/25,华中,支付宝,completed,31,男
ORD005963,小熊加湿器,家居,家居家居,8566.55,5,42832.75,2024/12/20,华南,信用卡,completed,21,男
ORD005964,思考快与慢,图书,图书图书,207.89,3,623.67,2024/01/16,西北,支付宝,cancelled,49,女
ORD005965,百威啤酒,食品,食品食品,2161.32,9,19451.88,2024/09/16,华中,银行卡,pending,20,男
ORD005966,百威啤酒,食品,食品食品,3017.22,9,27154.98,2025/02/08,华北,支付宝,pending,65,女
ORD005967,Samsung Galaxy S24,电子产品,电子产品,6570.42,1,6570.42,2024/11/20,西南,信用卡,refunded,49,男
ORD005968,人类简史,图书,图书图书,2269.1,5,11345.5,2024/08/01,华中,银行卡,completed,30,女
ORD005969,良品铺子零食包,食品,食品食品,6261.02,1,6261.02,2025/04/08,华北,微信支付,completed,62,男
ORD005970,深入理解计算机系统,图书,图书图书,8341.9,6,50051.4,2024/10/04,西北,信用卡,pending,21,男
ORD005971,Adidas Ultraboost,服装,服装服装,148.21,4,592.84,2024/07/31,西南,信用卡,pending,20,
ORD005972,北面冲锋衣,服装,服装服装,6539.87,7,45779.09,2024/11/01,西北,支付宝,pending,58,男
ORD005973,Apple Watch,电子产品,电子产品,7296.21,7,51073.47,2025/01/23,西北,信用卡,pending,23,男
ORD005974,戴森吸尘器,家居,家居家居,3773.52,3,11320.56,2024/02/06,华东,银行卡,completed,65,男
ORD005975,New Balance 574,服装,服装服装,5172.42,8,41379.36,2024/05/12,华北,信用卡,completed,33,女
ORD005976,Python编程从入门到实践,图书,图书图书,3044.61,1,3044.61,2024/03/03,西北,支付宝,pending,40,
ORD005977,网易严选床垫,家居,家居家居,4905.33,4,19621.32,2024/03/24,西南,银行卡,completed,40,女
ORD005978,Levi's 501,服装,服装服装,9934.22,6,59605.32,2024/02/29,华北,微信支付,pending,27,
ORD005979,小熊加湿器,家居,家居家居,2504.41,1,2504.41,2024/10/24,华东,微信支付,completed,47,男
ORD005980,宜家书架,家居,家居家居,891.38,8,7131.04,2024/09/12,华中,银行卡,completed,34,男
ORD005981,三体全集,图书,图书图书,7667.3,9,69005.7,2024/08/04,西北,银行卡,cancelled,46,
ORD005982,Samsung Galaxy S24,电子产品,电子产品,6389.61,4,25558.44,2024/10/02,西北,银行卡,cancelled,34,男
ORD005983,三体全集,图书,图书图书,6846.25,2,13692.5,2024/10/20,西北,银行卡,completed,46,
ORD005984,思考快与慢,图书,图书图书,7421.98,9,66797.82,2024/07/20,华中,微信支付,completed,50,男
ORD005985,北面冲锋衣,服装,服装服装,1427.35,10,14273.5,2024/12/24,西北,微信支付,completed,20,女
ORD005986,宜家书架,家居,家居家居,3782.24,10,37822.4,2024/08/07,西南,微信支付,completed,61,女
ORD005987,三体全集,图书,图书图书,3919.04,1,3919.04,2024/12/25,华中,支付宝,completed,37,女
ORD005988,良品铺子零食包,食品,食品食品,9343.95,5,46719.75,2024/01/02,华北,信用卡,completed,37,
ORD005989,三体全集,图书,图书图书,7323.78,7,51266.46,2025/05/07,华中,微信支付,completed,61,男
ORD005990,九阳豆浆机,家居,家居家居,306.2,9,2755.8,2024/05/17,华东,微信支付,completed,61,
ORD005991,农夫山泉,食品,食品食品,375.55,6,2253.3,2024/02/06,华东,银行卡,completed,63,女
ORD005992,人类简史,图书,图书图书,4937.96,4,19751.84,2025/03/20,华东,支付宝,cancelled,56,女
ORD005993,北面冲锋衣,服装,服装服装,7869.79,1,7869.79,2025/01/07,华南,支付宝,completed,48,女
ORD005994,Kindle Paperwhite,电子产品,电子产品,5305.6,3,15916.8,2024/10/27,西北,信用卡,completed,62,男
ORD005995,思考快与慢,图书,图书图书,3926.95,5,19634.75,2024/12/28,华东,信用卡,cancelled,50,女
ORD005996,百威啤酒,食品,食品食品,7418.59,7,51930.13,2025/01/25,华东,微信支付,completed,43,女
ORD005997,良品铺子零食包,食品,食品食品,8947.19,8,71577.52,2025/03/11,华南,支付宝,completed,43,女
ORD005998,茅台酒,食品,食品食品,3979.38,2,7958.76,2024/09/11,华南,银行卡,completed,29,
ORD005999,小米台灯,家居,家居家居,4596.18,3,13788.54,2024/12/23,东北,信用卡,completed,62,
ORD006000,Samsung Galaxy S24,电子产品,电子产品,726.59,3,2179.77,2024/08/30,西南,银行卡,completed,26,
ORD006001,茅台酒,食品,食品食品,248.95,3,746.85,2024/10/13,西北,微信支付,refunded,51,
ORD006002,Samsung Galaxy S24,电子产品,电子产品,1867.85,5,9339.25,2024/08/02,华东,银行卡,completed,63,男
ORD006003,良品铺子零食包,食品,食品食品,7495.85,9,67462.65,2024/12/06,华中,信用卡,completed,50,男
ORD006004,思考快与慢,图书,图书图书,5510.58,3,16531.74,2024/03/19,华东,微信支付,refunded,49,
ORD006005,思考快与慢,图书,图书图书,1235.19,8,9881.52,2024/06/26,华中,支付宝,completed,58,女
ORD006006,九阳豆浆机,家居,家居家居,7509.75,10,75097.5,2025/06/01,华北,银行卡,completed,21,
ORD006007,三体全集,图书,图书图书,7076.29,8,56610.32,2025/04/27,东北,微信支付,pending,38,男
ORD006008,Levi's 501,服装,服装服装,3062.29,6,18373.74,2024/07/17,华中,微信支付,cancelled,46,男
ORD006009,农夫山泉,食品,食品食品,1322.6,2,2645.2,2024/03/07,华东,支付宝,completed,42,女
ORD006010,算法导论,图书,图书图书,8461.84,4,33847.36,2024/05/14,华南,银行卡,completed,64,女
ORD006011,人类简史,图书,图书图书,2586.53,2,5173.06,2025/01/02,东北,信用卡,cancelled,57,女
ORD006012,农夫山泉,食品,食品食品,3336.89,9,30032.01,2025/03/29,华东,微信支付,refunded,28,女
ORD006013,星巴克咖啡豆,食品,食品食品,8203.87,6,49223.22,2025/03/13,华南,支付宝,completed,40,女
ORD006014,良品铺子零食包,食品,食品食品,1529.02,10,15290.2,2024/05/14,西南,微信支付,completed,58,女
ORD006015,H&M 连衣裙,服装,服装服装,7643.35,6,45860.1,2024/05/15,华东,微信支付,completed,36,女
ORD006016,优衣库羽绒服,服装,服装服装,8748.23,5,43741.15,2025/03/30,西南,银行卡,completed,22,男
ORD006017,宜家书架,家居,家居家居,3026.83,3,9080.49,2024/12/05,华南,信用卡,pending,20,男
ORD006018,H&M 连衣裙,服装,服装服装,7683.21,6,46099.26,2024/04/07,华北,银行卡,completed,52,
ORD006019,戴森吸尘器,家居,家居家居,6582.96,7,46080.72,2025/04/15,西南,银行卡,completed,65,女
ORD006020,AirPods Pro,电子产品,电子产品,8620.41,10,86204.1,2024/09/11,华南,微信支付,completed,25,男
ORD006021,人类简史,图书,图书图书,6847.21,10,68472.1,2024/12/19,西南,银行卡,pending,26,女
ORD006022,Python编程从入门到实践,图书,图书图书,2276.47,4,9105.88,2025/03/12,华南,信用卡,pending,49,男
ORD006023,iPad Air,电子产品,电子产品,857.16,2,1714.32,2024/02/07,华北,银行卡,completed,47,男
ORD006024,茅台酒,食品,食品食品,4150.27,3,12450.81,2024/06/26,华中,银行卡,completed,58,
ORD006025,深入理解计算机系统,图书,图书图书,6006.5,10,60065.0,2024/11/15,西南,银行卡,cancelled,41,女
ORD006026,MacBook Air,电子产品,电子产品,3002.49,3,9007.47,2025/03/24,华北,信用卡,completed,43,女
ORD006027,Sony WH-1000XM5,电子产品,电子产品,4978.62,5,24893.1,2025/04/01,华东,银行卡,completed,33,男
ORD006028,茅台酒,食品,食品食品,3211.58,9,28904.22,2024/08/13,西北,支付宝,pending,46,女
ORD006029,人类简史,图书,图书图书,3030.59,4,12122.36,2025/01/21,东北,信用卡,completed,23,男
ORD006030,深入理解计算机系统,图书,图书图书,439.09,3,1317.27,2024/04/19,华北,微信支付,pending,59,男
ORD006031,Sony WH-1000XM5,电子产品,电子产品,1584.66,6,9507.96,2025/06/01,华中,银行卡,completed,47,
ORD006032,Nike Air Max,服装,服装服装,3769.78,4,15079.12,2024/08/16,华北,微信支付,completed,25,
ORD006033,深入理解计算机系统,图书,图书图书,8084.61,2,16169.22,2025/04/03,东北,信用卡,pending,32,男
ORD006034,茅台酒,食品,食品食品,1817.22,5,9086.1,2024/03/25,东北,信用卡,pending,62,女
ORD006035,Nike Air Max,服装,服装服装,7951.7,4,31806.8,2024/09/15,华南,银行卡,completed,20,男
ORD006036,Python编程从入门到实践,图书,图书图书,7644.11,3,22932.33,2024/03/08,华中,信用卡,cancelled,25,男
ORD006037,H&M 连衣裙,服装,服装服装,1749.73,6,10498.38,2024/03/25,华中,微信支付,completed,36,男
ORD006038,百威啤酒,食品,食品食品,6333.65,3,19000.95,2025/05/03,西北,支付宝,completed,40,
ORD006039,iPad Air,电子产品,电子产品,4718.34,5,23591.7,2025/01/22,华南,信用卡,completed,20,
ORD006040,百威啤酒,食品,食品食品,9369.09,5,46845.45,2025/04/23,华中,微信支付,cancelled,55,男
ORD006041,九阳豆浆机,家居,家居家居,1848.01,10,18480.1,2024/05/05,东北,支付宝,cancelled,54,
ORD006042,Sony WH-1000XM5,电子产品,电子产品,5612.09,1,5612.09,2024/06/19,华南,微信支付,pending,40,男
ORD006043,三体全集,图书,图书图书,2709.07,4,10836.28,2024/12/11,东北,银行卡,refunded,33,女
ORD006044,美的电饭煲,家居,家居家居,3584.91,6,21509.46,2025/04/11,东北,支付宝,completed,18,男
ORD006045,小熊加湿器,家居,家居家居,2289.81,10,22898.1,2024/09/26,华中,银行卡,completed,44,男
ORD006046,小米台灯,家居,家居家居,6115.84,5,30579.2,2024/09/05,华北,微信支付,pending,48,男
ORD006047,蒙牛纯牛奶,食品,食品食品,5755.72,2,11511.44,2024/07/25,西北,微信支付,completed,59,
ORD006048,iPhone 15,电子产品,电子产品,668.89,2,1337.78,2025/02/12,华中,信用卡,completed,22,女
ORD006049,德芙巧克力,食品,食品食品,9490.96,9,85418.64,2025/02/19,西南,支付宝,pending,58,女
ORD006050,茅台酒,食品,食品食品,9991.37,7,69939.59,2024/09/13,华南,信用卡,cancelled,53,
ORD006051,农夫山泉,食品,食品食品,9661.82,3,28985.46,2025/05/30,华东,支付宝,completed,24,女
ORD006052,Adidas Ultraboost,服装,服装服装,3435.32,4,13741.28,2024/01/06,华中,信用卡,completed,41,男
ORD006053,小米台灯,家居,家居家居,9154.27,1,9154.27,2024/03/18,华南,支付宝,completed,20,
ORD006054,网易严选床垫,家居,家居家居,7042.7,1,7042.7,2024/04/15,东北,微信支付,completed,18,男
ORD006055,农夫山泉,食品,食品食品,467.35,5,2336.75,2024/04/25,华东,银行卡,completed,53,
ORD006056,算法导论,图书,图书图书,4665.72,2,9331.44,2024/09/15,华中,支付宝,completed,35,男
ORD006057,Levi's 501,服装,服装服装,3721.14,9,33490.26,2024/11/07,华南,支付宝,completed,35,男
ORD006058,深入理解计算机系统,图书,图书图书,892.65,6,5355.9,2024/04/11,华东,微信支付,completed,20,男
ORD006059,Python编程从入门到实践,图书,图书图书,2147.05,5,10735.25,2024/06/16,西南,微信支付,completed,20,
ORD006060,Samsung Galaxy S24,电子产品,电子产品,7833.78,3,23501.34,2024/05/21,西北,微信支付,pending,19,女
ORD006061,原则,图书,图书图书,7126.4,5,35632.0,2025/01/09,华中,微信支付,completed,24,男
ORD006062,H&M 连衣裙,服装,服装服装,8695.35,6,52172.1,2024/12/17,华北,支付宝,completed,54,男
ORD006063,Nike Air Max,服装,服装服装,616.03,1,616.03,2024/02/13,东北,微信支付,completed,22,
ORD006064,小米台灯,家居,家居家居,5046.47,3,15139.41,2024/04/08,华东,微信支付,completed,20,
ORD006065,Apple Watch,电子产品,电子产品,8694.68,5,43473.4,2024/03/11,西南,微信支付,completed,35,男
ORD006066,AirPods Pro,电子产品,电子产品,8751.02,3,26253.06,2025/05/18,华中,微信支付,completed,22,男
ORD006067,Apple Watch,电子产品,电子产品,5296.59,7,37076.13,2024/11/03,东北,微信支付,cancelled,46,男
ORD006068,戴森吸尘器,家居,家居家居,9944.15,1,9944.15,2025/04/23,西北,银行卡,refunded,25,
ORD006069,优衣库羽绒服,服装,服装服装,3559.19,10,35591.9,2025/03/26,东北,支付宝,completed,24,男
ORD006070,茅台酒,食品,食品食品,207.88,9,1870.92,2025/01/13,华南,银行卡,completed,61,女
ORD006071,iPad Air,电子产品,电子产品,3182.95,2,6365.9,2024/11/16,东北,微信支付,pending,36,女
ORD006072,原则,图书,图书图书,110.13,3,330.39,2024/01/03,西北,微信支付,refunded,37,
ORD006073,Python编程从入门到实践,图书,图书图书,6437.58,7,45063.06,2024/02/27,华东,信用卡,completed,24,女
ORD006074,星巴克咖啡豆,食品,食品食品,6841.78,2,13683.56,2024/08/29,华中,信用卡,pending,43,
ORD006075,算法导论,图书,图书图书,7017.13,5,35085.65,2024/09/30,西南,支付宝,completed,56,男
ORD006076,Nike Air Max,服装,服装服装,9938.26,10,99382.6,2025/04/12,西南,信用卡,completed,46,
ORD006077,小熊加湿器,家居,家居家居,9852.62,4,39410.48,2024/07/24,华东,微信支付,completed,51,男
ORD006078,Levi's 501,服装,服装服装,4289.4,10,42894.0,2024/09/05,华中,支付宝,completed,43,
ORD006079,深入理解计算机系统,图书,图书图书,4196.02,5,20980.1,2024/12/26,西北,支付宝,completed,50,女
ORD006080,北面冲锋衣,服装,服装服装,6473.48,10,64734.8,2024/12/10,西南,微信支付,completed,63,女
ORD006081,思考快与慢,图书,图书图书,8881.95,7,62173.65,2024/03/22,华中,微信支付,refunded,60,女
ORD006082,Zara 西装外套,服装,服装服装,7260.89,7,50826.23,2024/09/24,华东,银行卡,pending,29,男
ORD006083,深入理解计算机系统,图书,图书图书,3894.09,2,7788.18,2024/10/29,华北,微信支付,completed,31,男
ORD006084,百威啤酒,食品,食品食品,3541.51,6,21249.06,2024/09/29,华北,微信支付,completed,43,男
ORD006085,小米台灯,家居,家居家居,2442.26,3,7326.78,2024/06/08,华东,支付宝,cancelled,31,女
ORD006086,Zara 西装外套,服装,服装服装,1895.45,7,13268.15,2024/07/10,东北,支付宝,completed,19,男
ORD006087,宜家书架,家居,家居家居,3225.44,1,3225.44,2024/08/12,华中,支付宝,completed,52,女
ORD006088,Python编程从入门到实践,图书,图书图书,2152.79,2,4305.58,2024/01/05,华中,支付宝,completed,40,男
ORD006089,三体全集,图书,图书图书,1683.1,4,6732.4,2025/03/28,华北,微信支付,pending,30,女
ORD006090,H&M 连衣裙,服装,服装服装,3864.18,3,11592.54,2025/05/21,东北,微信支付,completed,45,女
ORD006091,小米台灯,家居,家居家居,1407.6,2,2815.2,2025/04/06,华中,银行卡,cancelled,27,女
ORD006092,宜家书架,家居,家居家居,3630.62,6,21783.72,2025/03/06,西南,支付宝,pending,37,女
ORD006093,Levi's 501,服装,服装服装,7527.74,3,22583.22,2025/04/29,西南,信用卡,completed,59,男
ORD006094,北面冲锋衣,服装,服装服装,1553.88,10,15538.8,2025/02/24,西南,银行卡,completed,25,男
ORD006095,三只松鼠坚果礼盒,食品,食品食品,7733.07,3,23199.21,2024/07/28,西南,支付宝,cancelled,65,女
ORD006096,良品铺子零食包,食品,食品食品,7664.9,2,15329.8,2025/05/27,西南,支付宝,completed,40,女
ORD006097,Zara 西装外套,服装,服装服装,5301.29,5,26506.45,2024/09/15,华北,银行卡,completed,22,男
ORD006098,美的电饭煲,家居,家居家居,9217.97,10,92179.7,2025/03/05,华南,信用卡,refunded,28,女
ORD006099,蒙牛纯牛奶,食品,食品食品,9495.42,8,75963.36,2024/06/13,东北,信用卡,completed,37,
ORD006100,iPad Air,电子产品,电子产品,8834.14,2,17668.28,2025/03/17,西北,支付宝,completed,41,
ORD006101,百威啤酒,食品,食品食品,3908.14,6,23448.84,2024/12/08,华东,银行卡,completed,37,女
ORD006102,深入理解计算机系统,图书,图书图书,8411.42,6,50468.52,2025/01/22,西北,微信支付,cancelled,22,女
ORD006103,Apple Watch,电子产品,电子产品,1837.09,3,5511.27,2024/07/22,东北,信用卡,completed,20,男
ORD006104,优衣库羽绒服,服装,服装服装,8610.52,9,77494.68,2025/06/01,华中,支付宝,cancelled,44,
ORD006105,良品铺子零食包,食品,食品食品,2764.35,8,22114.8,2024/01/30,西北,支付宝,completed,51,
ORD006106,九阳豆浆机,家居,家居家居,4800.53,4,19202.12,2024/12/29,华东,支付宝,refunded,54,
ORD006107,原则,图书,图书图书,1078.65,7,7550.55,2024/05/14,华东,信用卡,completed,27,
ORD006108,茅台酒,食品,食品食品,2855.21,7,19986.47,2024/05/17,东北,信用卡,completed,34,
ORD006109,思考快与慢,图书,图书图书,1360.4,10,13604.0,2025/01/14,东北,微信支付,completed,31,
ORD006110,小米台灯,家居,家居家居,9682.32,4,38729.28,2024/10/13,东北,银行卡,completed,31,女
ORD006111,九阳豆浆机,家居,家居家居,9834.23,10,98342.3,2025/05/31,西北,支付宝,completed,19,男
ORD006112,算法导论,图书,图书图书,7238.86,2,14477.72,2025/03/17,东北,信用卡,completed,57,女
ORD006113,Zara 西装外套,服装,服装服装,6455.11,2,12910.22,2024/02/13,西南,银行卡,cancelled,23,男
ORD006114,三体全集,图书,图书图书,1791.54,8,14332.32,2024/02/28,西北,信用卡,completed,58,男
ORD006115,Nike Air Max,服装,服装服装,9627.01,6,57762.06,2024/01/11,西南,银行卡,completed,32,
ORD006116,iPad Air,电子产品,电子产品,596.88,6,3581.28,2024/03/08,华中,信用卡,completed,23,男
ORD006117,Sony WH-1000XM5,电子产品,电子产品,7798.46,1,7798.46,2025/01/31,华东,银行卡,completed,26,
ORD006118,iPhone 15,电子产品,电子产品,6516.18,7,45613.26,2024/07/22,西南,支付宝,completed,23,男
ORD006119,Dell XPS 15,电子产品,电子产品,8398.4,2,16796.8,2024/07/18,西南,微信支付,completed,38,
ORD006120,iPad Air,电子产品,电子产品,6317.48,1,6317.48,2025/02/04,西南,微信支付,completed,23,
ORD006121,小米台灯,家居,家居家居,1218.44,8,9747.52,2024/04/11,西北,信用卡,pending,57,男
ORD006122,小熊加湿器,家居,家居家居,7262.1,7,50834.7,2024/05/17,华中,支付宝,completed,45,男
ORD006123,小米台灯,家居,家居家居,2927.04,5,14635.2,2024/07/01,华北,银行卡,cancelled,64,女
ORD006124,良品铺子零食包,食品,食品食品,6826.18,10,68261.8,2025/05/02,东北,微信支付,refunded,46,男
ORD006125,MacBook Air,电子产品,电子产品,3140.65,6,18843.9,2024/02/08,华中,信用卡,completed,43,女
ORD006126,星巴克咖啡豆,食品,食品食品,6972.12,6,41832.72,2024/11/03,东北,支付宝,cancelled,32,
ORD006127,Levi's 501,服装,服装服装,4608.93,10,46089.3,2024/11/21,华东,支付宝,completed,40,女
ORD006128,Apple Watch,电子产品,电子产品,9919.29,4,39677.16,2024/09/12,华北,银行卡,completed,42,
ORD006129,MacBook Air,电子产品,电子产品,3868.64,2,7737.28,2025/05/06,华东,信用卡,completed,56,
ORD006130,Samsung Galaxy S24,电子产品,电子产品,797.99,4,3191.96,2025/05/18,华北,信用卡,completed,35,男
ORD006131,蒙牛纯牛奶,食品,食品食品,5941.46,1,5941.46,2025/02/26,西北,信用卡,completed,55,
ORD006132,AirPods Pro,电子产品,电子产品,8053.81,10,80538.1,2024/04/23,西南,支付宝,completed,51,男
ORD006133,九阳豆浆机,家居,家居家居,7434.99,6,44609.94,2025/04/16,华北,支付宝,completed,35,男
ORD006134,Samsung Galaxy S24,电子产品,电子产品,9621.36,7,67349.52,2025/03/23,华中,微信支付,pending,40,女
ORD006135,Python编程从入门到实践,图书,图书图书,9325.81,6,55954.86,2024/05/01,华中,信用卡,pending,26,女
ORD006136,Python编程从入门到实践,图书,图书图书,3858.11,10,38581.1,2025/03/13,华中,支付宝,refunded,24,女
ORD006137,MacBook Air,电子产品,电子产品,8562.46,10,85624.6,2024/04/01,华南,微信支付,completed,50,
ORD006138,思考快与慢,图书,图书图书,6068.74,10,60687.4,2024/06/24,华北,支付宝,completed,25,
ORD006139,Apple Watch,电子产品,电子产品,4922.79,10,49227.9,2024/02/14,西北,银行卡,completed,25,女
ORD006140,Apple Watch,电子产品,电子产品,2554.13,4,10216.52,2024/01/31,东北,银行卡,refunded,51,
ORD006141,Dell XPS 15,电子产品,电子产品,1806.16,6,10836.96,2024/01/07,华北,微信支付,completed,64,
ORD006142,Nike Air Max,服装,服装服装,341.51,7,2390.57,2024/05/28,华东,信用卡,cancelled,20,女
ORD006143,Adidas Ultraboost,服装,服装服装,9876.38,7,69134.66,2024/05/16,华中,信用卡,completed,65,女
ORD006144,美的电饭煲,家居,家居家居,1530.83,5,7654.15,2024/06/13,华中,信用卡,completed,29,
ORD006145,优衣库羽绒服,服装,服装服装,7373.81,3,22121.43,2024/08/21,西南,微信支付,completed,64,男
ORD006146,德芙巧克力,食品,食品食品,7152.84,10,71528.4,2025/05/14,华中,信用卡,pending,44,男
ORD006147,Python编程从入门到实践,图书,图书图书,2154.09,2,4308.18,2025/05/16,华南,微信支付,completed,59,女
ORD006148,三只松鼠坚果礼盒,食品,食品食品,6854.39,3,20563.17,2024/09/03,华中,银行卡,refunded,58,
ORD006149,深入理解计算机系统,图书,图书图书,3613.91,8,28911.28,2024/02/14,华中,信用卡,refunded,64,男
ORD006150,Adidas Ultraboost,服装,服装服装,2766.15,5,13830.75,2024/02/23,华东,银行卡,pending,31,
ORD006151,算法导论,图书,图书图书,2676.99,6,16061.94,2024/01/03,华东,微信支付,cancelled,45,女
ORD006152,原则,图书,图书图书,5250.76,5,26253.8,2025/01/30,华南,银行卡,pending,52,
ORD006153,茅台酒,食品,食品食品,4781.24,1,4781.24,2024/03/13,华南,微信支付,completed,61,男
ORD006154,思考快与慢,图书,图书图书,2157.12,2,4314.24,2025/05/31,华南,信用卡,completed,18,
ORD006155,Nike Air Max,服装,服装服装,5679.61,4,22718.44,2024/02/05,华中,微信支付,completed,38,
ORD006156,原则,图书,图书图书,5873.33,5,29366.65,2024/07/15,西南,支付宝,completed,54,女
ORD006157,北面冲锋衣,服装,服装服装,805.7,4,3222.8,2024/09/17,东北,支付宝,completed,55,女
ORD006158,iPhone 15,电子产品,电子产品,-2055.45,10,-20554.5,2025/04/25,华中,银行卡,completed,47,男
ORD006159,美的电饭煲,家居,家居家居,8242.88,5,41214.4,2025/04/27,西北,支付宝,completed,40,女
ORD006160,罗技 MX Master 3,电子产品,电子产品,5164.17,4,20656.68,2024/08/15,东北,信用卡,completed,55,
ORD006161,九阳豆浆机,家居,家居家居,3124.4,2,6248.8,2025/02/05,华北,信用卡,completed,23,女
ORD006162,九阳豆浆机,家居,家居家居,109.23,5,546.15,2024/02/16,华南,微信支付,completed,26,
ORD006163,H&M 连衣裙,服装,服装服装,9584.99,2,19169.98,2024/03/26,华南,信用卡,completed,59,女
ORD006164,MacBook Air,电子产品,电子产品,9934.39,10,99343.9,2024/09/20,西南,微信支付,pending,45,女
ORD006165,德芙巧克力,食品,食品食品,6666.25,7,46663.75,2025/04/17,东北,微信支付,cancelled,33,男
ORD006166,网易严选床垫,家居,家居家居,5140.53,9,46264.77,2024/07/19,华东,信用卡,completed,38,男
ORD006167,星巴克咖啡豆,食品,食品食品,2287.15,9,20584.35,2024/01/25,华中,银行卡,completed,24,
ORD006168,Apple Watch,电子产品,电子产品,1870.99,1,1870.99,2024/05/05,西南,微信支付,pending,43,女
ORD006169,Samsung Galaxy S24,电子产品,电子产品,3806.99,1,3806.99,2024/07/15,西南,信用卡,refunded,32,
ORD006170,iPhone 15,电子产品,电子产品,8526.68,10,85266.8,2024/07/20,东北,银行卡,completed,36,男
ORD006171,H&M 连衣裙,服装,服装服装,1643.87,8,13150.96,2025/03/25,华东,支付宝,pending,59,男
ORD006172,New Balance 574,服装,服装服装,2196.37,7,15374.59,2025/04/04,华东,信用卡,completed,24,女
ORD006173,小米台灯,家居,家居家居,5245.53,7,36718.71,2024/08/11,华中,银行卡,completed,37,
ORD006174,H&M 连衣裙,服装,服装服装,5093.42,6,30560.52,2025/03/12,东北,信用卡,completed,59,
ORD006175,H&M 连衣裙,服装,服装服装,28.1,1,28.1,2025/01/22,华南,银行卡,completed,32,男
ORD006176,罗技 MX Master 3,电子产品,电子产品,3205.14,5,16025.7,2024/08/20,西北,信用卡,completed,20,女
ORD006177,iPhone 15,电子产品,电子产品,2287.17,5,11435.85,2024/12/24,东北,微信支付,pending,48,女
ORD006178,Sony WH-1000XM5,电子产品,电子产品,8102.08,3,24306.24,2025/04/17,西北,信用卡,completed,52,
ORD006179,宜家书架,家居,家居家居,554.0,1,554.0,2025/02/12,华东,银行卡,completed,34,女
ORD006180,优衣库羽绒服,服装,服装服装,5593.48,7,39154.36,2025/02/20,华中,银行卡,pending,60,
ORD006181,九阳豆浆机,家居,家居家居,9930.56,4,39722.24,2024/02/13,东北,微信支付,cancelled,33,男
ORD006182,戴森吸尘器,家居,家居家居,3075.8,9,27682.2,2024/10/27,西南,支付宝,completed,54,男
ORD006183,网易严选床垫,家居,家居家居,5924.5,10,59245.0,2025/03/01,东北,银行卡,refunded,25,
ORD006184,农夫山泉,食品,食品食品,6149.62,1,6149.62,2025/05/01,东北,银行卡,pending,59,男
ORD006185,小米台灯,家居,家居家居,2172.95,5,10864.75,2025/01/24,西南,信用卡,completed,59,
ORD006186,戴森吸尘器,家居,家居家居,5544.33,4,22177.32,2025/04/02,华东,银行卡,cancelled,55,
ORD006187,Samsung Galaxy S24,电子产品,电子产品,6379.94,2,12759.88,2024/02/19,东北,银行卡,pending,57,女
ORD006188,三只松鼠坚果礼盒,食品,食品食品,9943.86,8,79550.88,2024/01/11,西北,微信支付,completed,62,
ORD006189,百威啤酒,食品,食品食品,4648.45,10,46484.5,2025/05/25,华南,微信支付,completed,32,女
ORD006190,Dell XPS 15,电子产品,电子产品,9960.73,6,59764.38,2025/04/10,华东,银行卡,completed,30,女
ORD006191,Nike Air Max,服装,服装服装,9355.67,1,9355.67,2025/04/13,华中,微信支付,completed,18,女
ORD006192,九阳豆浆机,家居,家居家居,9551.67,6,57310.02,2024/02/18,华北,微信支付,completed,31,
ORD006193,农夫山泉,食品,食品食品,1899.15,2,3798.3,2024/02/13,华北,银行卡,refunded,65,男
ORD006194,优衣库羽绒服,服装,服装服装,5655.56,4,22622.24,2024/06/28,华北,信用卡,completed,56,男
ORD006195,原则,图书,图书图书,2020.68,10,20206.8,2025/03/31,华中,信用卡,completed,21,男
ORD006196,MacBook Air,电子产品,电子产品,1964.67,5,9823.35,2025/03/12,华东,微信支付,completed,51,
ORD006197,Zara 西装外套,服装,服装服装,7458.54,2,14917.08,2024/04/05,华北,微信支付,completed,20,男
ORD006198,原则,图书,图书图书,8685.52,9,78169.68,2024/03/10,华北,支付宝,pending,46,男
ORD006199,深入理解计算机系统,图书,图书图书,5155.6,6,30933.6,2024/11/16,华北,支付宝,pending,56,
ORD006200,德芙巧克力,食品,食品食品,504.09,5,2520.45,2024/03/25,华中,银行卡,completed,37,男
ORD006201,小熊加湿器,家居,家居家居,1373.15,1,1373.15,2024/03/24,华东,支付宝,pending,47,女
ORD006202,网易严选床垫,家居,家居家居,7058.24,6,42349.44,2024/12/11,西北,微信支付,completed,24,
ORD006203,茅台酒,食品,食品食品,4498.3,6,26989.8,2025/03/04,西南,银行卡,refunded,61,女
ORD006204,良品铺子零食包,食品,食品食品,947.0,6,5682.0,2025/05/06,华北,支付宝,completed,35,
ORD006205,Apple Watch,电子产品,电子产品,5825.81,10,58258.1,2024/03/22,东北,信用卡,refunded,22,男
ORD006206,Nike Air Max,服装,服装服装,4988.16,3,14964.48,2025/02/28,西北,银行卡,cancelled,38,女
ORD006207,百威啤酒,食品,食品食品,4855.47,5,24277.35,2024/03/28,西北,微信支付,completed,55,女
ORD006208,百威啤酒,食品,食品食品,8216.81,8,65734.48,2025/04/29,华东,银行卡,pending,44,女
ORD006209,Adidas Ultraboost,服装,服装服装,8271.49,1,8271.49,2024/12/11,华南,微信支付,cancelled,53,
ORD006210,小米台灯,家居,家居家居,9658.7,10,96587.0,2024/06/01,西南,信用卡,completed,56,男
ORD006211,原则,图书,图书图书,7677.47,7,53742.29,2024/11/18,华南,微信支付,pending,22,女
ORD006212,Samsung Galaxy S24,电子产品,电子产品,6280.48,4,25121.92,2024/09/08,华中,信用卡,refunded,38,男
ORD006213,Dell XPS 15,电子产品,电子产品,936.04,10,9360.4,2024/03/05,华南,信用卡,completed,37,
ORD006214,蒙牛纯牛奶,食品,食品食品,4278.11,3,12834.33,2025/02/22,东北,信用卡,pending,47,女
ORD006215,良品铺子零食包,食品,食品食品,4815.66,4,19262.64,2025/04/27,华东,微信支付,completed,34,男
ORD006216,原则,图书,图书图书,8623.75,3,25871.25,2024/09/04,西北,银行卡,completed,32,
ORD006217,蒙牛纯牛奶,食品,食品食品,7977.99,9,71801.91,2024/08/16,华北,银行卡,completed,47,
ORD006218,百威啤酒,食品,食品食品,8741.27,5,43706.35,2025/03/24,华东,银行卡,completed,60,男
ORD006219,九阳豆浆机,家居,家居家居,4246.39,1,4246.39,2024/12/10,西北,微信支付,completed,23,男
ORD006220,Nike Air Max,服装,服装服装,544.08,4,2176.32,2024/09/29,华北,银行卡,completed,38,
ORD006221,良品铺子零食包,食品,食品食品,5607.44,2,11214.88,2024/01/21,华南,银行卡,completed,22,
ORD006222,Adidas Ultraboost,服装,服装服装,6392.1,3,19176.3,2025/02/11,华南,支付宝,completed,31,
ORD006223,人类简史,图书,图书图书,1312.67,10,13126.7,2025/05/09,西南,银行卡,completed,31,女
ORD006224,Python编程从入门到实践,图书,图书图书,8212.52,10,82125.2,2025/05/18,华北,信用卡,refunded,31,女
ORD006225,戴森吸尘器,家居,家居家居,8856.62,2,17713.24,2024/08/21,西北,银行卡,completed,19,女
ORD006226,百威啤酒,食品,食品食品,6105.53,9,54949.77,2024/01/29,东北,信用卡,cancelled,24,女
ORD006227,iPad Air,电子产品,电子产品,3638.32,9,32744.88,2024/11/20,西南,银行卡,pending,55,女
ORD006228,北面冲锋衣,服装,服装服装,2189.34,8,17514.72,2024/08/04,华中,支付宝,pending,61,女
ORD006229,Adidas Ultraboost,服装,服装服装,2906.65,7,20346.55,2024/12/31,华中,微信支付,completed,59,男
ORD006230,网易严选床垫,家居,家居家居,7482.65,8,59861.2,2025/05/30,华东,信用卡,completed,48,男
ORD006231,宜家书架,家居,家居家居,1201.73,3,3605.19,2024/06/28,华东,银行卡,cancelled,47,女
ORD006232,戴森吸尘器,家居,家居家居,4097.42,8,32779.36,2024/02/18,东北,信用卡,pending,25,
ORD006233,三只松鼠坚果礼盒,食品,食品食品,8613.97,6,51683.82,2024/03/18,华北,信用卡,completed,22,
ORD006234,H&M 连衣裙,服装,服装服装,1063.68,8,8509.44,2025/03/19,西北,微信支付,completed,37,
ORD006235,深入理解计算机系统,图书,图书图书,9167.05,2,18334.1,2025/04/05,华东,支付宝,cancelled,42,
ORD006236,MacBook Air,电子产品,电子产品,1490.11,9,13410.99,2024/06/19,西北,支付宝,cancelled,31,女
ORD006237,Nike Air Max,服装,服装服装,3204.7,10,32047.0,2024/11/16,东北,微信支付,completed,26,男
ORD006238,北面冲锋衣,服装,服装服装,6100.59,7,42704.13,2024/06/14,华南,微信支付,completed,30,女
ORD006239,小熊加湿器,家居,家居家居,3774.79,10,37747.9,2025/03/25,西北,支付宝,cancelled,34,男
ORD006240,三只松鼠坚果礼盒,食品,食品食品,2750.16,1,2750.16,2024/02/13,西北,微信支付,completed,52,
ORD006241,Kindle Paperwhite,电子产品,电子产品,8002.99,3,24008.97,2025/03/15,西北,微信支付,pending,41,
ORD006242,Levi's 501,服装,服装服装,5763.78,4,23055.12,2025/01/08,华中,银行卡,pending,19,
ORD006243,美的电饭煲,家居,家居家居,5958.73,6,35752.38,2025/05/10,西北,支付宝,completed,18,女
ORD006244,New Balance 574,服装,服装服装,7131.45,6,42788.7,2025/02/04,华北,支付宝,completed,65,
ORD006245,思考快与慢,图书,图书图书,9440.23,7,66081.61,2024/01/29,东北,支付宝,completed,24,
ORD006246,优衣库羽绒服,服装,服装服装,4931.35,4,19725.4,2024/07/01,西南,信用卡,completed,50,女
ORD006247,原则,图书,图书图书,9700.92,5,48504.6,2024/07/10,西南,微信支付,completed,50,女
ORD006248,三只松鼠坚果礼盒,食品,食品食品,2897.33,3,8691.99,2024/01/21,华南,银行卡,completed,59,女
ORD006249,算法导论,图书,图书图书,1048.9,2,2097.8,2024/05/05,华东,信用卡,completed,31,男
ORD006250,小熊加湿器,家居,家居家居,1918.87,3,5756.61,2025/02/22,华南,微信支付,completed,21,男
ORD006251,Levi's 501,服装,服装服装,5849.34,4,23397.36,2025/02/13,华南,微信支付,refunded,35,
ORD006252,小熊加湿器,家居,家居家居,1645.82,2,3291.64,2025/04/26,华中,信用卡,completed,31,
ORD006253,小米台灯,家居,家居家居,1229.13,3,3687.39,2025/03/26,华南,信用卡,completed,28,男
ORD006254,思考快与慢,图书,图书图书,4127.45,2,8254.9,2024/10/02,西北,银行卡,completed,42,男
ORD006255,三体全集,图书,图书图书,1073.87,9,9664.83,2025/05/05,东北,银行卡,completed,62,女
ORD006256,德芙巧克力,食品,食品食品,9435.65,7,66049.55,2025/02/25,西南,微信支付,completed,41,女
ORD006257,算法导论,图书,图书图书,6948.22,8,55585.76,2024/05/10,华南,支付宝,pending,24,
ORD006258,原则,图书,图书图书,7940.3,2,15880.6,2025/04/26,华中,银行卡,completed,65,
ORD006259,百威啤酒,食品,食品食品,1905.81,6,11434.86,2024/03/21,华东,信用卡,completed,32,
ORD006260,人类简史,图书,图书图书,2996.94,1,2996.94,2025/03/05,华东,微信支付,completed,18,男
ORD006261,德芙巧克力,食品,食品食品,3613.59,5,18067.95,2024/10/02,西南,微信支付,refunded,32,女
ORD006262,茅台酒,食品,食品食品,6075.46,5,30377.3,2024/12/14,西南,银行卡,completed,58,男
ORD006263,深入理解计算机系统,图书,图书图书,8795.31,1,8795.31,2025/03/16,东北,支付宝,pending,23,男
ORD006264,原则,图书,图书图书,5914.11,10,59141.1,2024/04/25,华南,支付宝,completed,44,
ORD006265,Levi's 501,服装,服装服装,5905.66,5,29528.3,2024/02/29,西南,微信支付,completed,40,
ORD006266,九阳豆浆机,家居,家居家居,6447.61,1,6447.61,2024/02/02,东北,银行卡,refunded,65,男
ORD006267,德芙巧克力,食品,食品食品,6503.94,6,39023.64,2025/05/10,西北,支付宝,completed,27,
ORD006268,AirPods Pro,电子产品,电子产品,4536.84,4,18147.36,2024/09/17,华中,银行卡,pending,48,
ORD006269,优衣库羽绒服,服装,服装服装,6556.03,6,39336.18,2025/04/25,华东,银行卡,completed,25,女
ORD006270,宜家书架,家居,家居家居,5417.61,8,43340.88,2024/09/26,华东,银行卡,completed,37,女
ORD006271,iPad Air,电子产品,电子产品,1319.53,1,1319.53,2024/11/16,华南,微信支付,completed,56,女
ORD006272,茅台酒,食品,食品食品,3832.38,9,34491.42,2025/03/12,华东,微信支付,completed,60,女
ORD006273,iPad Air,电子产品,电子产品,9070.53,9,81634.77,2024/06/30,华中,信用卡,completed,35,
ORD006274,德芙巧克力,食品,食品食品,6078.56,3,18235.68,2025/03/04,东北,信用卡,completed,58,女
ORD006275,百威啤酒,食品,食品食品,3233.47,4,12933.88,2025/04/13,华南,微信支付,completed,43,
ORD006276,深入理解计算机系统,图书,图书图书,1566.99,2,3133.98,2024/10/02,西南,银行卡,completed,50,
ORD006277,北面冲锋衣,服装,服装服装,9298.77,5,46493.85,2024/04/09,东北,微信支付,pending,27,女
ORD006278,德芙巧克力,食品,食品食品,8483.87,2,16967.74,2024/01/20,华中,银行卡,cancelled,60,男
ORD006279,iPhone 15,电子产品,电子产品,6622.14,8,52977.12,2025/05/11,华中,支付宝,completed,32,
ORD006280,小米台灯,家居,家居家居,2547.54,10,25475.4,2025/01/31,华东,支付宝,pending,22,女
ORD006281,百威啤酒,食品,食品食品,2993.95,1,2993.95,2024/08/25,西北,支付宝,completed,35,男
ORD006282,宜家书架,家居,家居家居,8356.79,2,16713.58,2025/01/09,东北,支付宝,completed,38,男
ORD006283,算法导论,图书,图书图书,1108.85,6,6653.1,2024/11/03,东北,信用卡,cancelled,59,
ORD006284,iPad Air,电子产品,电子产品,5519.52,5,27597.6,2025/04/05,西南,支付宝,completed,32,男
ORD006285,Apple Watch,电子产品,电子产品,1058.03,9,9522.27,2024/12/07,华中,银行卡,completed,35,男
ORD006286,优衣库羽绒服,服装,服装服装,9363.41,2,18726.82,2024/12/22,华南,银行卡,completed,20,女
ORD006287,iPhone 15,电子产品,电子产品,2570.36,8,20562.88,2024/05/24,华东,支付宝,completed,48,男
ORD006288,小米台灯,家居,家居家居,3213.94,6,19283.64,2024/10/02,西南,银行卡,refunded,24,男
ORD006289,百威啤酒,食品,食品食品,3015.99,6,18095.94,2024/10/14,西北,支付宝,completed,41,女
ORD006290,深入理解计算机系统,图书,图书图书,3839.73,2,7679.46,2024/08/28,华中,支付宝,pending,43,女
ORD006291,Nike Air Max,服装,服装服装,1076.78,10,10767.8,2024/03/08,华东,信用卡,cancelled,43,
ORD006292,iPad Air,电子产品,电子产品,393.31,8,3146.48,2024/04/12,华北,信用卡,pending,35,
ORD006293,Apple Watch,电子产品,电子产品,2032.69,2,4065.38,2024/11/29,东北,信用卡,refunded,58,
ORD006294,宜家书架,家居,家居家居,2957.41,2,5914.82,2024/07/11,西北,银行卡,completed,64,女
ORD006295,Adidas Ultraboost,服装,服装服装,9307.72,7,65154.04,2024/01/08,华中,信用卡,pending,61,
ORD006296,AirPods Pro,电子产品,电子产品,2935.57,7,20548.99,2025/02/01,华南,信用卡,cancelled,39,男
ORD006297,蒙牛纯牛奶,食品,食品食品,9396.35,8,75170.8,2025/04/25,华北,信用卡,cancelled,63,女
ORD006298,德芙巧克力,食品,食品食品,9526.79,4,38107.16,2024/06/15,华南,银行卡,completed,47,男
ORD006299,三体全集,图书,图书图书,8482.89,7,59380.23,2024/08/02,华北,银行卡,cancelled,33,
ORD006300,Adidas Ultraboost,服装,服装服装,6049.34,6,36296.04,2025/03/03,东北,支付宝,completed,23,
ORD006301,Levi's 501,服装,服装服装,2248.77,5,11243.85,2025/01/09,东北,银行卡,completed,34,男
ORD006302,Zara 西装外套,服装,服装服装,909.06,2,1818.12,2024/04/30,西北,银行卡,completed,21,女
ORD006303,Apple Watch,电子产品,电子产品,5280.51,2,10561.02,2025/02/16,西北,信用卡,pending,62,男
ORD006304,网易严选床垫,家居,家居家居,8377.09,1,8377.09,2025/02/24,西南,微信支付,completed,26,男
ORD006305,三只松鼠坚果礼盒,食品,食品食品,20.47,8,163.76,2025/01/20,华中,微信支付,refunded,28,男
ORD006306,New Balance 574,服装,服装服装,3481.57,3,10444.71,2025/04/19,西北,银行卡,cancelled,43,女
ORD006307,H&M 连衣裙,服装,服装服装,9916.23,9,89246.07,2025/01/19,华北,信用卡,completed,55,男
ORD006308,AirPods Pro,电子产品,电子产品,2367.46,7,16572.22,2025/05/26,华北,信用卡,completed,27,女
ORD006309,原则,图书,图书图书,8765.33,4,35061.32,2024/12/02,华北,信用卡,completed,28,男
ORD006310,Python编程从入门到实践,图书,图书图书,4648.99,2,9297.98,2024/11/02,华东,微信支付,pending,65,女
ORD006311,iPad Air,电子产品,电子产品,4097.5,5,20487.5,2025/05/10,华南,信用卡,completed,47,
ORD006312,人类简史,图书,图书图书,6802.68,8,54421.44,2024/08/24,西北,信用卡,refunded,20,男
ORD006313,德芙巧克力,食品,食品食品,4581.32,4,18325.28,2025/05/14,华东,微信支付,refunded,29,
ORD006314,优衣库羽绒服,服装,服装服装,9448.57,9,85037.13,2024/05/12,西北,银行卡,completed,28,
ORD006315,三只松鼠坚果礼盒,食品,食品食品,5498.32,1,5498.32,2024/12/09,西北,银行卡,completed,41,男
ORD006316,蒙牛纯牛奶,食品,食品食品,6480.43,7,45363.01,2025/02/24,华东,支付宝,completed,21,男
ORD006317,德芙巧克力,食品,食品食品,1507.9,5,7539.5,2024/01/05,华东,银行卡,pending,36,女
ORD006318,小熊加湿器,家居,家居家居,723.48,3,2170.44,2024/05/28,东北,支付宝,cancelled,27,男
ORD006319,Adidas Ultraboost,服装,服装服装,3184.07,4,12736.28,2025/02/24,西北,微信支付,pending,24,男
ORD006320,九阳豆浆机,家居,家居家居,8430.75,5,42153.75,2024/02/08,华东,支付宝,completed,45,女
ORD006321,Levi's 501,服装,服装服装,889.35,8,7114.8,2025/05/22,西南,支付宝,completed,23,女
ORD006322,深入理解计算机系统,图书,图书图书,6539.96,6,39239.76,2024/05/24,东北,银行卡,completed,27,女
ORD006323,New Balance 574,服装,服装服装,6077.1,3,18231.3,2025/04/15,西北,信用卡,completed,36,
ORD006324,iPad Air,电子产品,电子产品,2107.94,6,12647.64,2024/07/16,华东,微信支付,completed,57,女
ORD006325,蒙牛纯牛奶,食品,食品食品,243.92,6,1463.52,2024/04/08,华南,信用卡,completed,59,女
ORD006326,人类简史,图书,图书图书,7830.92,4,31323.68,2024/07/26,华南,微信支付,pending,55,女
ORD006327,优衣库羽绒服,服装,服装服装,2234.28,4,8937.12,2024/08/05,华南,信用卡,completed,24,
ORD006328,人类简史,图书,图书图书,6713.45,1,6713.45,2025/05/29,东北,支付宝,completed,38,男
ORD006329,百威啤酒,食品,食品食品,2695.85,10,26958.5,2024/09/12,西南,支付宝,completed,65,
ORD006330,原则,图书,图书图书,8459.03,10,84590.3,2024/07/17,西北,微信支付,refunded,21,
ORD006331,New Balance 574,服装,服装服装,6526.14,9,58735.26,2024/09/20,华北,支付宝,completed,26,
ORD006332,Dell XPS 15,电子产品,电子产品,960.97,6,5765.82,2024/09/06,东北,支付宝,completed,34,男
ORD006333,茅台酒,食品,食品食品,9508.0,6,57048.0,2025/03/07,西北,微信支付,completed,18,男
ORD006334,New Balance 574,服装,服装服装,4560.09,4,18240.36,2025/04/29,华东,信用卡,completed,38,
ORD006335,茅台酒,食品,食品食品,9106.46,2,18212.92,2024/03/12,华北,信用卡,refunded,49,女
ORD006336,戴森吸尘器,家居,家居家居,4176.47,10,41764.7,2025/01/18,华中,微信支付,refunded,47,男
ORD006337,小米台灯,家居,家居家居,7728.42,9,69555.78,2024/02/10,华中,支付宝,completed,30,女
ORD006338,九阳豆浆机,家居,家居家居,1048.04,9,9432.36,2024/09/19,华东,银行卡,completed,51,男
ORD006339,Levi's 501,服装,服装服装,7809.75,10,78097.5,2024/05/17,西北,银行卡,completed,45,
ORD006340,茅台酒,食品,食品食品,7460.35,5,37301.75,2025/04/02,华中,微信支付,completed,41,女
ORD006341,AirPods Pro,电子产品,电子产品,2964.83,4,11859.32,2025/05/07,西南,微信支付,completed,25,
ORD006342,Samsung Galaxy S24,电子产品,电子产品,4217.14,2,8434.28,2024/11/15,东北,信用卡,cancelled,20,
ORD006343,戴森吸尘器,家居,家居家居,4838.13,7,33866.91,2025/01/04,华北,微信支付,completed,39,
ORD006344,小熊加湿器,家居,家居家居,5697.2,6,34183.2,2025/04/17,东北,微信支付,completed,19,男
ORD006345,MacBook Air,电子产品,电子产品,4780.3,8,38242.4,2025/02/22,华中,银行卡,refunded,21,
ORD006346,Zara 西装外套,服装,服装服装,5329.48,5,26647.4,2024/11/18,西南,信用卡,completed,45,男
ORD006347,iPad Air,电子产品,电子产品,4249.85,3,12749.55,2025/02/09,华东,信用卡,completed,31,男
ORD006348,算法导论,图书,图书图书,6835.58,6,41013.48,2024/05/23,西北,信用卡,completed,44,男
ORD006349,三只松鼠坚果礼盒,食品,食品食品,8664.55,3,25993.65,2024/01/24,华东,支付宝,completed,53,
ORD006350,Nike Air Max,服装,服装服装,8879.95,6,53279.7,2024/03/26,华中,支付宝,pending,41,男
ORD006351,三体全集,图书,图书图书,2343.34,4,9373.36,2024/01/30,华北,支付宝,completed,26,男
ORD006352,Levi's 501,服装,服装服装,5368.24,2,10736.48,2024/05/01,华南,信用卡,pending,26,男
ORD006353,茅台酒,食品,食品食品,4633.2,3,13899.6,2025/02/06,西北,支付宝,pending,57,
ORD006354,戴森吸尘器,家居,家居家居,232.14,7,1624.98,2024/10/10,华中,微信支付,completed,35,男
ORD006355,小熊加湿器,家居,家居家居,3690.48,7,25833.36,2024/05/27,华中,信用卡,refunded,36,女
ORD006356,小熊加湿器,家居,家居家居,4161.5,6,24969.0,2025/01/30,华中,信用卡,completed,19,男
ORD006357,农夫山泉,食品,食品食品,3609.81,2,7219.62,2024/06/08,华南,银行卡,completed,43,
ORD006358,德芙巧克力,食品,食品食品,235.12,4,940.48,2025/04/12,西南,微信支付,completed,29,
ORD006359,农夫山泉,食品,食品食品,6464.63,10,64646.3,2024/12/22,华南,微信支付,pending,37,
ORD006360,九阳豆浆机,家居,家居家居,8852.29,10,88522.9,2024/11/27,华北,微信支付,completed,36,女
ORD006361,iPad Air,电子产品,电子产品,5028.19,6,30169.14,2024/06/09,华中,信用卡,pending,19,女
ORD006362,优衣库羽绒服,服装,服装服装,8565.97,9,77093.73,2024/10/16,华东,银行卡,completed,19,
ORD006363,网易严选床垫,家居,家居家居,92.75,5,463.75,2025/01/22,西北,微信支付,completed,25,
ORD006364,Adidas Ultraboost,服装,服装服装,5437.09,6,32622.54,2024/11/20,华中,支付宝,completed,62,女
ORD006365,百威啤酒,食品,食品食品,5776.74,10,57767.4,2025/02/13,东北,信用卡,refunded,40,
ORD006366,原则,图书,图书图书,9016.42,10,90164.2,2024/03/03,西南,支付宝,completed,53,
ORD006367,Adidas Ultraboost,服装,服装服装,3574.39,7,25020.73,2025/02/01,东北,支付宝,completed,27,男
ORD006368,良品铺子零食包,食品,食品食品,7150.51,10,71505.1,2024/03/17,华中,支付宝,completed,64,
ORD006369,Nike Air Max,服装,服装服装,1602.61,3,4807.83,2025/04/12,东北,信用卡,completed,31,
ORD006370,宜家书架,家居,家居家居,9115.91,6,54695.46,2024/01/07,华南,支付宝,refunded,52,女
ORD006371,德芙巧克力,食品,食品食品,7186.29,5,35931.45,2025/05/27,华南,信用卡,completed,43,女
ORD006372,小熊加湿器,家居,家居家居,3264.03,1,3264.03,2025/02/05,华南,微信支付,cancelled,63,女
ORD006373,宜家书架,家居,家居家居,8126.17,2,16252.34,2025/03/30,华中,支付宝,completed,48,女
ORD006374,深入理解计算机系统,图书,图书图书,570.6,3,1711.8,2024/08/03,西北,信用卡,completed,20,女
ORD006375,蒙牛纯牛奶,食品,食品食品,7535.2,8,60281.6,2024/01/13,东北,信用卡,pending,40,
ORD006376,蒙牛纯牛奶,食品,食品食品,1745.36,10,17453.6,2024/03/02,华东,信用卡,pending,39,
ORD006377,人类简史,图书,图书图书,9404.2,7,65829.4,2024/09/29,西北,信用卡,completed,28,男
ORD006378,网易严选床垫,家居,家居家居,3109.67,8,24877.36,2024/04/08,西南,银行卡,refunded,41,
ORD006379,良品铺子零食包,食品,食品食品,181.83,2,363.66,2024/06/15,华东,支付宝,pending,21,男
ORD006380,思考快与慢,图书,图书图书,4336.12,5,21680.6,2024/04/10,西南,信用卡,completed,57,女
ORD006381,深入理解计算机系统,图书,图书图书,436.62,9,3929.58,2025/01/07,华中,银行卡,completed,60,女
ORD006382,三体全集,图书,图书图书,7266.67,7,50866.69,2024/11/13,华南,银行卡,completed,59,女
ORD006383,蒙牛纯牛奶,食品,食品食品,8622.52,8,68980.16,2024/05/02,华中,支付宝,cancelled,54,
ORD006384,网易严选床垫,家居,家居家居,7494.33,7,52460.31,2025/05/14,华东,银行卡,completed,54,男
ORD006385,Sony WH-1000XM5,电子产品,电子产品,9129.86,5,45649.3,2025/03/11,西南,银行卡,completed,55,女
ORD006386,人类简史,图书,图书图书,7645.0,9,68805.0,2025/01/10,华南,银行卡,refunded,46,男
ORD006387,百威啤酒,食品,食品食品,9483.79,1,9483.79,2024/10/16,华东,信用卡,completed,22,女
ORD006388,九阳豆浆机,家居,家居家居,3265.19,1,3265.19,2024/02/05,华北,微信支付,completed,35,女
ORD006389,三只松鼠坚果礼盒,食品,食品食品,9736.05,8,77888.4,2024/08/20,东北,微信支付,refunded,56,
ORD006390,小米台灯,家居,家居家居,1402.3,10,14023.0,2024/10/14,华北,银行卡,pending,38,
ORD006391,戴森吸尘器,家居,家居家居,6369.18,1,6369.18,2025/04/05,西南,信用卡,pending,33,女
ORD006392,iPhone 15,电子产品,电子产品,5719.94,1,5719.94,2024/05/07,华南,微信支付,completed,37,
ORD006393,小熊加湿器,家居,家居家居,1234.6,4,4938.4,2025/01/16,华北,支付宝,completed,34,男
ORD006394,九阳豆浆机,家居,家居家居,4502.29,8,36018.32,2024/11/05,西南,支付宝,completed,65,男
ORD006395,网易严选床垫,家居,家居家居,5839.29,3,17517.87,2024/11/18,华南,信用卡,completed,42,
ORD006396,北面冲锋衣,服装,服装服装,6528.13,7,45696.91,2024/01/18,华中,银行卡,cancelled,34,男
ORD006397,Nike Air Max,服装,服装服装,6063.76,7,42446.32,2024/09/21,华北,微信支付,completed,62,
ORD006398,H&M 连衣裙,服装,服装服装,4272.81,5,21364.05,2024/01/09,西北,微信支付,completed,40,女
ORD006399,思考快与慢,图书,图书图书,9411.79,9,84706.11,2025/03/15,西北,支付宝,completed,43,女
ORD006400,北面冲锋衣,服装,服装服装,3806.42,4,15225.68,2024/11/07,华中,微信支付,cancelled,44,男
ORD006401,三体全集,图书,图书图书,3181.18,7,22268.26,2024/12/29,西北,支付宝,completed,29,
ORD006402,小米台灯,家居,家居家居,6684.96,1,6684.96,2025/05/30,华中,支付宝,pending,32,
ORD006403,宜家书架,家居,家居家居,7696.95,2,15393.9,2025/02/20,西北,信用卡,pending,58,男
ORD006404,三体全集,图书,图书图书,5056.77,5,25283.85,2024/06/01,华南,银行卡,completed,58,男
ORD006405,思考快与慢,图书,图书图书,8258.07,4,33032.28,2024/08/25,华中,银行卡,completed,64,
ORD006406,算法导论,图书,图书图书,6036.71,4,24146.84,2024/03/29,华南,信用卡,completed,23,女
ORD006407,算法导论,图书,图书图书,9682.23,2,19364.46,2024/11/29,华中,支付宝,cancelled,38,女
ORD006408,茅台酒,食品,食品食品,6526.92,5,32634.6,2024/12/15,华中,支付宝,cancelled,44,女
ORD006409,Adidas Ultraboost,服装,服装服装,2890.6,4,11562.4,2024/03/03,西南,信用卡,cancelled,26,女
ORD006410,H&M 连衣裙,服装,服装服装,6185.09,10,61850.9,2025/03/15,华南,微信支付,pending,33,
ORD006411,罗技 MX Master 3,电子产品,电子产品,4915.38,1,4915.38,2024/01/31,华南,银行卡,refunded,42,
ORD006412,良品铺子零食包,食品,食品食品,8416.82,2,16833.64,2024/05/29,东北,微信支付,cancelled,25,
ORD006413,星巴克咖啡豆,食品,食品食品,566.36,4,2265.44,2024/11/28,西北,微信支付,completed,21,
ORD006414,Samsung Galaxy S24,电子产品,电子产品,2484.25,8,19874.0,2025/04/19,华北,信用卡,completed,40,
ORD006415,思考快与慢,图书,图书图书,1299.79,2,2599.58,2025/03/26,华东,银行卡,completed,37,男
ORD006416,小熊加湿器,家居,家居家居,6502.81,2,13005.62,2024/04/04,华南,信用卡,completed,53,男
ORD006417,百威啤酒,食品,食品食品,9830.43,7,68813.01,2024/07/23,华东,信用卡,completed,43,女
ORD006418,MacBook Air,电子产品,电子产品,776.74,3,2330.22,2024/08/23,西北,信用卡,pending,30,
ORD006419,三只松鼠坚果礼盒,食品,食品食品,5602.55,7,39217.85,2024/01/17,东北,银行卡,completed,31,男
ORD006420,三只松鼠坚果礼盒,食品,食品食品,4543.11,1,4543.11,2024/09/14,华东,银行卡,completed,46,女
ORD006421,德芙巧克力,食品,食品食品,8122.35,9,73101.15,2024/11/20,华中,微信支付,refunded,41,女
ORD006422,iPhone 15,电子产品,电子产品,1226.27,3,3678.81,2025/04/02,东北,支付宝,pending,31,男
ORD006423,Nike Air Max,服装,服装服装,8158.5,4,32634.0,2024/05/24,西南,支付宝,completed,61,男
ORD006424,人类简史,图书,图书图书,3840.67,1,3840.67,2025/04/27,华北,支付宝,pending,43,女
ORD006425,算法导论,图书,图书图书,6435.39,6,38612.34,2024/03/14,华南,微信支付,refunded,36,女
ORD006426,小熊加湿器,家居,家居家居,1164.14,6,6984.84,2024/09/24,西南,银行卡,completed,62,男
ORD006427,小米台灯,家居,家居家居,1912.29,10,19122.9,2024/09/01,西北,支付宝,completed,55,
ORD006428,Zara 西装外套,服装,服装服装,5247.26,4,20989.04,2024/07/25,华东,信用卡,cancelled,44,男
ORD006429,原则,图书,图书图书,5746.99,1,5746.99,2024/11/04,华中,微信支付,completed,45,
ORD006430,算法导论,图书,图书图书,2540.61,1,2540.61,2024/09/13,华东,信用卡,completed,62,
ORD006431,罗技 MX Master 3,电子产品,电子产品,7800.83,3,23402.49,2024/02/02,西北,微信支付,refunded,58,女
ORD006432,深入理解计算机系统,图书,图书图书,2582.11,8,20656.88,2025/03/12,东北,银行卡,completed,40,男
ORD006433,Samsung Galaxy S24,电子产品,电子产品,172.8,2,345.6,2024/11/27,西南,微信支付,completed,28,女
ORD006434,蒙牛纯牛奶,食品,食品食品,5670.48,3,17011.44,2024/02/03,华中,支付宝,completed,56,男
ORD006435,茅台酒,食品,食品食品,6066.68,8,48533.44,2024/07/05,西北,银行卡,completed,62,女
ORD006436,Nike Air Max,服装,服装服装,7780.08,3,23340.24,2024/12/13,西北,银行卡,completed,37,男
ORD006437,优衣库羽绒服,服装,服装服装,5622.69,2,11245.38,2024/09/27,华南,支付宝,cancelled,63,男
ORD006438,Python编程从入门到实践,图书,图书图书,4978.66,10,49786.6,2025/04/13,华北,银行卡,completed,35,
ORD006439,Zara 西装外套,服装,服装服装,7896.0,1,7896.0,2024/06/30,华中,信用卡,completed,62,男
ORD006440,H&M 连衣裙,服装,服装服装,110.09,2,220.18,2024/03/13,华南,信用卡,refunded,64,男
ORD006441,三体全集,图书,图书图书,6871.68,2,13743.36,2024/04/08,华中,微信支付,pending,26,女
ORD006442,Python编程从入门到实践,图书,图书图书,2240.16,8,17921.28,2024/08/21,华中,信用卡,refunded,45,女
ORD006443,Levi's 501,服装,服装服装,9041.55,3,27124.65,2024/04/29,西北,微信支付,completed,35,女
ORD006444,九阳豆浆机,家居,家居家居,9925.33,5,49626.65,2024/05/04,华北,银行卡,completed,19,女
ORD006445,Apple Watch,电子产品,电子产品,7044.8,1,7044.8,2024/07/04,华北,信用卡,completed,46,
ORD006446,深入理解计算机系统,图书,图书图书,6035.8,9,54322.2,2025/03/28,华中,微信支付,pending,35,
ORD006447,iPhone 15,电子产品,电子产品,6022.24,9,54200.16,2024/08/18,华中,银行卡,completed,40,
ORD006448,百威啤酒,食品,食品食品,9237.04,5,46185.2,2024/02/09,华东,微信支付,pending,40,
ORD006449,算法导论,图书,图书图书,7489.3,8,59914.4,2024/04/12,华东,微信支付,completed,38,女
ORD006450,思考快与慢,图书,图书图书,161.42,10,1614.2,2024/07/26,华东,银行卡,pending,19,
ORD006451,戴森吸尘器,家居,家居家居,7908.85,3,23726.55,2025/02/17,西南,微信支付,completed,23,女
ORD006452,农夫山泉,食品,食品食品,4066.43,4,16265.72,2025/02/22,华南,信用卡,pending,42,女
ORD006453,戴森吸尘器,家居,家居家居,8027.18,9,72244.62,2025/04/17,西北,支付宝,completed,25,女
ORD006454,百威啤酒,食品,食品食品,6096.62,1,6096.62,2024/09/14,东北,银行卡,completed,28,男
ORD006455,Nike Air Max,服装,服装服装,6587.0,5,32935.0,2024/07/16,华东,银行卡,pending,23,男
ORD006456,美的电饭煲,家居,家居家居,1605.37,1,1605.37,2025/01/02,华东,银行卡,cancelled,33,
ORD006457,New Balance 574,服装,服装服装,6331.64,7,44321.48,2024/03/11,西北,银行卡,pending,62,男
ORD006458,小米台灯,家居,家居家居,9968.44,2,19936.88,2024/01/20,华南,信用卡,completed,52,
ORD006459,罗技 MX Master 3,电子产品,电子产品,880.2,6,5281.2,2025/01/27,华中,信用卡,completed,28,女
ORD006460,良品铺子零食包,食品,食品食品,1700.13,8,13601.04,2024/03/25,华东,信用卡,completed,24,女
ORD006461,Dell XPS 15,电子产品,电子产品,9418.58,3,28255.74,2024/03/09,西北,信用卡,completed,60,女
ORD006462,Samsung Galaxy S24,电子产品,电子产品,703.04,10,7030.4,2024/08/19,东北,银行卡,cancelled,29,男
ORD006463,Samsung Galaxy S24,电子产品,电子产品,2751.84,7,19262.88,2025/05/04,东北,支付宝,refunded,41,男
ORD006464,宜家书架,家居,家居家居,2291.14,2,4582.28,2025/04/24,西南,银行卡,completed,61,女
ORD006465,星巴克咖啡豆,食品,食品食品,582.06,8,4656.48,2024/05/02,西南,信用卡,completed,61,
ORD006466,三体全集,图书,图书图书,6471.68,7,45301.76,2024/03/01,华北,微信支付,completed,65,男
ORD006467,Levi's 501,服装,服装服装,5459.32,3,16377.96,2024/08/07,华南,信用卡,refunded,61,女
ORD006468,Adidas Ultraboost,服装,服装服装,2477.33,5,12386.65,2024/08/14,华南,银行卡,refunded,37,男
ORD006469,Python编程从入门到实践,图书,图书图书,1247.13,1,1247.13,2024/02/12,华南,信用卡,completed,49,
ORD006470,戴森吸尘器,家居,家居家居,2966.87,7,20768.09,2025/01/10,华北,支付宝,completed,31,男
ORD006471,New Balance 574,服装,服装服装,9168.95,6,55013.7,2024/05/11,华东,银行卡,completed,42,
ORD006472,Adidas Ultraboost,服装,服装服装,3789.25,4,15157.0,2024/06/04,华北,支付宝,completed,38,女
ORD006473,美的电饭煲,家居,家居家居,4298.99,3,12896.97,2024/03/02,东北,银行卡,completed,54,
ORD006474,Adidas Ultraboost,服装,服装服装,6536.27,6,39217.62,2024/09/09,西南,微信支付,completed,31,
ORD006475,德芙巧克力,食品,食品食品,7984.41,2,15968.82,2024/11/26,东北,银行卡,pending,44,
ORD006476,Kindle Paperwhite,电子产品,电子产品,1320.61,7,9244.27,2024/08/04,东北,微信支付,pending,48,男
ORD006477,茅台酒,食品,食品食品,9415.45,10,94154.5,2024/07/19,西南,支付宝,pending,39,男
ORD006478,蒙牛纯牛奶,食品,食品食品,2209.31,6,13255.86,2024/11/24,华中,支付宝,refunded,41,女
ORD006479,原则,图书,图书图书,8717.14,5,43585.7,2024/11/21,东北,支付宝,completed,26,
ORD006480,MacBook Air,电子产品,电子产品,276.86,2,553.72,2025/03/03,华东,微信支付,completed,64,
ORD006481,Levi's 501,服装,服装服装,3487.22,5,17436.1,2024/12/30,华东,信用卡,completed,51,女
ORD006482,德芙巧克力,食品,食品食品,5196.36,9,46767.24,2024/01/21,华南,微信支付,completed,19,
ORD006483,优衣库羽绒服,服装,服装服装,5674.8,2,11349.6,2024/09/22,华中,银行卡,cancelled,61,
ORD006484,宜家书架,家居,家居家居,191.08,9,1719.72,2024/09/18,华中,微信支付,completed,29,男
ORD006485,良品铺子零食包,食品,食品食品,2478.88,6,14873.28,2024/07/30,西北,银行卡,pending,52,男
ORD006486,Nike Air Max,服装,服装服装,8222.06,6,49332.36,2024/01/28,东北,支付宝,cancelled,33,男
ORD006487,Kindle Paperwhite,电子产品,电子产品,8586.11,7,60102.77,2024/10/01,东北,微信支付,completed,52,女
ORD006488,Kindle Paperwhite,电子产品,电子产品,3388.03,4,13552.12,2024/06/25,东北,银行卡,completed,46,男
ORD006489,思考快与慢,图书,图书图书,6654.74,5,33273.7,2025/01/25,东北,信用卡,refunded,63,男
ORD006490,Sony WH-1000XM5,电子产品,电子产品,2087.84,10,20878.4,2024/07/16,华北,支付宝,completed,32,
ORD006491,Python编程从入门到实践,图书,图书图书,8458.81,5,42294.05,2024/02/24,华北,微信支付,completed,65,
ORD006492,农夫山泉,食品,食品食品,6193.55,3,18580.65,2025/05/29,西北,信用卡,completed,41,
ORD006493,iPhone 15,电子产品,电子产品,1765.64,2,3531.28,2024/07/06,华中,银行卡,pending,43,
ORD006494,农夫山泉,食品,食品食品,3572.52,3,10717.56,2024/03/18,华东,信用卡,completed,44,男
ORD006495,美的电饭煲,家居,家居家居,9091.82,3,27275.46,2024/07/31,华中,银行卡,cancelled,22,
ORD006496,Python编程从入门到实践,图书,图书图书,6635.2,10,66352.0,2025/03/26,华南,微信支付,completed,54,
ORD006497,思考快与慢,图书,图书图书,1656.99,3,4970.97,2025/03/02,华北,银行卡,completed,56,男
ORD006498,蒙牛纯牛奶,食品,食品食品,5724.53,6,34347.18,2025/02/21,华北,支付宝,cancelled,29,男
ORD006499,Adidas Ultraboost,服装,服装服装,3592.76,6,21556.56,2024/12/10,西北,微信支付,pending,30,男
ORD006500,算法导论,图书,图书图书,5697.41,8,45579.28,2024/08/06,华东,信用卡,pending,45,男
ORD006501,星巴克咖啡豆,食品,食品食品,8873.53,2,17747.06,2025/05/10,华东,银行卡,completed,51,
ORD006502,宜家书架,家居,家居家居,6483.38,7,45383.66,2024/12/19,东北,支付宝,completed,33,
ORD006503,小米台灯,家居,家居家居,3787.51,7,26512.57,2024/12/22,西北,信用卡,cancelled,39,男
ORD006504,Apple Watch,电子产品,电子产品,7761.16,4,31044.64,2024/06/06,华中,支付宝,completed,59,女
ORD006505,小米台灯,家居,家居家居,1946.13,1,1946.13,2025/04/23,华南,信用卡,completed,56,男
ORD006506,九阳豆浆机,家居,家居家居,6464.49,1,6464.49,2024/04/16,华南,微信支付,completed,62,女
ORD006507,Sony WH-1000XM5,电子产品,电子产品,7855.73,9,70701.57,2024/06/26,西南,支付宝,completed,59,
ORD006508,戴森吸尘器,家居,家居家居,6157.25,6,36943.5,2024/01/06,东北,微信支付,completed,24,男
ORD006509,茅台酒,食品,食品食品,6706.28,5,33531.4,2024/09/16,华南,信用卡,completed,29,女
ORD006510,Levi's 501,服装,服装服装,5888.27,1,5888.27,2025/05/24,华北,微信支付,completed,45,
ORD006511,戴森吸尘器,家居,家居家居,2112.28,8,16898.24,2025/04/21,东北,信用卡,completed,65,
ORD006512,思考快与慢,图书,图书图书,7520.92,10,75209.2,2024/05/03,华东,信用卡,completed,18,女
ORD006513,罗技 MX Master 3,电子产品,电子产品,2032.54,1,2032.54,2024/07/31,华南,银行卡,completed,48,
ORD006514,美的电饭煲,家居,家居家居,6083.53,6,36501.18,2025/05/13,西南,支付宝,completed,23,男
ORD006515,人类简史,图书,图书图书,3229.4,1,3229.4,2025/02/07,西南,银行卡,completed,36,男
ORD006516,AirPods Pro,电子产品,电子产品,2650.81,4,10603.24,2024/08/30,华北,银行卡,completed,34,男
ORD006517,算法导论,图书,图书图书,7138.03,10,71380.3,2024/08/28,华东,支付宝,completed,38,男
ORD006518,茅台酒,食品,食品食品,6727.58,2,13455.16,2024/11/13,华中,支付宝,completed,51,女
ORD006519,百威啤酒,食品,食品食品,857.69,3,2573.07,2024/03/28,西北,支付宝,completed,46,
ORD006520,优衣库羽绒服,服装,服装服装,1460.99,4,5843.96,2024/03/20,华中,支付宝,completed,21,
ORD006521,小米台灯,家居,家居家居,8618.27,2,17236.54,2024/02/05,西北,支付宝,completed,62,男
ORD006522,小米台灯,家居,家居家居,7846.39,9,70617.51,2024/02/15,东北,银行卡,completed,63,
ORD006523,罗技 MX Master 3,电子产品,电子产品,285.68,6,1714.08,2024/12/20,华南,银行卡,completed,65,
ORD006524,Levi's 501,服装,服装服装,6227.97,3,18683.91,2024/08/06,西北,支付宝,completed,59,女
ORD006525,Kindle Paperwhite,电子产品,电子产品,6231.69,1,6231.69,2024/01/28,华北,信用卡,completed,41,男
ORD006526,小米台灯,家居,家居家居,828.49,5,4142.45,2024/03/02,东北,支付宝,completed,58,
ORD006527,算法导论,图书,图书图书,8897.71,1,8897.71,2024/09/03,华东,银行卡,completed,64,男
ORD006528,小米台灯,家居,家居家居,4413.37,10,44133.7,2025/02/08,华东,微信支付,completed,53,男
ORD006529,农夫山泉,食品,食品食品,297.06,3,891.18,2024/12/25,东北,支付宝,completed,53,男
ORD006530,MacBook Air,电子产品,电子产品,3624.37,4,14497.48,2024/09/15,华南,微信支付,completed,26,
ORD006531,原则,图书,图书图书,2932.71,6,17596.26,2024/10/08,华南,微信支付,cancelled,62,女
ORD006532,Python编程从入门到实践,图书,图书图书,1022.63,4,4090.52,2024/02/04,华南,信用卡,completed,54,女
ORD006533,Levi's 501,服装,服装服装,8773.56,10,87735.6,2024/03/21,西南,银行卡,pending,36,男
ORD006534,戴森吸尘器,家居,家居家居,7092.3,7,49646.1,2024/04/25,华中,微信支付,completed,20,女
ORD006535,小熊加湿器,家居,家居家居,1508.16,7,10557.12,2024/10/19,东北,支付宝,pending,41,女
ORD006536,AirPods Pro,电子产品,电子产品,7520.72,2,15041.44,2024/05/14,西北,支付宝,refunded,64,女
ORD006537,蒙牛纯牛奶,食品,食品食品,5547.36,2,11094.72,2024/04/30,西北,支付宝,completed,58,
ORD006538,星巴克咖啡豆,食品,食品食品,8739.97,3,26219.91,2025/02/05,华东,银行卡,completed,62,
ORD006539,人类简史,图书,图书图书,5432.18,1,5432.18,2024/06/17,华东,微信支付,completed,18,女
ORD006540,New Balance 574,服装,服装服装,2186.69,10,21866.9,2024/12/17,华中,银行卡,completed,35,男
ORD006541,Apple Watch,电子产品,电子产品,340.59,10,3405.9,2025/01/24,西北,信用卡,completed,31,男
ORD006542,网易严选床垫,家居,家居家居,8221.68,8,65773.44,2024/06/12,华北,银行卡,pending,38,
ORD006543,Apple Watch,电子产品,电子产品,3895.9,8,31167.2,2024/08/18,西南,微信支付,cancelled,28,男
ORD006544,思考快与慢,图书,图书图书,5148.22,3,15444.66,2024/03/15,华中,支付宝,pending,61,女
ORD006545,iPhone 15,电子产品,电子产品,1444.53,6,8667.18,2025/05/30,华中,信用卡,pending,56,女
ORD006546,小熊加湿器,家居,家居家居,1802.46,1,1802.46,2024/11/05,西南,银行卡,cancelled,19,
ORD006547,小熊加湿器,家居,家居家居,5931.59,1,5931.59,2025/05/15,华北,银行卡,pending,43,
ORD006548,深入理解计算机系统,图书,图书图书,3474.56,10,34745.6,2024/01/24,华中,信用卡,completed,41,
ORD006549,德芙巧克力,食品,食品食品,3152.41,6,18914.46,2024/09/14,华东,银行卡,completed,33,
ORD006550,农夫山泉,食品,食品食品,9618.14,5,48090.7,2024/09/10,东北,支付宝,completed,39,
ORD006551,农夫山泉,食品,食品食品,399.61,4,1598.44,2024/11/22,华东,信用卡,pending,57,女
ORD006552,三体全集,图书,图书图书,1041.57,1,1041.57,2024/08/31,东北,银行卡,pending,20,
ORD006553,良品铺子零食包,食品,食品食品,718.72,2,1437.44,2024/10/29,华北,支付宝,completed,50,女
ORD006554,Kindle Paperwhite,电子产品,电子产品,5253.34,6,31520.04,2024/06/09,西北,信用卡,pending,40,
ORD006555,北面冲锋衣,服装,服装服装,3635.42,10,36354.2,2024/02/10,华中,支付宝,completed,59,
ORD006556,农夫山泉,食品,食品食品,3665.63,6,21993.78,2024/05/01,西北,银行卡,refunded,51,
ORD006557,茅台酒,食品,食品食品,6181.49,8,49451.92,2024/02/28,华北,信用卡,pending,27,女
ORD006558,iPad Air,电子产品,电子产品,703.74,6,4222.44,2025/01/28,华北,银行卡,completed,40,
ORD006559,小熊加湿器,家居,家居家居,5192.26,9,46730.34,2024/05/09,东北,微信支付,pending,18,
ORD006560,戴森吸尘器,家居,家居家居,3290.6,4,13162.4,2024/07/21,华东,银行卡,pending,29,男
ORD006561,宜家书架,家居,家居家居,2037.78,8,16302.24,2024/09/13,西南,银行卡,completed,64,男
ORD006562,蒙牛纯牛奶,食品,食品食品,2231.02,9,20079.18,2024/01/29,华东,支付宝,completed,50,女
ORD006563,Python编程从入门到实践,图书,图书图书,3224.24,3,9672.72,2024/02/27,西北,信用卡,completed,34,女
ORD006564,Apple Watch,电子产品,电子产品,8504.57,9,76541.13,2024/08/03,华北,银行卡,completed,35,男
ORD006565,Python编程从入门到实践,图书,图书图书,8230.43,7,57613.01,2024/05/01,西南,支付宝,completed,54,女
ORD006566,宜家书架,家居,家居家居,3963.62,5,19818.1,2024/05/18,华南,微信支付,completed,59,女
ORD006567,三体全集,图书,图书图书,5124.92,8,40999.36,2025/03/05,华中,银行卡,completed,30,女
ORD006568,罗技 MX Master 3,电子产品,电子产品,6853.34,3,20560.02,2024/07/27,西南,银行卡,completed,26,女
ORD006569,算法导论,图书,图书图书,7898.24,8,63185.92,2024/05/01,西北,信用卡,completed,42,女
ORD006570,Nike Air Max,服装,服装服装,8541.81,3,25625.43,2025/04/09,华中,微信支付,completed,53,
ORD006571,茅台酒,食品,食品食品,851.54,3,2554.62,2024/01/16,华南,支付宝,pending,54,
ORD006572,Sony WH-1000XM5,电子产品,电子产品,8974.05,1,8974.05,2024/04/15,东北,微信支付,completed,40,
ORD006573,H&M 连衣裙,服装,服装服装,362.85,10,3628.5,2025/03/22,华南,支付宝,refunded,23,女
ORD006574,百威啤酒,食品,食品食品,571.71,3,1715.13,2024/03/12,西南,支付宝,completed,35,女
ORD006575,宜家书架,家居,家居家居,7082.59,5,35412.95,2024/07/23,西南,信用卡,completed,25,
ORD006576,宜家书架,家居,家居家居,1333.08,8,10664.64,2025/01/30,西南,支付宝,pending,25,女
ORD006577,算法导论,图书,图书图书,1252.39,4,5009.56,2025/05/11,东北,支付宝,completed,25,女
ORD006578,蒙牛纯牛奶,食品,食品食品,1214.2,3,3642.6,2024/01/04,华南,支付宝,completed,42,男
ORD006579,农夫山泉,食品,食品食品,5400.59,1,5400.59,2024/03/09,西北,支付宝,pending,55,女
ORD006580,蒙牛纯牛奶,食品,食品食品,724.21,4,2896.84,2024/09/04,西北,银行卡,completed,22,
ORD006581,宜家书架,家居,家居家居,7129.32,2,14258.64,2024/01/16,西南,支付宝,pending,60,男
ORD006582,AirPods Pro,电子产品,电子产品,1290.12,4,5160.48,2024/03/12,西南,银行卡,completed,38,
ORD006583,原则,图书,图书图书,5297.69,2,10595.38,2024/07/31,西南,微信支付,pending,58,女
ORD006584,小熊加湿器,家居,家居家居,7704.24,7,53929.68,2025/03/14,华中,支付宝,pending,63,女
ORD006585,三只松鼠坚果礼盒,食品,食品食品,2128.04,3,6384.12,2024/07/31,华东,支付宝,completed,26,女
ORD006586,深入理解计算机系统,图书,图书图书,6622.95,4,26491.8,2024/07/17,西北,银行卡,completed,45,
ORD006587,算法导论,图书,图书图书,9072.56,3,27217.68,2024/08/26,华东,银行卡,completed,28,男
ORD006588,Kindle Paperwhite,电子产品,电子产品,3524.05,7,24668.35,2024/11/06,东北,微信支付,cancelled,26,女
ORD006589,宜家书架,家居,家居家居,3667.08,7,25669.56,2025/02/01,华中,微信支付,completed,24,男
ORD006590,人类简史,图书,图书图书,1174.33,9,10568.97,2024/06/12,西南,信用卡,pending,44,女
ORD006591,德芙巧克力,食品,食品食品,8850.19,4,35400.76,2024/03/17,西南,支付宝,completed,65,男
ORD006592,原则,图书,图书图书,4093.48,8,32747.84,2024/09/17,西北,银行卡,pending,56,男
ORD006593,星巴克咖啡豆,食品,食品食品,7536.29,9,67826.61,2025/03/08,华中,银行卡,completed,41,男
ORD006594,Kindle Paperwhite,电子产品,电子产品,2143.66,2,4287.32,2025/05/21,西北,银行卡,completed,33,女
ORD006595,美的电饭煲,家居,家居家居,7690.5,2,15381.0,2024/04/15,东北,微信支付,completed,34,女
ORD006596,思考快与慢,图书,图书图书,3901.38,8,31211.04,2024/09/27,华南,信用卡,pending,18,男
ORD006597,iPhone 15,电子产品,电子产品,4183.18,5,20915.9,2025/01/20,西北,银行卡,completed,61,
ORD006598,Sony WH-1000XM5,电子产品,电子产品,9662.6,6,57975.6,2025/04/19,华东,支付宝,completed,34,男
ORD006599,蒙牛纯牛奶,食品,食品食品,9850.07,2,19700.14,2024/03/14,华东,支付宝,completed,33,男
ORD006600,Python编程从入门到实践,图书,图书图书,2771.6,5,13858.0,2024/03/01,西南,微信支付,cancelled,34,男
ORD006601,星巴克咖啡豆,食品,食品食品,604.94,4,2419.76,2024/12/16,西北,信用卡,completed,54,
ORD006602,Python编程从入门到实践,图书,图书图书,8652.62,7,60568.34,2025/01/27,华东,信用卡,completed,25,
ORD006603,罗技 MX Master 3,电子产品,电子产品,21.56,8,172.48,2025/01/20,华中,微信支付,completed,58,
ORD006604,Python编程从入门到实践,图书,图书图书,847.07,3,2541.21,2024/05/20,华东,信用卡,completed,32,男
ORD006605,北面冲锋衣,服装,服装服装,5033.31,1,5033.31,2024/06/23,西北,微信支付,completed,33,
ORD006606,人类简史,图书,图书图书,6611.53,5,33057.65,2025/05/20,西南,银行卡,completed,42,
ORD006607,茅台酒,食品,食品食品,7333.86,10,73338.6,2024/07/16,西南,微信支付,completed,27,男
ORD006608,小米台灯,家居,家居家居,2908.32,1,2908.32,2024/09/10,华南,银行卡,completed,48,
ORD006609,Apple Watch,电子产品,电子产品,4163.95,10,41639.5,2024/07/13,华南,支付宝,pending,32,
ORD006610,Kindle Paperwhite,电子产品,电子产品,8268.5,9,74416.5,2024/08/20,东北,信用卡,completed,26,
ORD006611,Levi's 501,服装,服装服装,5035.54,8,40284.32,2025/02/05,华北,微信支付,completed,61,女
ORD006612,人类简史,图书,图书图书,289.92,1,289.92,2025/04/20,西北,微信支付,completed,65,女
ORD006613,MacBook Air,电子产品,电子产品,2703.91,1,2703.91,2025/04/11,华东,支付宝,completed,43,
ORD006614,Apple Watch,电子产品,电子产品,3228.9,4,12915.6,2024/03/11,华北,微信支付,completed,57,男
ORD006615,Samsung Galaxy S24,电子产品,电子产品,3167.26,8,25338.08,2024/11/17,华南,银行卡,completed,34,
ORD006616,深入理解计算机系统,图书,图书图书,2667.95,2,5335.9,2024/01/05,华东,支付宝,completed,41,女
ORD006617,小米台灯,家居,家居家居,8944.84,3,26834.52,2024/10/04,西南,信用卡,refunded,29,女
ORD006618,Python编程从入门到实践,图书,图书图书,7029.06,4,28116.24,2024/05/06,华北,信用卡,pending,21,
ORD006619,百威啤酒,食品,食品食品,6283.11,6,37698.66,2024/02/14,西南,银行卡,completed,50,男
ORD006620,罗技 MX Master 3,电子产品,电子产品,3700.36,7,25902.52,2024/06/27,华北,微信支付,completed,53,
ORD006621,茅台酒,食品,食品食品,4282.52,2,8565.04,2024/12/22,华北,信用卡,pending,34,
ORD006622,Adidas Ultraboost,服装,服装服装,9306.61,8,74452.88,2024/08/03,华南,支付宝,completed,26,女
ORD006623,星巴克咖啡豆,食品,食品食品,5308.55,3,15925.65,2024/09/28,华中,信用卡,completed,27,女
ORD006624,小米台灯,家居,家居家居,61.1,10,611.0,2025/04/19,华南,支付宝,completed,19,
ORD006625,人类简史,图书,图书图书,81.65,8,653.2,2025/01/16,东北,信用卡,completed,51,女
ORD006626,New Balance 574,服装,服装服装,7122.65,7,49858.55,2024/09/21,华中,银行卡,completed,22,女
ORD006627,北面冲锋衣,服装,服装服装,1426.0,9,12834.0,2025/04/06,华南,银行卡,cancelled,33,女
ORD006628,Apple Watch,电子产品,电子产品,505.56,7,3538.92,2024/02/13,西南,微信支付,completed,53,
ORD006629,Zara 西装外套,服装,服装服装,8283.44,3,24850.32,2025/05/18,西北,微信支付,completed,35,
ORD006630,农夫山泉,食品,食品食品,1454.96,2,2909.92,2024/04/09,华北,微信支付,completed,53,
ORD006631,德芙巧克力,食品,食品食品,5800.43,5,29002.15,2025/02/14,华北,支付宝,completed,50,男
ORD006632,Kindle Paperwhite,电子产品,电子产品,2251.85,7,15762.95,2024/11/09,华中,银行卡,cancelled,28,
ORD006633,iPhone 15,电子产品,电子产品,2305.0,4,9220.0,2024/08/03,华东,银行卡,pending,52,女
ORD006634,思考快与慢,图书,图书图书,3960.33,10,39603.3,2024/08/22,东北,支付宝,completed,55,男
ORD006635,H&M 连衣裙,服装,服装服装,9653.02,6,57918.12,2024/11/07,华南,信用卡,pending,32,女
ORD006636,戴森吸尘器,家居,家居家居,9567.12,6,57402.72,2024/05/20,东北,微信支付,completed,33,
ORD006637,Adidas Ultraboost,服装,服装服装,1132.12,4,4528.48,2025/04/23,华北,银行卡,pending,19,女
ORD006638,Apple Watch,电子产品,电子产品,9921.62,10,99216.2,2024/09/19,华南,微信支付,completed,43,
ORD006639,原则,图书,图书图书,8695.54,1,8695.54,2024/12/20,华东,信用卡,completed,39,男
ORD006640,iPhone 15,电子产品,电子产品,1305.37,7,9137.59,2025/02/11,东北,微信支付,completed,42,男
ORD006641,Levi's 501,服装,服装服装,7370.58,5,36852.9,2024/12/26,华东,微信支付,refunded,18,女
ORD006642,MacBook Air,电子产品,电子产品,3954.05,9,35586.45,2024/04/21,东北,信用卡,completed,30,
ORD006643,网易严选床垫,家居,家居家居,5413.11,8,43304.88,2024/01/07,西北,信用卡,completed,52,女
ORD006644,iPad Air,电子产品,电子产品,6315.82,1,6315.82,2024/11/22,东北,微信支付,cancelled,37,女
ORD006645,Kindle Paperwhite,电子产品,电子产品,9440.02,1,9440.02,2024/12/04,华中,信用卡,refunded,22,男
ORD006646,New Balance 574,服装,服装服装,2328.27,10,23282.7,2025/03/05,华北,信用卡,completed,34,女
ORD006647,Zara 西装外套,服装,服装服装,3049.5,6,18297.0,2024/10/30,华中,支付宝,pending,43,
ORD006648,Nike Air Max,服装,服装服装,6319.12,7,44233.84,2024/08/13,华南,支付宝,completed,48,
ORD006649,小熊加湿器,家居,家居家居,801.56,9,7214.04,2024/10/02,华中,信用卡,refunded,21,女
ORD006650,Zara 西装外套,服装,服装服装,7061.72,3,21185.16,2024/08/15,西北,信用卡,completed,23,女
ORD006651,戴森吸尘器,家居,家居家居,8462.38,8,67699.04,2024/07/07,华东,银行卡,completed,59,女
ORD006652,网易严选床垫,家居,家居家居,2885.93,9,25973.37,2024/06/15,华中,银行卡,pending,45,男
ORD006653,Dell XPS 15,电子产品,电子产品,6727.59,1,6727.59,2025/05/17,华北,银行卡,completed,35,
ORD006654,三只松鼠坚果礼盒,食品,食品食品,2517.13,7,17619.91,2024/06/24,华东,信用卡,pending,49,男
ORD006655,罗技 MX Master 3,电子产品,电子产品,2384.34,3,7153.02,2025/02/16,西南,信用卡,completed,37,女
ORD006656,H&M 连衣裙,服装,服装服装,9136.56,1,9136.56,2024/12/05,华南,信用卡,pending,57,女
ORD006657,Dell XPS 15,电子产品,电子产品,2427.53,3,7282.59,2024/01/22,华南,支付宝,pending,61,女
ORD006658,AirPods Pro,电子产品,电子产品,8604.04,7,60228.28,2024/02/14,东北,支付宝,pending,32,女
ORD006659,北面冲锋衣,服装,服装服装,2794.83,8,22358.64,2025/04/23,华中,微信支付,pending,48,
ORD006660,Adidas Ultraboost,服装,服装服装,2073.28,6,12439.68,2024/08/03,华东,微信支付,pending,51,男
ORD006661,AirPods Pro,电子产品,电子产品,8949.97,7,62649.79,2025/05/14,东北,微信支付,completed,22,
ORD006662,网易严选床垫,家居,家居家居,6263.24,6,37579.44,2025/02/08,华中,信用卡,completed,42,女
ORD006663,星巴克咖啡豆,食品,食品食品,6048.8,8,48390.4,2025/01/19,西北,支付宝,refunded,59,
ORD006664,星巴克咖啡豆,食品,食品食品,9213.14,9,82918.26,2024/05/22,华北,信用卡,pending,45,
ORD006665,三体全集,图书,图书图书,7177.36,2,14354.72,2024/05/31,西北,信用卡,completed,63,
ORD006666,Dell XPS 15,电子产品,电子产品,4789.79,8,38318.32,2025/05/09,华南,银行卡,completed,27,男
ORD006667,德芙巧克力,食品,食品食品,4915.09,2,9830.18,2024/11/15,华南,支付宝,pending,41,女
ORD006668,iPhone 15,电子产品,电子产品,6546.78,1,6546.78,2025/03/19,华北,微信支付,completed,37,女
ORD006669,三只松鼠坚果礼盒,食品,食品食品,6459.73,1,6459.73,2025/01/11,华中,信用卡,cancelled,56,男
ORD006670,Nike Air Max,服装,服装服装,7556.76,8,60454.08,2024/01/18,华中,信用卡,pending,64,女
ORD006671,Python编程从入门到实践,图书,图书图书,8402.22,7,58815.54,2024/08/26,华北,支付宝,pending,26,女
ORD006672,iPhone 15,电子产品,电子产品,2235.74,10,22357.4,2024/04/10,华北,银行卡,cancelled,36,女
ORD006673,网易严选床垫,家居,家居家居,728.68,10,7286.8,2024/11/17,华北,支付宝,pending,52,
ORD006674,iPad Air,电子产品,电子产品,3605.97,2,7211.94,2024/12/26,西南,信用卡,completed,59,女
ORD006675,星巴克咖啡豆,食品,食品食品,7928.42,9,71355.78,2024/02/06,东北,信用卡,refunded,29,男
ORD006676,Adidas Ultraboost,服装,服装服装,1980.25,5,9901.25,2024/09/07,华中,支付宝,cancelled,41,女
ORD006677,思考快与慢,图书,图书图书,9301.18,5,46505.9,2024/05/02,华北,支付宝,pending,42,男
ORD006678,Levi's 501,服装,服装服装,1256.35,1,1256.35,2025/01/03,东北,银行卡,completed,52,男
ORD006679,星巴克咖啡豆,食品,食品食品,8305.08,8,66440.64,2024/04/15,东北,银行卡,completed,29,女
ORD006680,算法导论,图书,图书图书,6761.67,5,33808.35,2025/05/03,东北,微信支付,refunded,61,男
ORD006681,优衣库羽绒服,服装,服装服装,7121.18,8,56969.44,2024/06/13,华南,微信支付,completed,25,女
ORD006682,Python编程从入门到实践,图书,图书图书,1680.16,1,1680.16,2025/05/31,华南,支付宝,completed,32,
ORD006683,农夫山泉,食品,食品食品,4293.4,10,42934.0,2025/01/08,华东,信用卡,completed,49,女
ORD006684,人类简史,图书,图书图书,6819.61,10,68196.1,2024/06/20,华中,支付宝,cancelled,22,
ORD006685,iPad Air,电子产品,电子产品,261.57,8,2092.56,2024/02/01,华北,银行卡,completed,41,
ORD006686,良品铺子零食包,食品,食品食品,3169.57,5,15847.85,2024/09/23,华北,微信支付,refunded,59,女
ORD006687,思考快与慢,图书,图书图书,319.5,6,1917.0,2024/07/20,西南,微信支付,completed,36,女
ORD006688,茅台酒,食品,食品食品,1648.42,7,11538.94,2025/01/13,华东,支付宝,completed,20,男
ORD006689,思考快与慢,图书,图书图书,9240.3,9,83162.7,2024/08/20,华北,支付宝,cancelled,35,
ORD006690,百威啤酒,食品,食品食品,2949.18,1,2949.18,2024/06/13,西北,微信支付,completed,48,男
ORD006691,Nike Air Max,服装,服装服装,8547.6,1,8547.6,2024/08/10,西南,微信支付,completed,49,男
ORD006692,算法导论,图书,图书图书,6125.25,9,55127.25,2024/06/23,西北,支付宝,refunded,49,女
ORD006693,iPad Air,电子产品,电子产品,4446.59,7,31126.13,2025/05/17,华中,支付宝,completed,47,男
ORD006694,思考快与慢,图书,图书图书,1529.05,10,15290.5,2024/11/20,东北,信用卡,pending,31,
ORD006695,美的电饭煲,家居,家居家居,9167.51,10,91675.1,2024/02/29,华南,支付宝,cancelled,59,男
ORD006696,Python编程从入门到实践,图书,图书图书,817.29,3,2451.87,2024/05/15,东北,支付宝,cancelled,32,男
ORD006697,北面冲锋衣,服装,服装服装,9321.87,1,9321.87,2024/01/16,东北,支付宝,refunded,61,
ORD006698,人类简史,图书,图书图书,2995.07,8,23960.56,2024/09/01,华北,银行卡,completed,22,女
ORD006699,Dell XPS 15,电子产品,电子产品,8180.22,7,57261.54,2025/05/10,华中,信用卡,pending,38,
ORD006700,百威啤酒,食品,食品食品,1936.42,8,15491.36,2025/05/20,华北,银行卡,pending,56,
ORD006701,MacBook Air,电子产品,电子产品,5334.08,1,5334.08,2024/01/09,华南,信用卡,completed,49,
ORD006702,茅台酒,食品,食品食品,1775.18,10,17751.8,2025/03/12,西北,信用卡,cancelled,56,女
ORD006703,深入理解计算机系统,图书,图书图书,9633.08,3,28899.24,2024/05/05,东北,微信支付,completed,62,女
ORD006704,宜家书架,家居,家居家居,4781.29,6,28687.74,2024/07/26,华东,支付宝,pending,55,
ORD006705,优衣库羽绒服,服装,服装服装,6427.83,6,38566.98,2024/05/26,西北,微信支付,refunded,26,
ORD006706,Python编程从入门到实践,图书,图书图书,4793.38,4,19173.52,2024/10/28,东北,微信支付,completed,51,女
ORD006707,星巴克咖啡豆,食品,食品食品,1170.54,7,8193.78,2024/10/04,华南,信用卡,completed,61,
ORD006708,德芙巧克力,食品,食品食品,168.17,3,504.51,2025/04/29,华北,银行卡,completed,43,女
ORD006709,AirPods Pro,电子产品,电子产品,6581.81,5,32909.05,2024/08/30,华北,支付宝,completed,46,
ORD006710,美的电饭煲,家居,家居家居,7860.6,1,7860.6,2025/03/07,华南,银行卡,completed,32,男
ORD006711,网易严选床垫,家居,家居家居,5187.4,7,36311.8,2024/10/11,华北,银行卡,refunded,43,
ORD006712,三体全集,图书,图书图书,9740.2,1,9740.2,2025/05/01,西南,银行卡,completed,54,
ORD006713,农夫山泉,食品,食品食品,4752.14,3,14256.42,2025/05/19,华东,支付宝,completed,63,男
ORD006714,算法导论,图书,图书图书,7700.95,6,46205.7,2024/02/15,华北,支付宝,cancelled,53,
ORD006715,Python编程从入门到实践,图书,图书图书,2827.29,2,5654.58,2025/04/22,华北,微信支付,completed,31,
ORD006716,德芙巧克力,食品,食品食品,8676.18,8,69409.44,2025/01/28,华北,支付宝,completed,39,男
ORD006717,良品铺子零食包,食品,食品食品,3528.55,1,3528.55,2024/02/17,东北,微信支付,completed,29,男
ORD006718,Apple Watch,电子产品,电子产品,2766.06,7,19362.42,2024/07/14,华中,信用卡,completed,19,女
ORD006719,算法导论,图书,图书图书,5393.86,10,53938.6,2024/09/03,华东,信用卡,completed,55,
ORD006720,蒙牛纯牛奶,食品,食品食品,7013.57,9,63122.13,2025/03/08,西南,支付宝,pending,65,
ORD006721,深入理解计算机系统,图书,图书图书,5294.09,5,26470.45,2024/04/01,西北,信用卡,completed,63,男
ORD006722,蒙牛纯牛奶,食品,食品食品,6714.61,6,40287.66,2024/11/20,华南,支付宝,cancelled,46,女
ORD006723,美的电饭煲,家居,家居家居,2345.63,5,11728.15,2025/05/29,华北,银行卡,pending,25,女
ORD006724,Samsung Galaxy S24,电子产品,电子产品,6998.06,6,41988.36,2024/03/26,西北,银行卡,pending,44,女
ORD006725,农夫山泉,食品,食品食品,9540.77,8,76326.16,2024/07/24,华南,支付宝,completed,43,女
ORD006726,美的电饭煲,家居,家居家居,3147.07,7,22029.49,2024/10/23,华北,微信支付,completed,22,
ORD006727,思考快与慢,图书,图书图书,3001.98,3,9005.94,2024/11/10,华中,信用卡,completed,47,男
ORD006728,Dell XPS 15,电子产品,电子产品,1928.06,10,19280.6,2024/08/07,西北,支付宝,pending,26,女
ORD006729,三只松鼠坚果礼盒,食品,食品食品,2224.62,2,4449.24,2025/01/05,华中,信用卡,cancelled,34,男
ORD006730,Apple Watch,电子产品,电子产品,5933.35,8,47466.8,2024/08/08,西北,支付宝,completed,34,男
ORD006731,Python编程从入门到实践,图书,图书图书,4511.02,9,40599.18,2025/03/04,东北,支付宝,completed,45,
ORD006732,小熊加湿器,家居,家居家居,4529.51,4,18118.04,2024/10/01,华北,信用卡,pending,24,男
ORD006733,罗技 MX Master 3,电子产品,电子产品,4519.73,4,18078.92,2025/05/11,华东,信用卡,completed,18,
ORD006734,宜家书架,家居,家居家居,4175.15,10,41751.5,2024/12/04,华东,支付宝,completed,64,男
ORD006735,优衣库羽绒服,服装,服装服装,2394.16,8,19153.28,2025/03/25,西北,支付宝,completed,36,男
ORD006736,Kindle Paperwhite,电子产品,电子产品,9583.71,6,57502.26,2025/04/15,东北,支付宝,completed,34,女
ORD006737,宜家书架,家居,家居家居,2612.74,1,2612.74,2025/02/12,西北,支付宝,pending,65,
ORD006738,农夫山泉,食品,食品食品,5640.4,8,45123.2,2025/03/30,华北,信用卡,pending,27,
ORD006739,网易严选床垫,家居,家居家居,6040.56,2,12081.12,2025/03/23,华东,支付宝,completed,51,女
ORD006740,深入理解计算机系统,图书,图书图书,9990.89,4,39963.56,2025/04/04,西南,银行卡,completed,59,
ORD006741,iPhone 15,电子产品,电子产品,8743.41,2,17486.82,2024/10/21,华中,支付宝,completed,58,女
ORD006742,AirPods Pro,电子产品,电子产品,4192.03,10,41920.3,2025/05/14,西南,支付宝,refunded,44,
ORD006743,小米台灯,家居,家居家居,248.09,2,496.18,2024/07/17,西南,银行卡,completed,42,男
ORD006744,德芙巧克力,食品,食品食品,5574.1,7,39018.7,2024/11/29,东北,微信支付,cancelled,38,女
ORD006745,原则,图书,图书图书,2504.42,4,10017.68,2024/06/18,西北,支付宝,completed,61,
ORD006746,三只松鼠坚果礼盒,食品,食品食品,6800.07,2,13600.14,2024/09/19,西南,银行卡,completed,42,
ORD006747,Adidas Ultraboost,服装,服装服装,765.98,1,765.98,2024/05/01,东北,支付宝,completed,44,女
ORD006748,小米台灯,家居,家居家居,8798.71,4,35194.84,2024/01/27,华中,支付宝,completed,21,
ORD006749,深入理解计算机系统,图书,图书图书,8694.49,2,17388.98,2025/04/11,华北,信用卡,refunded,34,
ORD006750,三只松鼠坚果礼盒,食品,食品食品,7980.96,6,47885.76,2024/08/01,东北,信用卡,completed,48,女
ORD006751,宜家书架,家居,家居家居,2067.14,9,18604.26,2024/04/27,东北,支付宝,cancelled,22,女
ORD006752,Nike Air Max,服装,服装服装,111.43,1,111.43,2024/07/29,东北,微信支付,pending,48,女
ORD006753,农夫山泉,食品,食品食品,9299.0,5,46495.0,2024/01/19,华东,银行卡,cancelled,59,男
ORD006754,网易严选床垫,家居,家居家居,9386.74,7,65707.18,2025/05/29,西南,支付宝,completed,30,男
ORD006755,九阳豆浆机,家居,家居家居,8609.0,2,17218.0,2024/09/11,华中,支付宝,completed,60,女
ORD006756,九阳豆浆机,家居,家居家居,2202.45,2,4404.9,2024/03/06,东北,支付宝,refunded,50,男
ORD006757,Nike Air Max,服装,服装服装,4884.64,2,9769.28,2024/12/09,华北,信用卡,completed,33,女
ORD006758,Adidas Ultraboost,服装,服装服装,208.06,7,1456.42,2025/02/27,西北,支付宝,cancelled,64,
ORD006759,Samsung Galaxy S24,电子产品,电子产品,3341.72,5,16708.6,2025/03/18,西北,信用卡,refunded,45,男
ORD006760,Levi's 501,服装,服装服装,1003.58,10,10035.8,2024/09/08,华中,支付宝,completed,19,男
ORD006761,iPhone 15,电子产品,电子产品,1651.25,4,6605.0,2024/10/28,西南,微信支付,completed,60,
ORD006762,iPhone 15,电子产品,电子产品,4479.65,6,26877.9,2024/09/02,华北,银行卡,completed,59,
ORD006763,良品铺子零食包,食品,食品食品,8477.66,10,84776.6,2024/04/06,华中,支付宝,completed,47,女
ORD006764,网易严选床垫,家居,家居家居,335.5,7,2348.5,2024/07/11,西北,支付宝,completed,44,女
ORD006765,优衣库羽绒服,服装,服装服装,4509.08,9,40581.72,2025/04/24,华东,银行卡,completed,33,女
ORD006766,三只松鼠坚果礼盒,食品,食品食品,5735.82,8,45886.56,2025/05/13,西北,信用卡,completed,26,男
ORD006767,iPhone 15,电子产品,电子产品,6032.56,3,18097.68,2024/03/10,华中,微信支付,cancelled,19,男
ORD006768,Nike Air Max,服装,服装服装,9487.58,2,18975.16,2025/02/02,华中,微信支付,cancelled,64,男
ORD006769,Samsung Galaxy S24,电子产品,电子产品,9899.63,10,98996.3,2025/04/09,西南,银行卡,completed,47,女
ORD006770,AirPods Pro,电子产品,电子产品,9123.36,3,27370.08,2024/10/10,华东,信用卡,cancelled,29,男
ORD006771,深入理解计算机系统,图书,图书图书,2062.09,4,8248.36,2024/01/22,西南,银行卡,pending,21,女
ORD006772,Samsung Galaxy S24,电子产品,电子产品,436.87,9,3931.83,2024/12/09,西南,信用卡,pending,26,男
ORD006773,Nike Air Max,服装,服装服装,1158.49,6,6950.94,2024/11/03,东北,支付宝,completed,26,
ORD006774,宜家书架,家居,家居家居,1619.95,2,3239.9,2025/02/26,华南,支付宝,completed,55,女
ORD006775,Apple Watch,电子产品,电子产品,1063.51,9,9571.59,2025/02/20,东北,银行卡,completed,21,女
ORD006776,Apple Watch,电子产品,电子产品,3413.31,10,34133.1,2025/01/27,华北,支付宝,completed,30,
ORD006777,德芙巧克力,食品,食品食品,1276.87,3,3830.61,2025/05/24,华东,信用卡,pending,25,
ORD006778,蒙牛纯牛奶,食品,食品食品,8967.79,3,26903.37,2024/06/28,华北,银行卡,completed,57,
ORD006779,Levi's 501,服装,服装服装,5726.59,7,40086.13,2024/11/01,西南,微信支付,completed,62,男
ORD006780,三体全集,图书,图书图书,2050.75,10,20507.5,2025/05/21,华中,支付宝,completed,23,女
ORD006781,New Balance 574,服装,服装服装,8817.44,6,52904.64,2024/09/30,西北,银行卡,completed,36,
ORD006782,北面冲锋衣,服装,服装服装,4705.0,2,9410.0,2024/01/04,华东,微信支付,completed,47,男
ORD006783,Nike Air Max,服装,服装服装,4098.63,2,8197.26,2024/08/13,东北,银行卡,completed,46,女
ORD006784,三体全集,图书,图书图书,4459.41,4,17837.64,2024/08/20,西北,支付宝,completed,54,男
ORD006785,茅台酒,食品,食品食品,7586.36,3,22759.08,2025/05/28,东北,信用卡,pending,43,女
ORD006786,Zara 西装外套,服装,服装服装,6286.99,7,44008.93,2024/09/01,华南,支付宝,completed,29,男
ORD006787,美的电饭煲,家居,家居家居,5784.52,1,5784.52,2024/03/13,华中,银行卡,completed,65,
ORD006788,Zara 西装外套,服装,服装服装,5102.74,1,5102.74,2025/03/09,东北,微信支付,completed,27,女
ORD006789,思考快与慢,图书,图书图书,1484.61,10,14846.1,2024/08/25,华北,银行卡,completed,20,男
ORD006790,iPhone 15,电子产品,电子产品,6443.96,4,25775.84,2025/05/15,东北,支付宝,completed,35,
ORD006791,星巴克咖啡豆,食品,食品食品,9718.76,2,19437.52,2025/02/17,西北,信用卡,completed,37,
ORD006792,小熊加湿器,家居,家居家居,8711.87,8,69694.96,2024/11/04,华北,微信支付,completed,30,女
ORD006793,优衣库羽绒服,服装,服装服装,1106.77,8,8854.16,2024/09/02,西南,银行卡,pending,60,男
ORD006794,农夫山泉,食品,食品食品,8806.93,1,8806.93,2024/01/18,西南,银行卡,pending,22,
ORD006795,百威啤酒,食品,食品食品,6336.13,4,25344.52,2024/03/02,华东,支付宝,completed,51,男
ORD006796,算法导论,图书,图书图书,235.54,1,235.54,2024/02/12,华中,微信支付,completed,21,
ORD006797,网易严选床垫,家居,家居家居,1067.7,10,10677.0,2025/05/27,华南,信用卡,cancelled,24,
ORD006798,Levi's 501,服装,服装服装,5952.57,4,23810.28,2024/09/28,华南,支付宝,completed,42,
ORD006799,蒙牛纯牛奶,食品,食品食品,5501.89,6,33011.34,2024/11/29,华北,支付宝,completed,19,
ORD006800,三体全集,图书,图书图书,8059.86,2,16119.72,2024/09/26,华北,支付宝,completed,51,
ORD006801,Levi's 501,服装,服装服装,161.38,7,1129.66,2024/05/07,华南,银行卡,completed,62,
ORD006802,Dell XPS 15,电子产品,电子产品,3129.97,7,21909.79,2025/04/29,华东,支付宝,completed,40,男
ORD006803,九阳豆浆机,家居,家居家居,8548.48,8,68387.84,2024/04/13,华中,支付宝,completed,25,
ORD006804,三只松鼠坚果礼盒,食品,食品食品,6602.06,7,46214.42,2024/08/29,华中,银行卡,completed,51,
ORD006805,思考快与慢,图书,图书图书,2350.48,5,11752.4,2024/02/12,华北,微信支付,pending,47,
ORD006806,小熊加湿器,家居,家居家居,117.24,10,1172.4,2024/03/11,华中,支付宝,pending,64,男
ORD006807,优衣库羽绒服,服装,服装服装,8710.94,3,26132.82,2024/11/08,华中,支付宝,pending,42,女
ORD006808,原则,图书,图书图书,9911.48,5,49557.4,2025/04/09,西北,银行卡,completed,20,
ORD006809,网易严选床垫,家居,家居家居,7667.7,8,61341.6,2024/10/19,华南,信用卡,completed,53,
ORD006810,深入理解计算机系统,图书,图书图书,4793.43,2,9586.86,2024/12/14,西北,银行卡,completed,23,
ORD006811,小米台灯,家居,家居家居,811.16,10,8111.6,2024/08/17,华东,支付宝,pending,32,
ORD006812,三体全集,图书,图书图书,7826.14,10,78261.4,2025/04/03,华东,银行卡,completed,31,
ORD006813,Nike Air Max,服装,服装服装,3715.18,7,26006.26,2024/03/08,东北,支付宝,cancelled,48,
ORD006814,New Balance 574,服装,服装服装,1308.08,4,5232.32,2024/06/27,华南,微信支付,pending,26,女
ORD006815,Zara 西装外套,服装,服装服装,25.59,6,153.54,2024/06/07,华中,微信支付,completed,53,女
ORD006816,MacBook Air,电子产品,电子产品,9536.84,3,28610.52,2024/05/30,西北,支付宝,completed,45,女
ORD006817,MacBook Air,电子产品,电子产品,7705.14,1,7705.14,2025/02/05,华东,信用卡,completed,54,男
ORD006818,宜家书架,家居,家居家居,7007.02,3,21021.06,2024/11/24,东北,微信支付,completed,26,女
ORD006819,美的电饭煲,家居,家居家居,6073.87,2,12147.74,2024/07/08,西南,支付宝,refunded,40,
ORD006820,戴森吸尘器,家居,家居家居,3100.81,2,6201.62,2024/09/19,华南,微信支付,completed,33,
ORD006821,德芙巧克力,食品,食品食品,2282.25,7,15975.75,2024/02/20,华南,信用卡,pending,59,男
ORD006822,茅台酒,食品,食品食品,5543.07,6,33258.42,2024/11/08,华南,银行卡,completed,39,女
ORD006823,戴森吸尘器,家居,家居家居,5317.57,1,5317.57,2024/03/06,东北,支付宝,completed,32,男
ORD006824,算法导论,图书,图书图书,1835.88,4,7343.52,2024/05/05,华东,微信支付,completed,52,
ORD006825,网易严选床垫,家居,家居家居,5410.73,3,16232.19,2024/07/19,华中,信用卡,pending,50,女
ORD006826,小熊加湿器,家居,家居家居,779.76,10,7797.6,2024/10/16,东北,信用卡,completed,18,
ORD006827,iPad Air,电子产品,电子产品,4253.26,9,38279.34,2025/03/18,华南,微信支付,completed,47,
ORD006828,德芙巧克力,食品,食品食品,8050.82,4,32203.28,2024/05/29,华东,信用卡,pending,25,男
ORD006829,三只松鼠坚果礼盒,食品,食品食品,3056.22,2,6112.44,2025/03/25,华东,银行卡,pending,25,女
ORD006830,优衣库羽绒服,服装,服装服装,4828.17,5,24140.85,2025/02/17,华南,银行卡,pending,38,女
ORD006831,New Balance 574,服装,服装服装,1314.82,5,6574.1,2024/05/27,华中,支付宝,refunded,31,
ORD006832,百威啤酒,食品,食品食品,4676.94,2,9353.88,2024/12/23,华南,微信支付,pending,65,
ORD006833,Levi's 501,服装,服装服装,8597.53,5,42987.65,2024/05/04,东北,支付宝,pending,60,男
ORD006834,小熊加湿器,家居,家居家居,2509.74,4,10038.96,2024/01/30,华南,银行卡,pending,34,女
ORD006835,iPhone 15,电子产品,电子产品,4169.79,5,20848.95,2024/11/30,东北,微信支付,pending,23,女
ORD006836,茅台酒,食品,食品食品,4385.84,7,30700.88,2024/05/02,华中,银行卡,cancelled,42,男
ORD006837,九阳豆浆机,家居,家居家居,2494.87,1,2494.87,2025/01/21,西南,支付宝,completed,61,男
ORD006838,戴森吸尘器,家居,家居家居,5390.32,3,16170.96,2025/03/17,华中,微信支付,pending,32,
ORD006839,人类简史,图书,图书图书,9654.53,7,67581.71,2024/09/21,西南,银行卡,completed,46,男
ORD006840,宜家书架,家居,家居家居,8268.34,9,74415.06,2025/05/05,华东,银行卡,completed,40,男
ORD006841,良品铺子零食包,食品,食品食品,6476.86,3,19430.58,2024/06/28,西北,银行卡,completed,44,男
ORD006842,九阳豆浆机,家居,家居家居,621.15,1,621.15,2024/06/17,西南,微信支付,completed,56,
ORD006843,Levi's 501,服装,服装服装,2666.4,6,15998.4,2025/05/20,西南,微信支付,completed,38,男
ORD006844,戴森吸尘器,家居,家居家居,545.66,10,5456.6,2024/04/19,华东,银行卡,completed,37,
ORD006845,美的电饭煲,家居,家居家居,132.67,4,530.68,2024/11/02,西南,银行卡,completed,20,男
ORD006846,九阳豆浆机,家居,家居家居,3936.23,3,11808.69,2025/04/19,西北,支付宝,completed,50,女
ORD006847,星巴克咖啡豆,食品,食品食品,5501.3,4,22005.2,2024/10/13,西北,信用卡,pending,41,
ORD006848,算法导论,图书,图书图书,5781.41,7,40469.87,2024/04/07,西南,银行卡,refunded,31,女
ORD006849,优衣库羽绒服,服装,服装服装,3958.44,7,27709.08,2024/12/16,华北,微信支付,completed,21,男
ORD006850,小米台灯,家居,家居家居,9868.24,8,78945.92,2024/06/22,华东,信用卡,completed,48,
ORD006851,Nike Air Max,服装,服装服装,8952.35,7,62666.45,2024/03/25,华东,信用卡,completed,56,男
ORD006852,优衣库羽绒服,服装,服装服装,1444.56,8,11556.48,2024/04/27,华东,银行卡,completed,51,男
ORD006853,蒙牛纯牛奶,食品,食品食品,4132.39,2,8264.78,2024/12/22,西北,支付宝,completed,33,男
ORD006854,New Balance 574,服装,服装服装,4905.92,10,49059.2,2024/04/20,东北,信用卡,refunded,57,
ORD006855,美的电饭煲,家居,家居家居,436.73,6,2620.38,2025/03/30,华中,银行卡,completed,37,女
ORD006856,H&M 连衣裙,服装,服装服装,2796.27,5,13981.35,2024/09/28,东北,银行卡,completed,60,女
ORD006857,小米台灯,家居,家居家居,8641.86,7,60493.02,2025/02/06,华北,信用卡,completed,62,女
ORD006858,德芙巧克力,食品,食品食品,1756.18,1,1756.18,2025/02/02,华中,微信支付,pending,43,女
ORD006859,原则,图书,图书图书,1975.16,2,3950.32,2024/11/25,东北,微信支付,cancelled,30,
ORD006860,优衣库羽绒服,服装,服装服装,1756.32,3,5268.96,2025/02/20,东北,银行卡,completed,33,女
ORD006861,Kindle Paperwhite,电子产品,电子产品,9432.72,7,66029.04,2024/11/09,西南,支付宝,refunded,21,男
ORD006862,三只松鼠坚果礼盒,食品,食品食品,3947.2,3,11841.6,2024/05/15,西南,信用卡,refunded,37,女
ORD006863,三只松鼠坚果礼盒,食品,食品食品,1420.66,9,12785.94,2024/12/14,西北,信用卡,completed,61,男
ORD006864,网易严选床垫,家居,家居家居,5129.77,7,35908.39,2024/02/09,西北,银行卡,completed,28,男
ORD006865,北面冲锋衣,服装,服装服装,1975.45,1,1975.45,2025/04/14,华南,支付宝,completed,23,
ORD006866,Nike Air Max,服装,服装服装,3420.61,5,17103.05,2024/07/26,华中,微信支付,completed,33,男
ORD006867,AirPods Pro,电子产品,电子产品,3140.96,3,9422.88,2025/02/20,西北,银行卡,completed,24,女
ORD006868,宜家书架,家居,家居家居,9877.88,7,69145.16,2025/04/04,华东,支付宝,pending,38,
ORD006869,良品铺子零食包,食品,食品食品,8586.63,9,77279.67,2024/07/21,华中,信用卡,completed,57,
ORD006870,网易严选床垫,家居,家居家居,456.0,5,2280.0,2024/08/01,西南,信用卡,completed,36,
ORD006871,Kindle Paperwhite,电子产品,电子产品,9285.71,3,27857.13,2025/03/22,华中,支付宝,completed,39,女
ORD006872,AirPods Pro,电子产品,电子产品,2352.96,1,2352.96,2024/07/08,华南,银行卡,completed,64,男
ORD006873,小熊加湿器,家居,家居家居,4351.76,3,13055.28,2024/12/11,华中,银行卡,completed,59,女
ORD006874,美的电饭煲,家居,家居家居,5822.18,6,34933.08,2025/02/17,西南,支付宝,completed,47,男
ORD006875,Apple Watch,电子产品,电子产品,9044.73,3,27134.19,2024/12/06,华东,信用卡,completed,28,男
ORD006876,Apple Watch,电子产品,电子产品,3294.19,1,3294.19,2024/10/04,华南,银行卡,completed,62,
ORD006877,原则,图书,图书图书,274.43,3,823.29,2024/04/20,华南,信用卡,completed,31,
ORD006878,算法导论,图书,图书图书,9546.05,8,76368.4,2024/10/24,华中,支付宝,cancelled,42,男
ORD006879,宜家书架,家居,家居家居,8168.67,10,81686.7,2024/08/03,华东,银行卡,pending,51,女
ORD006880,iPad Air,电子产品,电子产品,6397.73,3,19193.19,2024/01/03,西南,信用卡,completed,64,男
ORD006881,iPad Air,电子产品,电子产品,5932.51,9,53392.59,2025/05/18,西南,信用卡,completed,45,女
ORD006882,思考快与慢,图书,图书图书,6517.08,2,13034.16,2024/09/09,东北,支付宝,completed,56,
ORD006883,星巴克咖啡豆,食品,食品食品,9489.23,1,9489.23,2024/01/09,华东,支付宝,cancelled,32,女
ORD006884,人类简史,图书,图书图书,9015.39,3,27046.17,2025/04/07,华南,信用卡,completed,60,男
ORD006885,Levi's 501,服装,服装服装,7309.4,8,58475.2,2024/01/03,华东,银行卡,cancelled,60,女
ORD006886,茅台酒,食品,食品食品,5833.28,8,46666.24,2024/10/04,西南,银行卡,completed,27,女
ORD006887,算法导论,图书,图书图书,9365.13,6,56190.78,2024/09/15,东北,信用卡,completed,34,男
ORD006888,H&M 连衣裙,服装,服装服装,2123.74,1,2123.74,2025/03/12,华东,微信支付,completed,42,男
ORD006889,原则,图书,图书图书,2245.81,1,2245.81,2024/11/24,华东,微信支付,completed,34,
ORD006890,星巴克咖啡豆,食品,食品食品,8816.52,10,88165.2,2024/02/12,华中,信用卡,completed,52,男
ORD006891,北面冲锋衣,服装,服装服装,4612.22,8,36897.76,2024/03/04,华东,支付宝,pending,30,
ORD006892,H&M 连衣裙,服装,服装服装,7626.7,5,38133.5,2024/01/26,华北,微信支付,completed,25,女
ORD006893,Samsung Galaxy S24,电子产品,电子产品,3989.36,9,35904.24,2024/05/29,华东,支付宝,pending,54,女
ORD006894,良品铺子零食包,食品,食品食品,7704.23,3,23112.69,2025/03/19,华东,银行卡,completed,24,男
ORD006895,Sony WH-1000XM5,电子产品,电子产品,7245.51,9,65209.59,2024/01/24,西北,微信支付,refunded,61,男
ORD006896,戴森吸尘器,家居,家居家居,2936.63,7,20556.41,2024/10/10,华东,信用卡,pending,36,男
ORD006897,九阳豆浆机,家居,家居家居,5900.25,6,35401.5,2024/08/06,华南,微信支付,completed,55,女
ORD006898,Nike Air Max,服装,服装服装,6847.96,2,13695.92,2024/05/07,华南,微信支付,completed,58,女
ORD006899,Apple Watch,电子产品,电子产品,7729.04,6,46374.24,2024/03/06,华北,支付宝,completed,20,
ORD006900,三体全集,图书,图书图书,8034.99,2,16069.98,2024/10/18,华中,支付宝,completed,36,女
ORD006901,小熊加湿器,家居,家居家居,1900.97,8,15207.76,2024/06/12,华北,支付宝,completed,24,男
ORD006902,深入理解计算机系统,图书,图书图书,4273.35,4,17093.4,2025/01/10,西南,信用卡,completed,33,男
ORD006903,MacBook Air,电子产品,电子产品,3208.46,4,12833.84,2024/02/13,华东,银行卡,pending,40,
ORD006904,Adidas Ultraboost,服装,服装服装,4854.02,8,38832.16,2025/05/28,华北,支付宝,pending,58,
ORD006905,Sony WH-1000XM5,电子产品,电子产品,2517.08,1,2517.08,2024/05/23,华中,支付宝,cancelled,48,男
ORD006906,三只松鼠坚果礼盒,食品,食品食品,8148.72,9,73338.48,2024/01/01,西北,支付宝,completed,51,男
ORD006907,农夫山泉,食品,食品食品,4441.74,7,31092.18,2025/05/26,华南,银行卡,completed,57,男
ORD006908,百威啤酒,食品,食品食品,9071.32,9,81641.88,2025/04/22,西北,微信支付,pending,18,女
ORD006909,三体全集,图书,图书图书,9815.07,5,49075.35,2025/05/25,华北,银行卡,completed,36,女
ORD006910,Nike Air Max,服装,服装服装,9988.27,1,9988.27,2024/10/30,西南,支付宝,completed,42,男
ORD006911,美的电饭煲,家居,家居家居,4866.47,6,29198.82,2024/09/11,西北,信用卡,completed,35,男
ORD006912,优衣库羽绒服,服装,服装服装,18.36,6,110.16,2024/09/16,东北,银行卡,refunded,24,
ORD006913,Nike Air Max,服装,服装服装,9237.79,8,73902.32,2024/10/10,东北,银行卡,cancelled,45,女
ORD006914,Dell XPS 15,电子产品,电子产品,4696.53,3,14089.59,2024/12/13,华南,信用卡,pending,43,男
ORD006915,H&M 连衣裙,服装,服装服装,6920.89,3,20762.67,2024/12/06,华东,支付宝,completed,48,男
ORD006916,Samsung Galaxy S24,电子产品,电子产品,8124.29,10,81242.9,2025/02/10,西北,微信支付,pending,56,男
ORD006917,Kindle Paperwhite,电子产品,电子产品,9062.02,4,36248.08,2024/12/11,西南,微信支付,pending,65,
ORD006918,德芙巧克力,食品,食品食品,422.7,5,2113.5,2024/10/24,华东,信用卡,pending,39,女
ORD006919,MacBook Air,电子产品,电子产品,2763.1,2,5526.2,2024/06/26,华中,信用卡,completed,27,女
ORD006920,优衣库羽绒服,服装,服装服装,9483.66,9,85352.94,2024/08/15,华东,银行卡,completed,18,
ORD006921,良品铺子零食包,食品,食品食品,8610.94,6,51665.64,2024/09/22,西北,支付宝,completed,21,
ORD006922,iPad Air,电子产品,电子产品,7132.48,2,14264.96,2024/07/26,东北,银行卡,cancelled,46,
ORD006923,Levi's 501,服装,服装服装,9135.69,10,91356.9,2024/04/03,华中,信用卡,pending,50,女
ORD006924,思考快与慢,图书,图书图书,7026.16,6,42156.96,2024/03/02,华北,银行卡,completed,38,
ORD006925,美的电饭煲,家居,家居家居,6902.55,1,6902.55,2024/02/20,华北,银行卡,completed,18,女
ORD006926,宜家书架,家居,家居家居,825.26,3,2475.78,2024/10/01,西南,银行卡,pending,27,
ORD006927,AirPods Pro,电子产品,电子产品,1104.74,2,2209.48,2024/09/15,东北,支付宝,completed,24,男
ORD006928,原则,图书,图书图书,4710.62,2,9421.24,2025/03/05,华东,微信支付,completed,30,男
ORD006929,Python编程从入门到实践,图书,图书图书,6324.29,5,31621.45,2024/02/04,华南,银行卡,completed,42,
ORD006930,三只松鼠坚果礼盒,食品,食品食品,9871.56,6,59229.36,2024/03/05,西南,支付宝,completed,61,男
ORD006931,算法导论,图书,图书图书,5135.5,4,20542.0,2024/03/17,华中,支付宝,completed,26,女
ORD006932,德芙巧克力,食品,食品食品,2453.23,1,2453.23,2024/02/09,西南,银行卡,cancelled,42,女
ORD006933,Samsung Galaxy S24,电子产品,电子产品,617.88,4,2471.52,2024/05/08,西南,微信支付,refunded,41,女
ORD006934,九阳豆浆机,家居,家居家居,4735.71,2,9471.42,2024/12/06,东北,支付宝,completed,26,男
ORD006935,网易严选床垫,家居,家居家居,9265.98,6,55595.88,2025/01/16,华北,银行卡,refunded,22,女
ORD006936,深入理解计算机系统,图书,图书图书,4834.27,1,4834.27,2024/08/18,西南,微信支付,completed,56,
ORD006937,小米台灯,家居,家居家居,8632.96,10,86329.6,2025/02/24,西北,银行卡,completed,34,男
ORD006938,H&M 连衣裙,服装,服装服装,3591.38,4,14365.52,2025/02/03,华东,支付宝,completed,64,男
ORD006939,北面冲锋衣,服装,服装服装,726.88,4,2907.52,2025/04/30,华中,微信支付,completed,26,男
ORD006940,Python编程从入门到实践,图书,图书图书,87.06,8,696.48,2025/01/09,西北,支付宝,pending,22,男
ORD006941,Sony WH-1000XM5,电子产品,电子产品,3888.54,7,27219.78,2024/03/19,华中,银行卡,pending,28,
ORD006942,戴森吸尘器,家居,家居家居,9487.17,8,75897.36,2024/01/30,华南,银行卡,completed,48,男
ORD006943,Kindle Paperwhite,电子产品,电子产品,5760.52,6,34563.12,2024/11/11,华北,银行卡,completed,21,
ORD006944,算法导论,图书,图书图书,6353.42,1,6353.42,2024/05/30,华东,支付宝,cancelled,61,男
ORD006945,网易严选床垫,家居,家居家居,2874.74,5,14373.7,2024/12/19,西北,微信支付,refunded,32,男
ORD006946,德芙巧克力,食品,食品食品,6804.21,4,27216.84,2024/09/29,华中,微信支付,completed,30,女
ORD006947,Dell XPS 15,电子产品,电子产品,3993.29,6,23959.74,2025/04/12,华中,支付宝,completed,18,男
ORD006948,百威啤酒,食品,食品食品,7066.14,8,56529.12,2024/07/27,华南,信用卡,completed,23,男
ORD006949,Levi's 501,服装,服装服装,2758.15,5,13790.75,2025/06/01,华中,银行卡,pending,51,女
ORD006950,小熊加湿器,家居,家居家居,5505.17,1,5505.17,2025/01/10,华南,支付宝,completed,59,女
ORD006951,良品铺子零食包,食品,食品食品,6030.6,2,12061.2,2024/02/17,华北,信用卡,completed,57,男
ORD006952,Python编程从入门到实践,图书,图书图书,5570.08,6,33420.48,2024/01/23,西南,支付宝,completed,24,
ORD006953,思考快与慢,图书,图书图书,4399.77,10,43997.7,2024/02/11,西南,支付宝,completed,48,
ORD006954,德芙巧克力,食品,食品食品,3936.04,9,35424.36,2024/02/14,华东,信用卡,completed,31,女
ORD006955,美的电饭煲,家居,家居家居,8422.17,7,58955.19,2024/06/07,华中,银行卡,completed,24,女
ORD006956,iPad Air,电子产品,电子产品,8427.86,2,16855.72,2025/05/16,华东,支付宝,completed,33,男
ORD006957,原则,图书,图书图书,3972.95,6,23837.7,2024/12/17,西南,银行卡,refunded,39,男
ORD006958,良品铺子零食包,食品,食品食品,998.25,4,3993.0,2024/12/06,华南,银行卡,completed,55,
ORD006959,优衣库羽绒服,服装,服装服装,4343.01,9,39087.09,2024/01/19,华东,信用卡,completed,29,女
ORD006960,宜家书架,家居,家居家居,9661.57,6,57969.42,2024/04/21,东北,信用卡,pending,27,
ORD006961,MacBook Air,电子产品,电子产品,1677.92,9,15101.28,2025/04/27,华东,支付宝,pending,61,男
ORD006962,三体全集,图书,图书图书,6342.04,2,12684.08,2025/05/21,东北,信用卡,pending,57,女
ORD006963,算法导论,图书,图书图书,2040.17,2,4080.34,2024/07/17,西南,支付宝,completed,45,
ORD006964,原则,图书,图书图书,7047.41,3,21142.23,2024/07/06,华南,银行卡,completed,22,女
ORD006965,人类简史,图书,图书图书,2889.61,4,11558.44,2024/01/06,东北,微信支付,cancelled,21,女
ORD006966,原则,图书,图书图书,2418.12,5,12090.6,2024/04/24,东北,银行卡,cancelled,63,男
ORD006967,Levi's 501,服装,服装服装,3865.63,8,30925.04,2024/05/06,华东,微信支付,pending,47,女
ORD006968,戴森吸尘器,家居,家居家居,9547.24,4,38188.96,2024/12/21,华中,支付宝,completed,42,女
ORD006969,人类简史,图书,图书图书,6458.55,7,45209.85,2025/04/10,东北,支付宝,completed,38,女
ORD006970,星巴克咖啡豆,食品,食品食品,2649.96,5,13249.8,2025/01/08,西北,支付宝,completed,22,男
ORD006971,Zara 西装外套,服装,服装服装,127.76,10,1277.6,2024/05/22,华北,微信支付,completed,40,女
ORD006972,小米台灯,家居,家居家居,3546.19,5,17730.95,2025/02/12,华南,信用卡,completed,57,
ORD006973,宜家书架,家居,家居家居,850.4,9,7653.6,2025/02/19,东北,银行卡,pending,48,女
ORD006974,三只松鼠坚果礼盒,食品,食品食品,9675.48,1,9675.48,2024/11/19,东北,微信支付,completed,18,
ORD006975,九阳豆浆机,家居,家居家居,2909.51,4,11638.04,2024/08/28,华中,信用卡,completed,49,女
ORD006976,iPad Air,电子产品,电子产品,9752.42,4,39009.68,2025/02/21,西北,银行卡,completed,42,男
ORD006977,良品铺子零食包,食品,食品食品,782.63,6,4695.78,2025/05/04,西南,微信支付,pending,51,
ORD006978,Samsung Galaxy S24,电子产品,电子产品,7390.87,10,73908.7,2024/10/28,华东,微信支付,pending,22,女
ORD006979,Sony WH-1000XM5,电子产品,电子产品,3843.42,5,19217.1,2025/03/21,东北,信用卡,refunded,30,女
ORD006980,深入理解计算机系统,图书,图书图书,6353.54,6,38121.24,2024/10/19,华北,微信支付,completed,43,
ORD006981,iPhone 15,电子产品,电子产品,2681.51,10,26815.1,2024/09/10,西北,支付宝,pending,25,男
ORD006982,Nike Air Max,服装,服装服装,6548.93,10,65489.3,2024/05/02,华南,支付宝,completed,26,女
ORD006983,Sony WH-1000XM5,电子产品,电子产品,4598.37,3,13795.11,2024/09/17,西南,微信支付,pending,25,女
ORD006984,Samsung Galaxy S24,电子产品,电子产品,7982.69,1,7982.69,2025/02/28,华南,微信支付,pending,24,女
ORD006985,思考快与慢,图书,图书图书,3860.24,5,19301.2,2024/11/03,西北,信用卡,completed,38,女
ORD006986,Adidas Ultraboost,服装,服装服装,9006.48,6,54038.88,2024/07/25,华中,支付宝,completed,55,男
ORD006987,Adidas Ultraboost,服装,服装服装,5851.48,10,58514.8,2024/12/28,东北,微信支付,completed,18,女
ORD006988,茅台酒,食品,食品食品,1038.92,10,10389.2,2024/02/16,华北,信用卡,completed,34,男
ORD006989,深入理解计算机系统,图书,图书图书,2610.48,3,7831.44,2024/12/18,华北,支付宝,completed,42,
ORD006990,小熊加湿器,家居,家居家居,2335.43,2,4670.86,2024/12/12,东北,支付宝,refunded,25,男
ORD006991,Kindle Paperwhite,电子产品,电子产品,522.63,7,3658.41,2025/05/02,东北,信用卡,completed,25,
ORD006992,小米台灯,家居,家居家居,7342.98,9,66086.82,2024/09/26,华北,银行卡,completed,30,
ORD006993,深入理解计算机系统,图书,图书图书,8956.89,3,26870.67,2024/10/21,华东,微信支付,completed,26,男
ORD006994,Dell XPS 15,电子产品,电子产品,8680.89,3,26042.67,2024/09/27,华北,银行卡,refunded,54,女
ORD006995,九阳豆浆机,家居,家居家居,1088.72,1,1088.72,2024/05/07,西南,信用卡,refunded,26,女
ORD006996,小米台灯,家居,家居家居,4605.6,3,13816.8,2024/02/19,西北,微信支付,cancelled,35,男
ORD006997,茅台酒,食品,食品食品,779.42,1,779.42,2024/11/12,华中,支付宝,refunded,50,
ORD006998,德芙巧克力,食品,食品食品,657.49,8,5259.92,2024/11/22,东北,支付宝,completed,27,女
ORD006999,良品铺子零食包,食品,食品食品,2939.12,4,11756.48,2025/05/13,西北,微信支付,cancelled,45,
ORD007000,Python编程从入门到实践,图书,图书图书,4798.79,2,9597.58,2024/04/19,华北,银行卡,pending,59,女
ORD007001,算法导论,图书,图书图书,1576.22,5,7881.1,2024/06/29,华中,银行卡,completed,35,男
ORD007002,Adidas Ultraboost,服装,服装服装,3090.49,7,21633.43,2024/03/01,东北,银行卡,completed,20,男
ORD007003,三只松鼠坚果礼盒,食品,食品食品,2806.69,6,16840.14,2024/06/15,华北,微信支付,completed,57,男
ORD007004,Adidas Ultraboost,服装,服装服装,1582.5,7,11077.5,2025/02/03,西南,银行卡,cancelled,51,
ORD007005,北面冲锋衣,服装,服装服装,9374.22,2,18748.44,2024/11/07,西南,信用卡,completed,57,
ORD007006,罗技 MX Master 3,电子产品,电子产品,1476.7,10,14767.0,2024/06/09,华东,支付宝,pending,38,男
ORD007007,宜家书架,家居,家居家居,4819.79,4,19279.16,2024/09/25,华中,银行卡,completed,38,
ORD007008,Python编程从入门到实践,图书,图书图书,9819.08,8,78552.64,2024/03/22,华北,信用卡,completed,37,男
ORD007009,Sony WH-1000XM5,电子产品,电子产品,5838.32,9,52544.88,2024/04/29,华东,银行卡,cancelled,43,
ORD007010,思考快与慢,图书,图书图书,4356.51,8,34852.08,2024/11/25,华北,信用卡,refunded,22,女
ORD007011,iPhone 15,电子产品,电子产品,6455.35,2,12910.7,2024/02/06,西南,微信支付,completed,60,男
ORD007012,优衣库羽绒服,服装,服装服装,2674.13,2,5348.26,2024/02/20,华中,银行卡,completed,31,女
ORD007013,深入理解计算机系统,图书,图书图书,3065.72,9,27591.48,2025/03/24,东北,信用卡,refunded,18,女
ORD007014,思考快与慢,图书,图书图书,6800.41,10,68004.1,2025/01/16,华南,信用卡,pending,27,
ORD007015,良品铺子零食包,食品,食品食品,5397.92,3,16193.76,2024/02/01,东北,支付宝,completed,42,女
ORD007016,罗技 MX Master 3,电子产品,电子产品,1317.46,2,2634.92,2025/03/17,华中,支付宝,pending,27,
ORD007017,优衣库羽绒服,服装,服装服装,9374.22,2,18748.44,2024/09/04,华中,微信支付,cancelled,39,男
ORD007018,Adidas Ultraboost,服装,服装服装,601.39,5,3006.95,2024/06/08,华北,银行卡,completed,53,女
ORD007019,蒙牛纯牛奶,食品,食品食品,4633.16,10,46331.6,2025/02/03,华北,支付宝,completed,25,女
ORD007020,茅台酒,食品,食品食品,3766.81,5,18834.05,2024/12/02,华南,银行卡,completed,40,女
ORD007021,宜家书架,家居,家居家居,8625.4,7,60377.8,2025/01/19,华北,支付宝,completed,63,男
ORD007022,思考快与慢,图书,图书图书,6237.0,6,37422.0,2025/03/13,西北,支付宝,completed,39,男
ORD007023,优衣库羽绒服,服装,服装服装,1757.39,3,5272.17,2024/11/21,东北,微信支付,completed,48,男
ORD007024,New Balance 574,服装,服装服装,7150.0,1,7150.0,2024/02/27,东北,支付宝,refunded,46,男
ORD007025,原则,图书,图书图书,3511.63,3,10534.89,2025/06/01,华南,信用卡,completed,21,
ORD007026,茅台酒,食品,食品食品,1326.55,2,2653.1,2024/02/03,西北,支付宝,completed,61,女
ORD007027,Levi's 501,服装,服装服装,2550.9,2,5101.8,2024/04/15,西北,信用卡,completed,42,男
ORD007028,Dell XPS 15,电子产品,电子产品,3349.03,7,23443.21,2024/11/25,东北,微信支付,completed,44,女
ORD007029,New Balance 574,服装,服装服装,4643.65,1,4643.65,2025/05/25,西南,支付宝,completed,20,女
ORD007030,罗技 MX Master 3,电子产品,电子产品,5482.2,5,27411.0,2024/01/28,华中,银行卡,refunded,30,女
ORD007031,戴森吸尘器,家居,家居家居,1230.08,3,3690.24,2024/11/10,华北,信用卡,completed,21,男
ORD007032,思考快与慢,图书,图书图书,1252.25,5,6261.25,2024/01/10,西北,信用卡,refunded,47,男
ORD007033,原则,图书,图书图书,3152.4,7,22066.8,2024/12/15,东北,支付宝,completed,55,
ORD007034,小熊加湿器,家居,家居家居,5020.77,6,30124.62,2024/12/19,华中,微信支付,completed,21,
ORD007035,思考快与慢,图书,图书图书,9980.46,8,79843.68,2024/06/20,华南,微信支付,completed,62,
ORD007036,Python编程从入门到实践,图书,图书图书,8681.1,2,17362.2,2024/04/26,西南,支付宝,completed,58,男
ORD007037,Apple Watch,电子产品,电子产品,9385.5,4,37542.0,2025/03/10,华东,微信支付,completed,49,男
ORD007038,Adidas Ultraboost,服装,服装服装,6811.07,2,13622.14,2025/03/10,华南,支付宝,completed,63,
ORD007039,Samsung Galaxy S24,电子产品,电子产品,756.58,8,6052.64,2024/10/05,华南,支付宝,completed,55,
ORD007040,百威啤酒,食品,食品食品,9323.37,9,83910.33,2024/04/17,华中,微信支付,completed,38,男
ORD007041,罗技 MX Master 3,电子产品,电子产品,9857.04,5,49285.2,2024/11/20,华东,支付宝,completed,47,
ORD007042,算法导论,图书,图书图书,6362.43,4,25449.72,2024/07/27,华中,信用卡,completed,51,男
ORD007043,农夫山泉,食品,食品食品,5406.68,7,37846.76,2024/10/21,东北,支付宝,completed,56,
ORD007044,小熊加湿器,家居,家居家居,9597.17,9,86374.53,2024/11/13,华南,信用卡,completed,41,男
ORD007045,良品铺子零食包,食品,食品食品,4051.93,5,20259.65,2024/11/17,华北,微信支付,completed,61,男
ORD007046,戴森吸尘器,家居,家居家居,6429.9,1,6429.9,2024/02/06,西北,支付宝,pending,62,
ORD007047,星巴克咖啡豆,食品,食品食品,6567.04,1,6567.04,2024/11/21,西南,支付宝,completed,62,
ORD007048,良品铺子零食包,食品,食品食品,7381.77,1,7381.77,2024/04/19,华东,微信支付,pending,24,
ORD007049,Nike Air Max,服装,服装服装,4778.98,7,33452.86,2024/10/28,西北,微信支付,completed,20,
ORD007050,农夫山泉,食品,食品食品,1211.87,9,10906.83,2025/05/08,华中,银行卡,completed,43,
ORD007051,戴森吸尘器,家居,家居家居,3902.82,2,7805.64,2025/01/06,西北,支付宝,completed,55,女
ORD007052,iPhone 15,电子产品,电子产品,2687.44,7,18812.08,2024/08/08,华南,信用卡,completed,55,
ORD007053,Sony WH-1000XM5,电子产品,电子产品,7312.3,9,65810.7,2024/08/28,西北,微信支付,pending,63,男
ORD007054,农夫山泉,食品,食品食品,3464.01,2,6928.02,2025/04/21,华东,支付宝,completed,64,男
ORD007055,Kindle Paperwhite,电子产品,电子产品,9307.21,8,74457.68,2024/12/09,华中,微信支付,completed,65,男
ORD007056,小米台灯,家居,家居家居,1956.93,9,17612.37,2024/10/05,华东,支付宝,refunded,38,男
ORD007057,Zara 西装外套,服装,服装服装,220.82,5,1104.1,2024/12/02,西南,信用卡,refunded,19,男
ORD007058,原则,图书,图书图书,8496.53,7,59475.71,2024/06/16,华北,银行卡,completed,33,
ORD007059,农夫山泉,食品,食品食品,1793.82,4,7175.28,2024/09/05,西北,支付宝,refunded,45,
ORD007060,New Balance 574,服装,服装服装,573.9,5,2869.5,2025/05/21,西南,信用卡,completed,40,
ORD007061,北面冲锋衣,服装,服装服装,1651.46,4,6605.84,2024/06/01,华中,支付宝,refunded,48,男
ORD007062,Kindle Paperwhite,电子产品,电子产品,9369.38,9,84324.42,2024/11/04,华北,银行卡,completed,48,女
ORD007063,Python编程从入门到实践,图书,图书图书,4036.68,7,28256.76,2025/01/09,东北,信用卡,cancelled,61,女
ORD007064,Samsung Galaxy S24,电子产品,电子产品,4406.37,1,4406.37,2024/05/22,西北,支付宝,refunded,45,女
ORD007065,iPad Air,电子产品,电子产品,6072.42,2,12144.84,2025/03/27,东北,银行卡,completed,19,女
ORD007066,H&M 连衣裙,服装,服装服装,9976.56,10,99765.6,2024/10/18,西北,信用卡,cancelled,59,
ORD007067,宜家书架,家居,家居家居,5893.69,2,11787.38,2024/06/25,华北,银行卡,completed,26,女
ORD007068,三只松鼠坚果礼盒,食品,食品食品,6230.51,2,12461.02,2024/12/19,东北,支付宝,pending,56,
ORD007069,优衣库羽绒服,服装,服装服装,4345.9,4,17383.6,2024/02/15,华北,微信支付,completed,53,
ORD007070,Adidas Ultraboost,服装,服装服装,2058.65,3,6175.95,2024/09/16,东北,银行卡,completed,21,男
ORD007071,思考快与慢,图书,图书图书,5824.81,5,29124.05,2024/06/21,东北,支付宝,completed,48,女
ORD007072,戴森吸尘器,家居,家居家居,6741.06,6,40446.36,2025/02/12,华北,信用卡,completed,22,
ORD007073,MacBook Air,电子产品,电子产品,5393.67,10,53936.7,2025/04/10,东北,银行卡,completed,47,男
ORD007074,原则,图书,图书图书,3655.47,8,29243.76,2025/01/05,华南,信用卡,completed,62,女
ORD007075,原则,图书,图书图书,6776.46,8,54211.68,2024/12/23,华东,银行卡,pending,61,女
ORD007076,茅台酒,食品,食品食品,3565.69,7,24959.83,2024/10/16,西南,微信支付,pending,56,
ORD007077,人类简史,图书,图书图书,3927.11,8,31416.88,2024/01/01,西北,微信支付,completed,53,女
ORD007078,深入理解计算机系统,图书,图书图书,1576.03,9,14184.27,2025/01/14,西南,信用卡,pending,52,女
ORD007079,优衣库羽绒服,服装,服装服装,9224.2,6,55345.2,2025/01/28,华东,银行卡,completed,21,男
ORD007080,Python编程从入门到实践,图书,图书图书,4751.83,4,19007.32,2024/10/15,西南,信用卡,completed,21,女
ORD007081,美的电饭煲,家居,家居家居,6684.36,4,26737.44,2024/12/17,西北,银行卡,cancelled,41,
ORD007082,Dell XPS 15,电子产品,电子产品,5096.12,8,40768.96,2024/02/11,华东,银行卡,pending,33,
ORD007083,New Balance 574,服装,服装服装,3445.77,8,27566.16,2024/10/30,华东,信用卡,completed,26,男
ORD007084,Levi's 501,服装,服装服装,2267.34,2,4534.68,2024/07/01,西南,支付宝,completed,34,女
ORD007085,人类简史,图书,图书图书,1183.8,4,4735.2,2025/02/16,华南,微信支付,completed,36,男
ORD007086,戴森吸尘器,家居,家居家居,3667.41,7,25671.87,2024/07/05,华中,支付宝,completed,55,
ORD007087,原则,图书,图书图书,7904.72,9,71142.48,2024/08/10,西南,支付宝,completed,60,
ORD007088,良品铺子零食包,食品,食品食品,7341.91,1,7341.91,2024/09/20,华北,信用卡,completed,19,
ORD007089,星巴克咖啡豆,食品,食品食品,5052.21,8,40417.68,2024/09/01,华东,银行卡,completed,52,男
ORD007090,宜家书架,家居,家居家居,2027.14,3,6081.42,2025/02/04,东北,微信支付,completed,37,女
ORD007091,茅台酒,食品,食品食品,8117.38,2,16234.76,2024/11/21,华东,微信支付,completed,31,
ORD007092,Python编程从入门到实践,图书,图书图书,7845.62,3,23536.86,2024/07/13,华南,银行卡,pending,59,女
ORD007093,AirPods Pro,电子产品,电子产品,6219.27,3,18657.81,2024/02/26,华南,支付宝,pending,59,男
ORD007094,优衣库羽绒服,服装,服装服装,4293.72,1,4293.72,2024/12/22,华南,微信支付,pending,41,
ORD007095,罗技 MX Master 3,电子产品,电子产品,4657.32,5,23286.6,2025/05/12,西北,微信支付,completed,43,女
ORD007096,星巴克咖啡豆,食品,食品食品,4168.67,9,37518.03,2024/08/27,东北,支付宝,completed,33,女
ORD007097,Python编程从入门到实践,图书,图书图书,6226.62,5,31133.1,2024/11/06,华东,信用卡,completed,59,
ORD007098,三体全集,图书,图书图书,9293.28,7,65052.96,2024/10/16,华中,微信支付,completed,29,
ORD007099,MacBook Air,电子产品,电子产品,8379.75,10,83797.5,2024/10/14,华东,银行卡,completed,51,女
ORD007100,H&M 连衣裙,服装,服装服装,8349.97,9,75149.73,2024/03/25,东北,信用卡,completed,25,男
ORD007101,蒙牛纯牛奶,食品,食品食品,3161.35,6,18968.1,2024/04/10,华中,信用卡,completed,18,女
ORD007102,农夫山泉,食品,食品食品,3635.62,7,25449.34,2024/06/03,华中,微信支付,completed,63,女
ORD007103,原则,图书,图书图书,6802.62,4,27210.48,2024/12/08,华中,支付宝,pending,29,
ORD007104,Adidas Ultraboost,服装,服装服装,6809.74,5,34048.7,2025/03/06,西北,支付宝,completed,27,
ORD007105,小米台灯,家居,家居家居,4080.41,4,16321.64,2024/07/28,华中,微信支付,pending,35,
ORD007106,戴森吸尘器,家居,家居家居,4157.0,8,33256.0,2024/06/07,华南,支付宝,pending,57,男
ORD007107,Nike Air Max,服装,服装服装,5317.05,6,31902.3,2024/07/21,华东,信用卡,completed,21,女
ORD007108,良品铺子零食包,食品,食品食品,2993.09,3,8979.27,2024/02/11,华中,微信支付,completed,43,
ORD007109,Kindle Paperwhite,电子产品,电子产品,3272.55,2,6545.1,2024/05/16,华中,信用卡,completed,46,女
ORD007110,Samsung Galaxy S24,电子产品,电子产品,3506.25,1,3506.25,2025/04/08,西南,微信支付,refunded,41,男
ORD007111,戴森吸尘器,家居,家居家居,9057.53,10,90575.3,2025/05/28,西南,支付宝,completed,45,男
ORD007112,H&M 连衣裙,服装,服装服装,9593.32,2,19186.64,2024/03/26,华南,支付宝,completed,50,男
ORD007113,Sony WH-1000XM5,电子产品,电子产品,4192.51,8,33540.08,2024/10/20,东北,支付宝,completed,38,
ORD007114,美的电饭煲,家居,家居家居,1534.52,1,1534.52,2024/08/21,华南,银行卡,pending,30,女
ORD007115,人类简史,图书,图书图书,5673.85,8,45390.8,2024/02/26,华南,信用卡,completed,61,女
ORD007116,人类简史,图书,图书图书,3294.16,5,16470.8,2024/09/13,西南,银行卡,completed,54,
ORD007117,iPad Air,电子产品,电子产品,1527.52,10,15275.2,2024/04/12,华东,微信支付,completed,52,女
ORD007118,罗技 MX Master 3,电子产品,电子产品,8783.29,5,43916.45,2024/11/18,华南,支付宝,completed,44,
ORD007119,算法导论,图书,图书图书,6453.64,6,38721.84,2024/01/07,西北,支付宝,pending,23,男
ORD007120,百威啤酒,食品,食品食品,8392.85,1,8392.85,2024/03/29,华南,银行卡,completed,35,
ORD007121,优衣库羽绒服,服装,服装服装,3664.73,8,29317.84,2025/02/09,华北,支付宝,cancelled,20,女
ORD007122,原则,图书,图书图书,2714.69,7,19002.83,2025/01/26,西北,支付宝,pending,41,
ORD007123,九阳豆浆机,家居,家居家居,7025.99,10,70259.9,2024/12/03,华东,支付宝,pending,60,
ORD007124,戴森吸尘器,家居,家居家居,923.95,7,6467.65,2025/02/16,华东,支付宝,completed,26,
ORD007125,H&M 连衣裙,服装,服装服装,8034.37,4,32137.48,2024/10/16,华中,支付宝,cancelled,37,女
ORD007126,优衣库羽绒服,服装,服装服装,7829.87,1,7829.87,2024/12/07,华南,微信支付,completed,39,男
ORD007127,算法导论,图书,图书图书,4191.41,8,33531.28,2024/06/26,东北,支付宝,completed,56,男
ORD007128,H&M 连衣裙,服装,服装服装,9621.13,6,57726.78,2025/02/24,西北,信用卡,completed,65,女
ORD007129,深入理解计算机系统,图书,图书图书,6710.82,9,60397.38,2024/09/09,华东,银行卡,completed,27,男
ORD007130,小米台灯,家居,家居家居,7001.34,6,42008.04,2024/03/10,华北,支付宝,completed,52,
ORD007131,戴森吸尘器,家居,家居家居,1365.76,10,13657.6,2024/12/18,华南,支付宝,completed,24,
ORD007132,戴森吸尘器,家居,家居家居,6247.77,1,6247.77,2024/08/01,华东,银行卡,completed,29,男
ORD007133,人类简史,图书,图书图书,3234.98,5,16174.9,2024/08/22,华中,信用卡,pending,30,女
ORD007134,Zara 西装外套,服装,服装服装,7994.85,3,23984.55,2024/12/16,华南,支付宝,completed,62,
ORD007135,戴森吸尘器,家居,家居家居,7621.63,10,76216.3,2025/02/19,东北,银行卡,completed,58,
ORD007136,Zara 西装外套,服装,服装服装,1187.12,2,2374.24,2025/03/30,华东,微信支付,completed,58,
ORD007137,三体全集,图书,图书图书,8423.11,6,50538.66,2024/03/27,华南,支付宝,cancelled,46,女
ORD007138,蒙牛纯牛奶,食品,食品食品,9411.71,4,37646.84,2024/01/25,华中,信用卡,completed,36,男
ORD007139,小熊加湿器,家居,家居家居,3308.1,9,29772.9,2025/02/08,东北,银行卡,completed,45,男
ORD007140,宜家书架,家居,家居家居,6146.24,9,55316.16,2024/02/21,华南,支付宝,cancelled,44,
ORD007141,百威啤酒,食品,食品食品,5298.54,6,31791.24,2024/08/02,西北,银行卡,refunded,39,
ORD007142,宜家书架,家居,家居家居,1716.5,2,3433.0,2025/03/24,华北,微信支付,completed,51,女
ORD007143,百威啤酒,食品,食品食品,4872.06,9,43848.54,2025/01/11,华南,信用卡,refunded,21,女
ORD007144,罗技 MX Master 3,电子产品,电子产品,4009.74,6,24058.44,2024/04/30,东北,支付宝,completed,31,女
ORD007145,深入理解计算机系统,图书,图书图书,178.46,6,1070.76,2024/01/26,华东,信用卡,cancelled,50,
ORD007146,小熊加湿器,家居,家居家居,6644.22,7,46509.54,2025/01/26,西南,微信支付,completed,63,
ORD007147,德芙巧克力,食品,食品食品,743.29,5,3716.45,2024/05/18,西北,支付宝,pending,39,女
ORD007148,H&M 连衣裙,服装,服装服装,1266.4,1,1266.4,2024/01/08,西南,支付宝,completed,19,男
ORD007149,九阳豆浆机,家居,家居家居,1430.0,2,2860.0,2024/01/01,华南,银行卡,refunded,33,女
ORD007150,罗技 MX Master 3,电子产品,电子产品,3570.82,3,10712.46,2025/02/12,东北,信用卡,refunded,26,女
ORD007151,Dell XPS 15,电子产品,电子产品,4164.31,7,29150.17,2024/03/22,华中,银行卡,cancelled,55,女
ORD007152,iPhone 15,电子产品,电子产品,6410.89,8,51287.12,2024/02/22,华南,支付宝,completed,31,女
ORD007153,优衣库羽绒服,服装,服装服装,4476.13,8,35809.04,2024/01/22,西北,银行卡,completed,37,男
ORD007154,MacBook Air,电子产品,电子产品,1439.62,9,12956.58,2024/09/08,华南,银行卡,completed,24,
ORD007155,人类简史,图书,图书图书,3496.04,4,13984.16,2025/02/19,华东,信用卡,pending,54,
ORD007156,小熊加湿器,家居,家居家居,5345.02,6,32070.12,2024/08/23,东北,支付宝,completed,45,女
ORD007157,Levi's 501,服装,服装服装,1248.8,5,6244.0,2024/07/21,华东,信用卡,pending,28,
ORD007158,原则,图书,图书图书,1905.04,3,5715.12,2024/07/10,华北,信用卡,pending,31,男
ORD007159,农夫山泉,食品,食品食品,3241.19,9,29170.71,2024/09/30,西北,微信支付,cancelled,47,女
ORD007160,百威啤酒,食品,食品食品,425.66,3,1276.98,2024/06/10,华北,信用卡,cancelled,54,
ORD007161,网易严选床垫,家居,家居家居,7401.97,2,14803.94,2024/08/25,西南,支付宝,completed,61,男
ORD007162,蒙牛纯牛奶,食品,食品食品,9745.79,10,97457.9,2024/03/11,东北,支付宝,completed,63,
ORD007163,优衣库羽绒服,服装,服装服装,4690.01,8,37520.08,2024/03/12,华南,支付宝,completed,33,女
ORD007164,三只松鼠坚果礼盒,食品,食品食品,1948.54,2,3897.08,2024/09/15,西南,微信支付,cancelled,52,女
ORD007165,茅台酒,食品,食品食品,5161.83,1,5161.83,2024/03/27,华南,信用卡,completed,29,女
ORD007166,AirPods Pro,电子产品,电子产品,2389.88,8,19119.04,2024/02/15,华南,信用卡,completed,62,女
ORD007167,戴森吸尘器,家居,家居家居,8923.04,6,53538.24,2024/08/12,西北,信用卡,pending,20,女
ORD007168,Nike Air Max,服装,服装服装,6237.31,5,31186.55,2024/12/22,东北,信用卡,completed,19,
ORD007169,算法导论,图书,图书图书,1856.54,9,16708.86,2025/05/13,华北,信用卡,completed,52,
ORD007170,蒙牛纯牛奶,食品,食品食品,6871.97,9,61847.73,2024/03/20,东北,支付宝,cancelled,45,
ORD007171,宜家书架,家居,家居家居,5903.81,2,11807.62,2024/09/20,华北,微信支付,completed,54,男
ORD007172,百威啤酒,食品,食品食品,1952.95,5,9764.75,2024/10/28,西北,微信支付,pending,61,
ORD007173,三只松鼠坚果礼盒,食品,食品食品,4968.69,5,24843.45,2024/05/08,华中,信用卡,completed,21,男
ORD007174,宜家书架,家居,家居家居,8590.0,2,17180.0,2024/05/04,西南,银行卡,completed,60,男
ORD007175,iPad Air,电子产品,电子产品,9670.9,5,48354.5,2024/05/29,西南,银行卡,completed,57,
ORD007176,H&M 连衣裙,服装,服装服装,6496.15,9,58465.35,2025/03/12,西北,信用卡,refunded,25,
ORD007177,人类简史,图书,图书图书,7950.48,5,39752.4,2024/06/21,华南,微信支付,pending,33,
ORD007178,三体全集,图书,图书图书,3736.67,5,18683.35,2024/01/29,华中,支付宝,completed,65,
ORD007179,宜家书架,家居,家居家居,2470.44,10,24704.4,2024/04/14,东北,信用卡,completed,18,男
ORD007180,德芙巧克力,食品,食品食品,7387.73,10,73877.3,2025/05/03,华南,信用卡,completed,48,男
ORD007181,农夫山泉,食品,食品食品,9851.84,3,29555.52,2025/05/22,东北,信用卡,completed,29,女
ORD007182,iPad Air,电子产品,电子产品,1032.78,5,5163.9,2025/01/13,西南,微信支付,completed,36,男
ORD007183,九阳豆浆机,家居,家居家居,9030.8,3,27092.4,2025/03/31,西北,银行卡,refunded,36,女
ORD007184,H&M 连衣裙,服装,服装服装,7681.15,1,7681.15,2024/06/20,华南,信用卡,completed,49,男
ORD007185,Samsung Galaxy S24,电子产品,电子产品,95.21,4,380.84,2024/12/09,华北,信用卡,completed,58,男
ORD007186,百威啤酒,食品,食品食品,555.05,3,1665.15,2024/04/18,西北,信用卡,pending,56,男
ORD007187,Levi's 501,服装,服装服装,3725.87,9,33532.83,2024/03/16,华东,信用卡,pending,60,女
ORD007188,良品铺子零食包,食品,食品食品,4313.53,6,25881.18,2024/10/10,华东,银行卡,cancelled,60,
ORD007189,小熊加湿器,家居,家居家居,717.68,3,2153.04,2024/04/02,西南,支付宝,completed,21,女
ORD007190,Adidas Ultraboost,服装,服装服装,4337.28,2,8674.56,2024/01/02,西北,支付宝,completed,40,男
ORD007191,Sony WH-1000XM5,电子产品,电子产品,7373.92,4,29495.68,2024/07/12,东北,支付宝,refunded,32,
ORD007192,星巴克咖啡豆,食品,食品食品,7509.38,6,45056.28,2025/01/13,东北,微信支付,refunded,53,
ORD007193,思考快与慢,图书,图书图书,5809.77,10,58097.7,2025/05/23,华南,信用卡,completed,57,
ORD007194,Sony WH-1000XM5,电子产品,电子产品,5175.42,3,15526.26,2024/06/25,华中,银行卡,completed,21,男
ORD007195,宜家书架,家居,家居家居,8430.85,8,67446.8,2024/11/20,华北,信用卡,completed,57,
ORD007196,三体全集,图书,图书图书,6655.8,3,19967.4,2024/01/08,东北,支付宝,completed,31,女
ORD007197,美的电饭煲,家居,家居家居,7981.29,7,55869.03,2024/01/04,华中,信用卡,completed,35,
ORD007198,戴森吸尘器,家居,家居家居,5836.41,10,58364.1,2024/12/28,华南,信用卡,completed,21,
ORD007199,三只松鼠坚果礼盒,食品,食品食品,7356.42,3,22069.26,2024/03/21,西南,支付宝,completed,35,男
ORD007200,网易严选床垫,家居,家居家居,1784.06,6,10704.36,2024/10/01,华北,微信支付,completed,39,女
ORD007201,New Balance 574,服装,服装服装,8982.45,8,71859.6,2024/06/21,西北,支付宝,pending,28,女
ORD007202,德芙巧克力,食品,食品食品,9632.49,5,48162.45,2024/11/15,华东,信用卡,completed,28,女
ORD007203,三体全集,图书,图书图书,4347.66,8,34781.28,2024/05/20,华中,银行卡,completed,58,
ORD007204,小熊加湿器,家居,家居家居,2705.08,10,27050.8,2024/07/17,西南,支付宝,completed,44,
ORD007205,New Balance 574,服装,服装服装,8842.29,3,26526.87,2024/02/18,西南,银行卡,pending,29,
ORD007206,Dell XPS 15,电子产品,电子产品,1022.37,6,6134.22,2024/12/03,华北,支付宝,completed,65,女
ORD007207,Dell XPS 15,电子产品,电子产品,9645.68,3,28937.04,2025/05/28,西北,支付宝,completed,23,
ORD007208,Kindle Paperwhite,电子产品,电子产品,1671.24,8,13369.92,2024/03/07,东北,微信支付,pending,52,
ORD007209,Kindle Paperwhite,电子产品,电子产品,4501.49,3,13504.47,2025/04/28,华北,微信支付,completed,18,男
ORD007210,Sony WH-1000XM5,电子产品,电子产品,4569.52,2,9139.04,2025/04/20,西南,微信支付,completed,27,
ORD007211,农夫山泉,食品,食品食品,9232.2,2,18464.4,2025/05/15,华东,信用卡,completed,39,女
ORD007212,三体全集,图书,图书图书,3651.05,1,3651.05,2024/10/17,西北,信用卡,completed,63,
ORD007213,小熊加湿器,家居,家居家居,7427.32,2,14854.64,2025/04/11,东北,信用卡,completed,31,男
ORD007214,Python编程从入门到实践,图书,图书图书,2531.53,10,25315.3,2024/03/03,华东,微信支付,pending,50,
ORD007215,New Balance 574,服装,服装服装,4159.54,5,20797.7,2024/11/10,西北,支付宝,completed,63,
ORD007216,Levi's 501,服装,服装服装,3306.06,6,19836.36,2024/07/11,东北,银行卡,refunded,25,男
ORD007217,三体全集,图书,图书图书,7251.82,9,65266.38,2024/12/22,西南,信用卡,completed,23,男
ORD007218,蒙牛纯牛奶,食品,食品食品,7350.95,6,44105.7,2024/06/09,华中,银行卡,completed,51,
ORD007219,Nike Air Max,服装,服装服装,7086.69,4,28346.76,2024/11/18,东北,信用卡,completed,29,
ORD007220,Dell XPS 15,电子产品,电子产品,2099.09,7,14693.63,2024/05/16,华北,信用卡,pending,46,女
ORD007221,New Balance 574,服装,服装服装,6282.48,7,43977.36,2024/09/13,华南,微信支付,completed,24,女
ORD007222,茅台酒,食品,食品食品,2907.22,3,8721.66,2024/02/15,西北,银行卡,completed,32,
ORD007223,算法导论,图书,图书图书,3044.97,8,24359.76,2024/07/01,华中,银行卡,pending,22,女
ORD007224,小熊加湿器,家居,家居家居,3886.47,5,19432.35,2025/01/31,西南,支付宝,completed,37,女
ORD007225,算法导论,图书,图书图书,3735.32,2,7470.64,2024/05/18,华中,支付宝,completed,20,
ORD007226,Samsung Galaxy S24,电子产品,电子产品,972.51,8,7780.08,2024/08/24,东北,支付宝,completed,55,男
ORD007227,Levi's 501,服装,服装服装,7080.44,3,21241.32,2024/05/07,华北,支付宝,cancelled,48,男
ORD007228,北面冲锋衣,服装,服装服装,5302.01,9,47718.09,2024/07/05,华南,支付宝,completed,24,
ORD007229,良品铺子零食包,食品,食品食品,2321.51,10,23215.1,2024/11/18,东北,微信支付,pending,20,男
ORD007230,宜家书架,家居,家居家居,3105.4,10,31054.0,2025/05/28,华南,信用卡,pending,18,男
ORD007231,Levi's 501,服装,服装服装,5323.92,5,26619.6,2024/08/06,华东,信用卡,completed,53,女
ORD007232,小米台灯,家居,家居家居,168.56,2,337.12,2025/04/13,华东,微信支付,completed,44,男
ORD007233,iPhone 15,电子产品,电子产品,7958.76,7,55711.32,2024/04/27,西北,信用卡,completed,20,男
ORD007234,罗技 MX Master 3,电子产品,电子产品,951.87,3,2855.61,2025/03/18,东北,支付宝,completed,39,女
ORD007235,H&M 连衣裙,服装,服装服装,1909.16,7,13364.12,2024/09/05,西南,支付宝,cancelled,35,
ORD007236,小米台灯,家居,家居家居,7460.03,9,67140.27,2024/04/28,华北,信用卡,pending,23,男
ORD007237,百威啤酒,食品,食品食品,5741.56,2,11483.12,2024/04/01,西北,信用卡,pending,34,
ORD007238,New Balance 574,服装,服装服装,5149.96,8,41199.68,2025/04/04,西南,微信支付,cancelled,64,男
ORD007239,小米台灯,家居,家居家居,8029.42,7,56205.94,2024/08/28,东北,微信支付,completed,35,男
ORD007240,算法导论,图书,图书图书,5786.82,3,17360.46,2024/04/02,西北,银行卡,completed,35,
ORD007241,北面冲锋衣,服装,服装服装,2835.43,5,14177.15,2024/11/12,东北,银行卡,pending,28,男
ORD007242,Nike Air Max,服装,服装服装,7575.37,2,15150.74,2024/08/24,东北,信用卡,completed,25,女
ORD007243,Levi's 501,服装,服装服装,6366.99,3,19100.97,2025/05/02,华南,微信支付,completed,35,男
ORD007244,iPhone 15,电子产品,电子产品,9475.4,7,66327.8,2025/02/21,华东,微信支付,refunded,43,男
ORD007245,算法导论,图书,图书图书,9929.83,1,9929.83,2024/05/22,东北,信用卡,cancelled,45,女
ORD007246,深入理解计算机系统,图书,图书图书,4510.28,5,22551.4,2024/05/20,西南,银行卡,pending,52,
ORD007247,Levi's 501,服装,服装服装,7900.85,7,55305.95,2024/01/03,华南,支付宝,completed,35,
ORD007248,三只松鼠坚果礼盒,食品,食品食品,6708.72,9,60378.48,2024/12/01,东北,银行卡,pending,20,女
ORD007249,Adidas Ultraboost,服装,服装服装,3790.15,6,22740.9,2024/11/03,华南,支付宝,completed,58,男
ORD007250,思考快与慢,图书,图书图书,4890.81,3,14672.43,2024/05/08,西南,微信支付,completed,25,
ORD007251,美的电饭煲,家居,家居家居,2760.15,3,8280.45,2024/06/15,东北,微信支付,cancelled,49,女
ORD007252,三只松鼠坚果礼盒,食品,食品食品,3019.21,4,12076.84,2025/01/02,华南,微信支付,completed,60,
ORD007253,网易严选床垫,家居,家居家居,7957.63,8,63661.04,2025/03/23,华中,银行卡,completed,23,女
ORD007254,Dell XPS 15,电子产品,电子产品,4051.75,1,4051.75,2024/07/18,华南,信用卡,cancelled,29,
ORD007255,Adidas Ultraboost,服装,服装服装,6787.25,1,6787.25,2024/12/22,西南,微信支付,completed,24,
ORD007256,深入理解计算机系统,图书,图书图书,6350.86,6,38105.16,2024/10/04,西南,微信支付,refunded,56,女
ORD007257,蒙牛纯牛奶,食品,食品食品,623.86,10,6238.6,2024/08/09,西南,微信支付,refunded,22,男
ORD007258,良品铺子零食包,食品,食品食品,3236.51,3,9709.53,2024/09/09,西北,微信支付,completed,31,
ORD007259,Nike Air Max,服装,服装服装,7650.77,3,22952.31,2024/04/24,华北,信用卡,completed,58,
ORD007260,农夫山泉,食品,食品食品,5457.64,10,54576.4,2024/01/23,华南,信用卡,pending,20,
ORD007261,三体全集,图书,图书图书,8583.94,7,60087.58,2024/04/05,华东,信用卡,cancelled,61,男
ORD007262,网易严选床垫,家居,家居家居,831.11,4,3324.44,2024/11/29,华中,微信支付,completed,53,男
ORD007263,New Balance 574,服装,服装服装,7154.79,2,14309.58,2024/01/07,华东,支付宝,completed,53,
ORD007264,Kindle Paperwhite,电子产品,电子产品,9284.33,5,46421.65,2025/01/17,华中,微信支付,completed,59,女
ORD007265,星巴克咖啡豆,食品,食品食品,4809.3,10,48093.0,2025/05/26,东北,支付宝,completed,47,
ORD007266,农夫山泉,食品,食品食品,4906.58,10,49065.8,2024/05/28,华东,信用卡,completed,49,女
ORD007267,思考快与慢,图书,图书图书,3692.06,8,29536.48,2025/05/09,西北,信用卡,completed,27,男
ORD007268,优衣库羽绒服,服装,服装服装,8462.91,1,8462.91,2024/11/02,西北,信用卡,cancelled,27,
ORD007269,宜家书架,家居,家居家居,7312.82,10,73128.2,2025/01/30,华东,支付宝,pending,22,
ORD007270,Adidas Ultraboost,服装,服装服装,4117.65,7,28823.55,2024/08/13,西南,微信支付,cancelled,60,
ORD007271,三只松鼠坚果礼盒,食品,食品食品,283.5,7,1984.5,2024/12/17,华南,银行卡,completed,20,
ORD007272,罗技 MX Master 3,电子产品,电子产品,3506.3,7,24544.1,2024/05/28,华北,微信支付,completed,55,男
ORD007273,小米台灯,家居,家居家居,5313.43,9,47820.87,2024/02/21,华中,微信支付,completed,50,
ORD007274,Samsung Galaxy S24,电子产品,电子产品,7685.3,4,30741.2,2024/08/08,华北,信用卡,completed,63,
ORD007275,三只松鼠坚果礼盒,食品,食品食品,377.56,5,1887.8,2025/03/19,华中,支付宝,cancelled,52,女
ORD007276,德芙巧克力,食品,食品食品,8503.62,9,76532.58,2024/08/13,华南,信用卡,completed,38,女
ORD007277,Sony WH-1000XM5,电子产品,电子产品,1914.29,7,13400.03,2024/08/25,华东,银行卡,pending,61,女
ORD007278,良品铺子零食包,食品,食品食品,4013.62,3,12040.86,2024/08/26,西南,微信支付,completed,49,女
ORD007279,Levi's 501,服装,服装服装,3560.14,6,21360.84,2024/03/30,华东,信用卡,refunded,27,男
ORD007280,戴森吸尘器,家居,家居家居,2227.54,10,22275.4,2024/08/09,西北,银行卡,completed,36,
ORD007281,Adidas Ultraboost,服装,服装服装,2264.04,4,9056.16,2024/12/22,华东,支付宝,completed,25,男
ORD007282,三只松鼠坚果礼盒,食品,食品食品,6584.77,2,13169.54,2024/12/11,华中,微信支付,cancelled,20,男
ORD007283,Adidas Ultraboost,服装,服装服装,6886.69,6,41320.14,2024/08/20,西南,微信支付,completed,43,女
ORD007284,原则,图书,图书图书,6151.24,7,43058.68,2024/10/18,华北,信用卡,completed,58,男
ORD007285,戴森吸尘器,家居,家居家居,4867.54,2,9735.08,2024/05/22,华中,微信支付,completed,30,男
ORD007286,罗技 MX Master 3,电子产品,电子产品,5503.25,1,5503.25,2025/01/16,西南,信用卡,refunded,44,
ORD007287,网易严选床垫,家居,家居家居,4902.26,6,29413.56,2024/04/29,华南,微信支付,completed,30,女
ORD007288,三只松鼠坚果礼盒,食品,食品食品,9395.63,1,9395.63,2024/09/28,华东,银行卡,completed,56,
ORD007289,小熊加湿器,家居,家居家居,1889.65,4,7558.6,2025/01/06,东北,微信支付,cancelled,46,女
ORD007290,戴森吸尘器,家居,家居家居,1462.52,4,5850.08,2024/06/11,华东,支付宝,pending,35,
ORD007291,H&M 连衣裙,服装,服装服装,7208.02,2,14416.04,2024/04/07,华北,银行卡,completed,23,
ORD007292,Zara 西装外套,服装,服装服装,1099.96,6,6599.76,2025/03/30,西南,微信支付,cancelled,48,男
ORD007293,良品铺子零食包,食品,食品食品,3467.59,9,31208.31,2025/03/26,华北,微信支付,completed,55,
ORD007294,Kindle Paperwhite,电子产品,电子产品,9766.91,2,19533.82,2024/12/28,西北,支付宝,completed,27,男
ORD007295,iPad Air,电子产品,电子产品,6051.46,3,18154.38,2024/08/19,华东,支付宝,pending,49,女
ORD007296,New Balance 574,服装,服装服装,3917.35,5,19586.75,2024/06/21,华南,微信支付,cancelled,43,女
ORD007297,宜家书架,家居,家居家居,7247.97,1,7247.97,2024/12/02,华北,支付宝,completed,19,男
ORD007298,优衣库羽绒服,服装,服装服装,9715.39,3,29146.17,2024/08/14,华中,微信支付,completed,51,
ORD007299,Dell XPS 15,电子产品,电子产品,353.42,10,3534.2,2024/03/11,华东,银行卡,completed,38,女
ORD007300,小熊加湿器,家居,家居家居,4033.84,3,12101.52,2024/05/19,华东,微信支付,cancelled,59,女
ORD007301,三体全集,图书,图书图书,7939.29,4,31757.16,2025/05/05,东北,支付宝,completed,38,
ORD007302,蒙牛纯牛奶,食品,食品食品,4127.7,6,24766.2,2024/07/12,华北,微信支付,pending,64,
ORD007303,Samsung Galaxy S24,电子产品,电子产品,2978.18,5,14890.9,2025/05/10,东北,支付宝,completed,45,男
ORD007304,Samsung Galaxy S24,电子产品,电子产品,3164.58,3,9493.74,2024/03/28,华南,微信支付,completed,54,女
ORD007305,Kindle Paperwhite,电子产品,电子产品,6710.12,6,40260.72,2024/07/28,西北,支付宝,pending,21,
ORD007306,Zara 西装外套,服装,服装服装,2700.71,4,10802.84,2024/08/24,华东,支付宝,completed,39,男
ORD007307,三只松鼠坚果礼盒,食品,食品食品,8624.81,8,68998.48,2025/01/05,东北,微信支付,completed,36,男
ORD007308,星巴克咖啡豆,食品,食品食品,6648.14,7,46536.98,2025/04/12,东北,信用卡,completed,32,女
ORD007309,思考快与慢,图书,图书图书,6510.29,10,65102.9,2024/01/25,西北,信用卡,completed,21,男
ORD007310,New Balance 574,服装,服装服装,8914.99,10,89149.9,2025/03/07,西南,支付宝,refunded,32,
ORD007311,罗技 MX Master 3,电子产品,电子产品,5945.46,10,59454.6,2024/02/22,华中,银行卡,completed,49,女
ORD007312,AirPods Pro,电子产品,电子产品,2752.01,6,16512.06,2024/06/07,华南,银行卡,completed,27,女
ORD007313,网易严选床垫,家居,家居家居,6323.36,4,25293.44,2024/04/11,东北,银行卡,completed,19,男
ORD007314,思考快与慢,图书,图书图书,7196.54,4,28786.16,2024/01/06,东北,信用卡,completed,31,女
ORD007315,Adidas Ultraboost,服装,服装服装,7016.03,7,49112.21,2024/02/07,华北,信用卡,completed,23,
ORD007316,宜家书架,家居,家居家居,1049.25,9,9443.25,2024/03/03,华东,银行卡,completed,42,
ORD007317,百威啤酒,食品,食品食品,473.5,3,1420.5,2024/10/26,华北,银行卡,completed,29,男
ORD007318,罗技 MX Master 3,电子产品,电子产品,6956.87,10,69568.7,2024/07/12,华中,银行卡,completed,53,男
ORD007319,思考快与慢,图书,图书图书,7215.92,5,36079.6,2025/02/11,华东,微信支付,completed,23,
ORD007320,MacBook Air,电子产品,电子产品,8935.53,5,44677.65,2024/08/18,西北,微信支付,pending,60,男
ORD007321,Apple Watch,电子产品,电子产品,9944.38,7,69610.66,2025/02/06,西北,微信支付,pending,24,
ORD007322,农夫山泉,食品,食品食品,8468.35,9,76215.15,2024/12/10,西北,微信支付,completed,44,女
ORD007323,德芙巧克力,食品,食品食品,2698.03,10,26980.3,2024/10/03,华北,支付宝,completed,28,
ORD007324,农夫山泉,食品,食品食品,1739.15,2,3478.3,2024/04/29,西北,银行卡,completed,39,男
ORD007325,H&M 连衣裙,服装,服装服装,5740.02,10,57400.2,2025/04/18,华北,微信支付,cancelled,24,男
ORD007326,茅台酒,食品,食品食品,6472.46,1,6472.46,2024/03/13,华南,微信支付,pending,47,
ORD007327,九阳豆浆机,家居,家居家居,1067.09,9,9603.81,2024/05/01,华北,微信支付,pending,50,男
ORD007328,优衣库羽绒服,服装,服装服装,6991.68,6,41950.08,2024/03/11,华中,银行卡,completed,56,女
ORD007329,戴森吸尘器,家居,家居家居,9911.35,6,59468.1,2025/02/08,华中,支付宝,cancelled,46,
ORD007330,Samsung Galaxy S24,电子产品,电子产品,4800.17,5,24000.85,2025/04/03,华东,信用卡,pending,53,
ORD007331,Nike Air Max,服装,服装服装,189.46,6,1136.76,2025/02/03,西北,银行卡,refunded,37,女
ORD007332,H&M 连衣裙,服装,服装服装,8141.17,3,24423.51,2025/01/23,华北,信用卡,completed,25,男
ORD007333,德芙巧克力,食品,食品食品,5931.91,8,47455.28,2024/06/25,华东,信用卡,pending,59,女
ORD007334,思考快与慢,图书,图书图书,3999.35,10,39993.5,2024/10/21,东北,支付宝,pending,65,
ORD007335,Sony WH-1000XM5,电子产品,电子产品,2455.32,4,9821.28,2024/09/13,华南,银行卡,pending,55,
ORD007336,茅台酒,食品,食品食品,5736.82,1,5736.82,2024/09/04,东北,支付宝,completed,51,
ORD007337,戴森吸尘器,家居,家居家居,9530.67,9,85776.03,2024/11/26,东北,银行卡,completed,22,男
ORD007338,三只松鼠坚果礼盒,食品,食品食品,2241.59,7,15691.13,2025/05/04,东北,微信支付,completed,31,
ORD007339,九阳豆浆机,家居,家居家居,4089.15,3,12267.45,2024/08/28,华东,信用卡,pending,56,女
ORD007340,Zara 西装外套,服装,服装服装,6747.93,4,26991.72,2024/06/01,西南,银行卡,completed,45,
ORD007341,Python编程从入门到实践,图书,图书图书,4970.07,5,24850.35,2024/11/25,华南,银行卡,completed,62,
ORD007342,网易严选床垫,家居,家居家居,8890.2,7,62231.4,2024/11/17,东北,微信支付,completed,37,
ORD007343,北面冲锋衣,服装,服装服装,6128.44,3,18385.32,2024/02/13,西南,支付宝,cancelled,18,女
ORD007344,蒙牛纯牛奶,食品,食品食品,1404.91,9,12644.19,2024/08/31,西南,微信支付,completed,40,女
ORD007345,Apple Watch,电子产品,电子产品,4304.93,8,34439.44,2025/04/28,西北,支付宝,completed,22,男
ORD007346,Dell XPS 15,电子产品,电子产品,4014.93,7,28104.51,2024/05/03,西北,信用卡,cancelled,34,男
ORD007347,小熊加湿器,家居,家居家居,5028.66,10,50286.6,2024/07/23,西南,信用卡,completed,46,男
ORD007348,蒙牛纯牛奶,食品,食品食品,2544.22,3,7632.66,2024/10/27,西北,支付宝,completed,29,男
ORD007349,蒙牛纯牛奶,食品,食品食品,8176.17,8,65409.36,2024/01/20,西南,银行卡,completed,30,男
ORD007350,农夫山泉,食品,食品食品,1506.89,3,4520.67,2025/03/08,西北,支付宝,completed,27,女
ORD007351,iPad Air,电子产品,电子产品,9642.71,6,57856.26,2024/05/31,西北,支付宝,pending,38,女
ORD007352,iPad Air,电子产品,电子产品,9665.66,1,9665.66,2025/01/09,华中,信用卡,completed,44,
ORD007353,三只松鼠坚果礼盒,食品,食品食品,98.22,8,785.76,2024/03/31,西北,信用卡,completed,23,女
ORD007354,H&M 连衣裙,服装,服装服装,7572.69,9,68154.21,2024/06/21,华东,信用卡,completed,32,
ORD007355,Zara 西装外套,服装,服装服装,2795.58,2,5591.16,2024/12/07,华东,支付宝,completed,31,
ORD007356,罗技 MX Master 3,电子产品,电子产品,6619.35,3,19858.05,2025/03/01,华东,微信支付,completed,63,女
ORD007357,宜家书架,家居,家居家居,3826.4,5,19132.0,2024/07/31,东北,支付宝,refunded,50,女
ORD007358,戴森吸尘器,家居,家居家居,6924.51,10,69245.1,2024/07/05,西南,支付宝,completed,50,
ORD007359,美的电饭煲,家居,家居家居,475.13,10,4751.3,2025/04/28,华北,信用卡,completed,53,女
ORD007360,百威啤酒,食品,食品食品,6733.22,7,47132.54,2024/11/05,华北,银行卡,completed,34,
ORD007361,百威啤酒,食品,食品食品,9059.51,3,27178.53,2024/01/27,华中,银行卡,refunded,41,男
ORD007362,Sony WH-1000XM5,电子产品,电子产品,2993.98,6,17963.88,2025/02/14,华北,支付宝,completed,64,
ORD007363,北面冲锋衣,服装,服装服装,1840.83,2,3681.66,2024/11/21,西北,支付宝,refunded,26,
ORD007364,蒙牛纯牛奶,食品,食品食品,4735.84,2,9471.68,2024/04/21,西南,支付宝,completed,59,女
ORD007365,Kindle Paperwhite,电子产品,电子产品,4967.06,2,9934.12,2024/06/06,华中,银行卡,completed,47,男
ORD007366,星巴克咖啡豆,食品,食品食品,6463.69,8,51709.52,2024/04/30,华中,微信支付,completed,62,女
ORD007367,农夫山泉,食品,食品食品,8765.13,4,35060.52,2024/09/04,华北,支付宝,pending,47,
ORD007368,Sony WH-1000XM5,电子产品,电子产品,2279.07,4,9116.28,2024/10/29,西北,银行卡,cancelled,39,
ORD007369,深入理解计算机系统,图书,图书图书,8933.51,3,26800.53,2025/02/17,华南,信用卡,completed,24,女
ORD007370,Zara 西装外套,服装,服装服装,2931.27,8,23450.16,2024/04/20,东北,银行卡,completed,24,男
ORD007371,算法导论,图书,图书图书,405.62,4,1622.48,2024/08/11,东北,信用卡,pending,23,女
ORD007372,网易严选床垫,家居,家居家居,9043.15,3,27129.45,2025/05/11,西北,支付宝,cancelled,47,
ORD007373,百威啤酒,食品,食品食品,5214.4,5,26072.0,2024/07/22,华北,银行卡,completed,45,女
ORD007374,iPad Air,电子产品,电子产品,8237.05,1,8237.05,2024/06/07,华北,微信支付,completed,54,
ORD007375,九阳豆浆机,家居,家居家居,7505.91,4,30023.64,2025/04/20,华北,信用卡,pending,23,男
ORD007376,iPhone 15,电子产品,电子产品,2681.64,1,2681.64,2024/04/04,西南,银行卡,refunded,23,女
ORD007377,百威啤酒,食品,食品食品,9830.56,10,98305.6,2024/02/08,华中,信用卡,completed,20,男
ORD007378,Nike Air Max,服装,服装服装,4262.27,6,25573.62,2024/10/12,华南,微信支付,cancelled,35,男
ORD007379,百威啤酒,食品,食品食品,2258.37,1,2258.37,2024/05/31,西北,银行卡,refunded,45,
ORD007380,Sony WH-1000XM5,电子产品,电子产品,9293.17,6,55759.02,2025/05/06,西南,银行卡,completed,55,女
ORD007381,iPad Air,电子产品,电子产品,5727.19,8,45817.52,2024/07/22,华中,信用卡,refunded,19,
ORD007382,网易严选床垫,家居,家居家居,7945.45,10,79454.5,2024/10/10,华中,微信支付,completed,33,
ORD007383,iPad Air,电子产品,电子产品,8905.33,4,35621.32,2024/12/05,华南,银行卡,cancelled,54,男
ORD007384,小米台灯,家居,家居家居,4072.16,3,12216.48,2024/12/29,华东,微信支付,completed,60,男
ORD007385,茅台酒,食品,食品食品,5325.47,5,26627.35,2024/02/10,华中,支付宝,completed,53,
ORD007386,农夫山泉,食品,食品食品,6437.88,8,51503.04,2024/01/31,东北,支付宝,pending,56,女
ORD007387,百威啤酒,食品,食品食品,1027.37,1,1027.37,2024/05/04,华中,支付宝,cancelled,47,男
ORD007388,优衣库羽绒服,服装,服装服装,6386.02,4,25544.08,2025/04/10,西北,信用卡,completed,59,
ORD007389,Levi's 501,服装,服装服装,2496.08,2,4992.16,2024/12/03,华南,微信支付,completed,30,男
ORD007390,农夫山泉,食品,食品食品,6389.55,4,25558.2,2025/05/04,华南,支付宝,refunded,19,女
ORD007391,九阳豆浆机,家居,家居家居,6702.88,2,13405.76,2024/01/05,东北,支付宝,cancelled,53,男
ORD007392,原则,图书,图书图书,7559.65,3,22678.95,2024/06/23,东北,银行卡,completed,38,男
ORD007393,德芙巧克力,食品,食品食品,6925.0,10,69250.0,2024/12/11,华东,信用卡,completed,18,男
ORD007394,Levi's 501,服装,服装服装,9863.95,3,29591.85,2024/08/24,华东,支付宝,completed,38,男
ORD007395,Python编程从入门到实践,图书,图书图书,6942.36,2,13884.72,2024/07/13,东北,支付宝,completed,52,男
ORD007396,Kindle Paperwhite,电子产品,电子产品,608.57,8,4868.56,2024/08/31,华南,银行卡,completed,57,男
ORD007397,小熊加湿器,家居,家居家居,5502.12,4,22008.48,2024/03/27,西南,银行卡,completed,55,女
ORD007398,思考快与慢,图书,图书图书,2125.1,7,14875.7,2024/12/01,华北,银行卡,completed,28,
ORD007399,小熊加湿器,家居,家居家居,7812.92,2,15625.84,2024/12/09,华东,银行卡,completed,46,男
ORD007400,MacBook Air,电子产品,电子产品,896.81,6,5380.86,2024/08/06,华南,微信支付,refunded,53,女
ORD007401,Python编程从入门到实践,图书,图书图书,3608.65,2,7217.3,2024/04/29,西北,支付宝,completed,42,
ORD007402,MacBook Air,电子产品,电子产品,3640.33,1,3640.33,2025/03/02,华中,银行卡,completed,60,男
ORD007403,网易严选床垫,家居,家居家居,2342.52,5,11712.6,2024/12/12,华北,银行卡,refunded,63,
ORD007404,美的电饭煲,家居,家居家居,6041.23,7,42288.61,2025/04/17,华北,微信支付,completed,32,女
ORD007405,北面冲锋衣,服装,服装服装,7385.04,8,59080.32,2024/06/14,华南,微信支付,completed,39,女
ORD007406,iPad Air,电子产品,电子产品,2201.16,6,13206.96,2024/10/12,华东,信用卡,completed,57,
ORD007407,Python编程从入门到实践,图书,图书图书,110.6,8,884.8,2025/01/22,华南,支付宝,pending,50,男
ORD007408,Nike Air Max,服装,服装服装,674.33,6,4045.98,2025/02/19,华中,银行卡,completed,29,女
ORD007409,美的电饭煲,家居,家居家居,3214.87,4,12859.48,2025/04/18,华东,银行卡,completed,52,男
ORD007410,思考快与慢,图书,图书图书,6289.26,7,44024.82,2024/07/10,华中,信用卡,pending,42,
ORD007411,罗技 MX Master 3,电子产品,电子产品,9687.82,2,19375.64,2024/12/15,华东,信用卡,completed,61,男
ORD007412,人类简史,图书,图书图书,8112.7,4,32450.8,2024/05/15,华北,信用卡,completed,18,女
ORD007413,百威啤酒,食品,食品食品,5133.86,9,46204.74,2024/05/22,东北,微信支付,completed,31,
ORD007414,思考快与慢,图书,图书图书,31.92,6,191.52,2024/09/21,东北,信用卡,completed,51,女
ORD007415,Adidas Ultraboost,服装,服装服装,6900.31,9,62102.79,2025/02/01,华东,微信支付,completed,24,女
ORD007416,iPhone 15,电子产品,电子产品,8274.29,9,74468.61,2025/03/19,华中,银行卡,pending,50,
ORD007417,网易严选床垫,家居,家居家居,5874.57,6,35247.42,2024/07/19,西北,微信支付,cancelled,52,女
ORD007418,iPhone 15,电子产品,电子产品,6465.47,1,6465.47,2025/05/15,华东,信用卡,completed,30,男
ORD007419,原则,图书,图书图书,9397.73,1,9397.73,2024/10/01,东北,信用卡,completed,59,男
ORD007420,New Balance 574,服装,服装服装,4946.43,1,4946.43,2024/11/12,东北,支付宝,completed,46,男
ORD007421,Zara 西装外套,服装,服装服装,1384.93,9,12464.37,2024/01/13,西北,银行卡,refunded,51,
ORD007422,深入理解计算机系统,图书,图书图书,3999.8,7,27998.6,2024/10/22,华南,微信支付,completed,30,
ORD007423,九阳豆浆机,家居,家居家居,7562.9,1,7562.9,2024/04/02,华中,微信支付,completed,18,女
ORD007424,三只松鼠坚果礼盒,食品,食品食品,7749.68,9,69747.12,2025/03/06,西北,信用卡,completed,44,男
ORD007425,人类简史,图书,图书图书,7052.85,2,14105.7,2024/07/02,华南,银行卡,refunded,37,女
ORD007426,三体全集,图书,图书图书,8261.73,9,74355.57,2024/02/28,华北,银行卡,completed,51,男
ORD007427,美的电饭煲,家居,家居家居,3413.66,1,3413.66,2024/12/29,东北,银行卡,completed,56,女
ORD007428,H&M 连衣裙,服装,服装服装,106.02,5,530.1,2024/09/29,西南,信用卡,refunded,58,女
ORD007429,深入理解计算机系统,图书,图书图书,3416.79,6,20500.74,2025/05/27,华东,微信支付,completed,31,女
ORD007430,北面冲锋衣,服装,服装服装,1676.06,4,6704.24,2024/04/29,华中,微信支付,completed,28,
ORD007431,三只松鼠坚果礼盒,食品,食品食品,1416.2,1,1416.2,2024/02/09,华北,信用卡,cancelled,54,
ORD007432,茅台酒,食品,食品食品,4754.62,5,23773.1,2024/06/23,华东,支付宝,completed,45,
ORD007433,网易严选床垫,家居,家居家居,7826.57,8,62612.56,2024/10/15,华南,信用卡,completed,51,男
ORD007434,人类简史,图书,图书图书,9238.46,3,27715.38,2024/07/08,华中,银行卡,completed,50,女
ORD007435,Kindle Paperwhite,电子产品,电子产品,1538.91,3,4616.73,2024/07/09,西北,微信支付,completed,63,
ORD007436,蒙牛纯牛奶,食品,食品食品,1546.08,4,6184.32,2024/12/27,西北,银行卡,pending,40,
ORD007437,蒙牛纯牛奶,食品,食品食品,7957.2,8,63657.6,2024/01/12,东北,信用卡,completed,50,女
ORD007438,罗技 MX Master 3,电子产品,电子产品,5486.64,4,21946.56,2024/12/16,西南,信用卡,cancelled,65,男
ORD007439,H&M 连衣裙,服装,服装服装,5964.4,5,29822.0,2024/09/03,东北,银行卡,pending,18,女
ORD007440,三只松鼠坚果礼盒,食品,食品食品,8396.73,7,58777.11,2024/04/11,华北,银行卡,completed,64,
ORD007441,Sony WH-1000XM5,电子产品,电子产品,9218.65,9,82967.85,2024/08/19,华中,微信支付,completed,32,
ORD007442,Nike Air Max,服装,服装服装,8177.88,5,40889.4,2024/10/13,华南,银行卡,completed,54,女
ORD007443,美的电饭煲,家居,家居家居,9400.91,7,65806.37,2025/05/18,东北,微信支付,completed,34,男
ORD007444,农夫山泉,食品,食品食品,8206.18,6,49237.08,2025/04/11,东北,支付宝,completed,57,
ORD007445,Nike Air Max,服装,服装服装,2264.92,8,18119.36,2024/10/26,华东,微信支付,cancelled,48,男
ORD007446,Nike Air Max,服装,服装服装,8047.71,6,48286.26,2024/10/24,华北,银行卡,completed,43,男
ORD007447,Apple Watch,电子产品,电子产品,3465.15,3,10395.45,2024/07/13,西南,信用卡,completed,52,女
ORD007448,小熊加湿器,家居,家居家居,3897.44,10,38974.4,2024/10/12,华北,微信支付,refunded,49,男
ORD007449,星巴克咖啡豆,食品,食品食品,5689.63,3,17068.89,2024/06/23,华南,信用卡,completed,22,女
ORD007450,思考快与慢,图书,图书图书,3326.62,2,6653.24,2024/11/10,华北,微信支付,completed,20,
ORD007451,宜家书架,家居,家居家居,1887.16,7,13210.12,2024/06/28,东北,支付宝,completed,57,女
ORD007452,百威啤酒,食品,食品食品,9216.85,2,18433.7,2025/03/20,西南,信用卡,pending,64,女
ORD007453,Nike Air Max,服装,服装服装,1012.17,6,6073.02,2024/11/08,西北,信用卡,cancelled,18,
ORD007454,算法导论,图书,图书图书,9565.73,9,86091.57,2024/10/22,西南,银行卡,completed,29,
ORD007455,Nike Air Max,服装,服装服装,1802.96,4,7211.84,2024/12/05,华南,微信支付,completed,50,男
ORD007456,九阳豆浆机,家居,家居家居,7173.54,2,14347.08,2024/12/15,华东,信用卡,refunded,60,
ORD007457,茅台酒,食品,食品食品,7480.47,2,14960.94,2025/06/01,西南,支付宝,cancelled,40,
ORD007458,Apple Watch,电子产品,电子产品,9714.33,9,87428.97,2024/11/22,华北,支付宝,cancelled,32,
ORD007459,深入理解计算机系统,图书,图书图书,8043.3,1,8043.3,2024/10/19,华北,支付宝,pending,55,女
ORD007460,九阳豆浆机,家居,家居家居,608.78,6,3652.68,2025/01/02,华北,微信支付,completed,22,男
ORD007461,网易严选床垫,家居,家居家居,2748.27,6,16489.62,2024/03/20,西北,微信支付,completed,48,女
ORD007462,百威啤酒,食品,食品食品,1952.93,9,17576.37,2024/01/21,华北,银行卡,completed,37,
ORD007463,农夫山泉,食品,食品食品,4715.98,10,47159.8,2024/10/11,西北,信用卡,completed,59,
ORD007464,Apple Watch,电子产品,电子产品,8777.72,10,87777.2,2024/01/08,西北,支付宝,completed,40,女
ORD007465,美的电饭煲,家居,家居家居,2196.72,5,10983.6,2025/05/14,东北,信用卡,completed,62,
ORD007466,罗技 MX Master 3,电子产品,电子产品,7027.41,7,49191.87,2024/12/30,东北,信用卡,completed,24,女
ORD007467,思考快与慢,图书,图书图书,1248.73,10,12487.3,2024/08/10,华南,微信支付,completed,37,
ORD007468,茅台酒,食品,食品食品,2916.21,5,14581.05,2025/02/11,西北,微信支付,refunded,27,男
ORD007469,百威啤酒,食品,食品食品,5212.5,10,52125.0,2024/12/02,西南,支付宝,refunded,63,男
ORD007470,Nike Air Max,服装,服装服装,4792.84,1,4792.84,2024/03/06,西南,支付宝,completed,63,女
ORD007471,三体全集,图书,图书图书,4533.08,7,31731.56,2024/04/07,华南,银行卡,completed,56,
ORD007472,Adidas Ultraboost,服装,服装服装,2836.77,6,17020.62,2025/03/24,华南,微信支付,pending,23,女
ORD007473,Samsung Galaxy S24,电子产品,电子产品,5179.08,10,51790.8,2024/06/19,华中,支付宝,completed,31,
ORD007474,New Balance 574,服装,服装服装,8936.43,8,71491.44,2024/03/25,华中,支付宝,completed,22,男
ORD007475,戴森吸尘器,家居,家居家居,7238.7,10,72387.0,2025/05/03,华北,支付宝,pending,24,
ORD007476,MacBook Air,电子产品,电子产品,1436.57,10,14365.7,2025/03/22,东北,信用卡,completed,55,
ORD007477,三只松鼠坚果礼盒,食品,食品食品,5907.96,9,53171.64,2025/04/16,西北,银行卡,completed,42,男
ORD007478,宜家书架,家居,家居家居,7874.47,1,7874.47,2024/06/22,华北,银行卡,completed,24,
ORD007479,Samsung Galaxy S24,电子产品,电子产品,7901.28,9,71111.52,2024/10/28,华东,微信支付,pending,56,男
ORD007480,iPhone 15,电子产品,电子产品,3734.12,4,14936.48,2024/11/28,华东,微信支付,completed,55,
ORD007481,AirPods Pro,电子产品,电子产品,5317.42,2,10634.84,2024/07/25,东北,银行卡,completed,58,男
ORD007482,蒙牛纯牛奶,食品,食品食品,1850.73,5,9253.65,2024/11/28,华中,微信支付,refunded,43,
ORD007483,Kindle Paperwhite,电子产品,电子产品,2703.47,1,2703.47,2025/01/11,东北,微信支付,cancelled,48,男
ORD007484,网易严选床垫,家居,家居家居,4235.77,1,4235.77,2025/05/01,东北,支付宝,completed,33,
ORD007485,小米台灯,家居,家居家居,197.06,2,394.12,2024/02/19,华东,银行卡,completed,65,女
ORD007486,星巴克咖啡豆,食品,食品食品,1405.68,5,7028.4,2024/06/26,东北,微信支付,completed,61,
ORD007487,良品铺子零食包,食品,食品食品,4672.42,4,18689.68,2025/05/16,东北,微信支付,refunded,58,女
ORD007488,MacBook Air,电子产品,电子产品,6125.59,3,18376.77,2024/10/26,华南,信用卡,completed,30,
ORD007489,小熊加湿器,家居,家居家居,7788.24,9,70094.16,2025/05/30,东北,微信支付,pending,26,男
ORD007490,三只松鼠坚果礼盒,食品,食品食品,5704.48,9,51340.32,2025/03/09,华北,微信支付,completed,23,男
ORD007491,北面冲锋衣,服装,服装服装,655.39,3,1966.17,2024/09/25,华东,银行卡,pending,52,女
ORD007492,三体全集,图书,图书图书,8455.73,10,84557.3,2024/03/22,华东,银行卡,completed,36,
ORD007493,iPhone 15,电子产品,电子产品,7876.14,1,7876.14,2024/08/31,西北,支付宝,completed,49,男
ORD007494,北面冲锋衣,服装,服装服装,160.27,10,1602.7,2024/11/21,华南,银行卡,completed,33,男
ORD007495,宜家书架,家居,家居家居,9692.41,6,58154.46,2024/04/29,西南,支付宝,completed,35,
ORD007496,蒙牛纯牛奶,食品,食品食品,2972.16,2,5944.32,2024/12/04,西北,支付宝,completed,53,女
ORD007497,良品铺子零食包,食品,食品食品,6122.7,7,42858.9,2024/03/24,东北,微信支付,pending,60,男
ORD007498,星巴克咖啡豆,食品,食品食品,871.6,10,8716.0,2024/05/25,西北,银行卡,completed,26,女
ORD007499,星巴克咖啡豆,食品,食品食品,3437.22,6,20623.32,2024/11/17,西北,支付宝,completed,60,女
ORD007500,Levi's 501,服装,服装服装,5009.76,4,20039.04,2024/05/12,西北,微信支付,pending,62,女
ORD007501,德芙巧克力,食品,食品食品,1377.26,8,11018.08,2025/05/27,华北,信用卡,completed,45,男
ORD007502,Samsung Galaxy S24,电子产品,电子产品,3835.64,4,15342.56,2024/07/20,华东,信用卡,pending,57,男
ORD007503,Adidas Ultraboost,服装,服装服装,626.57,2,1253.14,2024/03/15,西北,支付宝,pending,31,
ORD007504,Levi's 501,服装,服装服装,3622.05,10,36220.5,2025/04/25,华北,微信支付,completed,30,
ORD007505,农夫山泉,食品,食品食品,1312.98,9,11816.82,2024/02/10,华中,信用卡,completed,56,男
ORD007506,九阳豆浆机,家居,家居家居,7232.17,1,7232.17,2024/09/18,华南,支付宝,completed,61,男
ORD007507,三体全集,图书,图书图书,3932.37,10,39323.7,2024/02/26,东北,微信支付,completed,57,女
ORD007508,蒙牛纯牛奶,食品,食品食品,1443.64,6,8661.84,2024/07/18,东北,支付宝,pending,37,
ORD007509,蒙牛纯牛奶,食品,食品食品,5971.98,6,35831.88,2025/05/20,华北,银行卡,completed,33,女
ORD007510,Apple Watch,电子产品,电子产品,3044.18,3,9132.54,2024/11/13,东北,银行卡,completed,42,男
ORD007511,小熊加湿器,家居,家居家居,3608.09,2,7216.18,2024/08/22,西南,信用卡,completed,24,
ORD007512,百威啤酒,食品,食品食品,708.68,5,3543.4,2024/10/01,华东,信用卡,completed,59,男
ORD007513,Samsung Galaxy S24,电子产品,电子产品,6358.37,7,44508.59,2024/08/23,东北,银行卡,completed,63,女
ORD007514,人类简史,图书,图书图书,592.71,5,2963.55,2025/01/15,华东,微信支付,cancelled,35,女
ORD007515,农夫山泉,食品,食品食品,7058.4,8,56467.2,2024/08/22,华南,微信支付,completed,20,
ORD007516,德芙巧克力,食品,食品食品,2893.38,5,14466.9,2024/07/11,华中,微信支付,completed,56,男
ORD007517,Samsung Galaxy S24,电子产品,电子产品,3430.74,6,20584.44,2024/05/15,华南,银行卡,cancelled,59,男
ORD007518,宜家书架,家居,家居家居,8160.92,10,81609.2,2024/10/28,华北,支付宝,completed,57,
ORD007519,AirPods Pro,电子产品,电子产品,8498.2,1,8498.2,2024/07/30,华南,支付宝,pending,50,
ORD007520,美的电饭煲,家居,家居家居,5041.12,9,45370.08,2024/05/06,西北,微信支付,completed,40,
ORD007521,网易严选床垫,家居,家居家居,2096.24,7,14673.68,2024/08/06,西南,银行卡,cancelled,41,男
ORD007522,德芙巧克力,食品,食品食品,6513.94,4,26055.76,2024/08/02,西北,信用卡,pending,60,男
ORD007523,百威啤酒,食品,食品食品,9013.87,8,72110.96,2024/04/01,华东,微信支付,cancelled,23,
ORD007524,戴森吸尘器,家居,家居家居,1358.64,4,5434.56,2025/03/13,华东,支付宝,completed,47,男
ORD007525,iPad Air,电子产品,电子产品,9357.48,10,93574.8,2024/04/19,西北,支付宝,pending,56,男
ORD007526,北面冲锋衣,服装,服装服装,8058.1,5,40290.5,2024/01/05,华东,银行卡,completed,30,男
ORD007527,宜家书架,家居,家居家居,4762.33,4,19049.32,2024/03/22,西北,银行卡,completed,55,女
ORD007528,小熊加湿器,家居,家居家居,9890.96,6,59345.76,2025/03/16,东北,微信支付,completed,25,男
ORD007529,原则,图书,图书图书,5775.94,10,57759.4,2024/06/16,华南,信用卡,completed,59,
ORD007530,三只松鼠坚果礼盒,食品,食品食品,6701.97,4,26807.88,2025/04/30,西南,支付宝,refunded,50,女
ORD007531,Levi's 501,服装,服装服装,7729.33,8,61834.64,2024/07/12,华东,支付宝,cancelled,59,女
ORD007532,小米台灯,家居,家居家居,6771.13,6,40626.78,2025/04/19,华中,微信支付,completed,29,
ORD007533,三体全集,图书,图书图书,689.95,6,4139.7,2024/07/04,华中,微信支付,completed,41,男
ORD007534,H&M 连衣裙,服装,服装服装,1294.76,2,2589.52,2025/01/07,华中,微信支付,pending,33,
ORD007535,蒙牛纯牛奶,食品,食品食品,6744.36,9,60699.24,2024/03/02,华东,支付宝,completed,27,
ORD007536,农夫山泉,食品,食品食品,5269.61,2,10539.22,2025/04/18,华北,信用卡,completed,49,
ORD007537,良品铺子零食包,食品,食品食品,4260.14,2,8520.28,2025/01/03,华中,微信支付,completed,22,男
ORD007538,三体全集,图书,图书图书,5277.44,3,15832.32,2025/02/15,东北,信用卡,completed,57,女
ORD007539,蒙牛纯牛奶,食品,食品食品,1214.32,10,12143.2,2024/09/14,华东,支付宝,pending,37,女
ORD007540,小米台灯,家居,家居家居,1445.37,1,1445.37,2025/05/02,西北,微信支付,completed,24,
ORD007541,MacBook Air,电子产品,电子产品,9829.23,7,68804.61,2025/01/23,华中,微信支付,completed,59,男
ORD007542,深入理解计算机系统,图书,图书图书,1795.6,1,1795.6,2024/04/10,华南,支付宝,completed,45,女
ORD007543,Adidas Ultraboost,服装,服装服装,5542.42,6,33254.52,2024/11/22,西北,信用卡,completed,54,
ORD007544,戴森吸尘器,家居,家居家居,6048.0,2,12096.0,2024/09/05,华中,信用卡,cancelled,28,女
ORD007545,深入理解计算机系统,图书,图书图书,5671.13,6,34026.78,2024/01/26,华北,微信支付,cancelled,49,女
ORD007546,Dell XPS 15,电子产品,电子产品,1738.9,3,5216.7,2025/03/10,华东,微信支付,completed,20,
ORD007547,北面冲锋衣,服装,服装服装,9207.95,4,36831.8,2024/04/06,西北,银行卡,completed,56,女
ORD007548,Zara 西装外套,服装,服装服装,8091.4,3,24274.2,2025/03/05,东北,支付宝,completed,43,男
ORD007549,罗技 MX Master 3,电子产品,电子产品,2871.31,6,17227.86,2024/01/23,东北,微信支付,refunded,50,
ORD007550,三体全集,图书,图书图书,4547.66,2,9095.32,2024/08/03,东北,支付宝,cancelled,48,
ORD007551,Zara 西装外套,服装,服装服装,4113.48,3,12340.44,2024/11/14,西北,支付宝,completed,63,男
ORD007552,H&M 连衣裙,服装,服装服装,6855.4,6,41132.4,2024/02/20,华北,信用卡,completed,18,男
ORD007553,小熊加湿器,家居,家居家居,3420.24,6,20521.44,2024/01/28,东北,支付宝,completed,21,男
ORD007554,H&M 连衣裙,服装,服装服装,6076.26,5,30381.3,2024/12/10,华东,银行卡,completed,49,
ORD007555,三只松鼠坚果礼盒,食品,食品食品,4471.86,2,8943.72,2024/06/22,西北,信用卡,pending,36,女
ORD007556,百威啤酒,食品,食品食品,3513.27,10,35132.7,2024/09/04,华南,微信支付,pending,40,
ORD007557,New Balance 574,服装,服装服装,4124.19,6,24745.14,2024/07/31,东北,信用卡,completed,46,女
ORD007558,Zara 西装外套,服装,服装服装,913.0,1,913.0,2024/10/27,华南,银行卡,pending,22,
ORD007559,北面冲锋衣,服装,服装服装,9119.58,6,54717.48,2025/02/02,西南,信用卡,completed,57,男
ORD007560,三只松鼠坚果礼盒,食品,食品食品,1404.72,2,2809.44,2024/10/04,西南,微信支付,completed,60,男
ORD007561,德芙巧克力,食品,食品食品,4758.99,10,47589.9,2024/08/06,华中,信用卡,pending,18,女
ORD007562,星巴克咖啡豆,食品,食品食品,4638.03,2,9276.06,2024/07/09,西北,微信支付,refunded,39,男
ORD007563,Zara 西装外套,服装,服装服装,6433.75,2,12867.5,2024/12/27,华东,信用卡,completed,32,
ORD007564,Dell XPS 15,电子产品,电子产品,1242.6,4,4970.4,2024/12/24,西南,微信支付,completed,43,女
ORD007565,人类简史,图书,图书图书,8452.28,7,59165.96,2024/05/10,西北,微信支付,completed,51,女
ORD007566,农夫山泉,食品,食品食品,5917.26,10,59172.6,2025/05/04,华东,微信支付,pending,42,
ORD007567,农夫山泉,食品,食品食品,2462.47,1,2462.47,2024/03/26,华中,微信支付,completed,40,女
ORD007568,Samsung Galaxy S24,电子产品,电子产品,7065.14,8,56521.12,2024/02/03,西南,银行卡,pending,39,男
ORD007569,算法导论,图书,图书图书,7831.55,4,31326.2,2024/08/07,西南,微信支付,refunded,63,
ORD007570,Dell XPS 15,电子产品,电子产品,2526.14,1,2526.14,2025/02/23,西南,微信支付,completed,32,男
ORD007571,Nike Air Max,服装,服装服装,4549.1,6,27294.6,2024/09/03,西北,银行卡,cancelled,37,女
ORD007572,优衣库羽绒服,服装,服装服装,7203.67,6,43222.02,2025/04/25,西北,微信支付,cancelled,25,男
ORD007573,三体全集,图书,图书图书,9334.02,9,84006.18,2025/03/25,华南,银行卡,completed,60,男
ORD007574,AirPods Pro,电子产品,电子产品,7362.91,9,66266.19,2025/03/19,华南,信用卡,completed,64,男
ORD007575,宜家书架,家居,家居家居,476.64,9,4289.76,2025/02/03,华东,银行卡,completed,29,
ORD007576,三只松鼠坚果礼盒,食品,食品食品,483.06,10,4830.6,2024/02/16,西南,微信支付,pending,27,女
ORD007577,戴森吸尘器,家居,家居家居,6303.58,8,50428.64,2024/05/10,华中,信用卡,pending,31,女
ORD007578,AirPods Pro,电子产品,电子产品,541.89,6,3251.34,2024/08/06,华南,银行卡,refunded,44,女
ORD007579,九阳豆浆机,家居,家居家居,2162.58,7,15138.06,2025/03/17,华东,支付宝,completed,39,男
ORD007580,良品铺子零食包,食品,食品食品,4290.28,10,42902.8,2025/04/27,东北,信用卡,refunded,63,男
ORD007581,蒙牛纯牛奶,食品,食品食品,988.17,8,7905.36,2025/04/10,西北,信用卡,cancelled,51,女
ORD007582,思考快与慢,图书,图书图书,5377.47,8,43019.76,2024/09/26,华中,信用卡,pending,63,女
ORD007583,德芙巧克力,食品,食品食品,6951.38,4,27805.52,2025/02/03,华中,微信支付,completed,34,男
ORD007584,原则,图书,图书图书,2809.21,4,11236.84,2024/05/21,西北,银行卡,completed,51,
ORD007585,Levi's 501,服装,服装服装,800.62,2,1601.24,2024/08/01,华中,信用卡,completed,20,
ORD007586,人类简史,图书,图书图书,2382.23,7,16675.61,2024/02/25,东北,银行卡,completed,48,女
ORD007587,九阳豆浆机,家居,家居家居,1483.76,10,14837.6,2025/01/29,华中,微信支付,completed,51,男
ORD007588,深入理解计算机系统,图书,图书图书,1964.24,2,3928.48,2025/03/11,西北,银行卡,pending,26,男
ORD007589,MacBook Air,电子产品,电子产品,5968.62,3,17905.86,2024/02/18,华南,银行卡,refunded,53,
ORD007590,iPhone 15,电子产品,电子产品,2183.66,6,13101.96,2024/04/29,华东,信用卡,pending,60,男
ORD007591,Dell XPS 15,电子产品,电子产品,5602.0,2,11204.0,2025/01/01,华东,银行卡,completed,18,
ORD007592,北面冲锋衣,服装,服装服装,3341.68,8,26733.44,2024/08/23,华东,微信支付,completed,44,男
ORD007593,Zara 西装外套,服装,服装服装,2887.52,7,20212.64,2024/09/25,西北,支付宝,completed,40,
ORD007594,网易严选床垫,家居,家居家居,908.86,7,6362.02,2024/05/21,华北,支付宝,completed,53,男
ORD007595,H&M 连衣裙,服装,服装服装,2903.86,8,23230.88,2025/01/12,华东,微信支付,completed,42,男
ORD007596,茅台酒,食品,食品食品,6324.57,7,44271.99,2024/12/05,华南,微信支付,pending,19,女
ORD007597,思考快与慢,图书,图书图书,2996.95,10,29969.5,2025/01/01,华北,支付宝,completed,40,
ORD007598,星巴克咖啡豆,食品,食品食品,8445.55,6,50673.3,2024/04/04,西北,信用卡,pending,35,
ORD007599,良品铺子零食包,食品,食品食品,7279.36,2,14558.72,2024/01/08,华南,银行卡,cancelled,48,男
ORD007600,美的电饭煲,家居,家居家居,5507.38,1,5507.38,2024/03/14,西南,信用卡,pending,32,
ORD007601,茅台酒,食品,食品食品,9387.71,4,37550.84,2024/03/15,西北,信用卡,pending,34,男
ORD007602,Kindle Paperwhite,电子产品,电子产品,6428.5,4,25714.0,2025/03/20,华南,信用卡,completed,48,
ORD007603,罗技 MX Master 3,电子产品,电子产品,7620.32,5,38101.6,2024/06/21,华中,信用卡,pending,40,女
ORD007604,MacBook Air,电子产品,电子产品,7369.27,5,36846.35,2024/09/11,华南,信用卡,completed,25,女
ORD007605,优衣库羽绒服,服装,服装服装,1217.02,4,4868.08,2025/01/27,华东,银行卡,completed,65,女
ORD007606,Levi's 501,服装,服装服装,3277.75,5,16388.75,2024/03/19,华北,支付宝,completed,56,男
ORD007607,思考快与慢,图书,图书图书,2117.17,4,8468.68,2024/03/07,西北,银行卡,completed,36,女
ORD007608,蒙牛纯牛奶,食品,食品食品,3121.73,1,3121.73,2025/02/15,华北,银行卡,cancelled,18,男
ORD007609,戴森吸尘器,家居,家居家居,5628.92,6,33773.52,2024/05/09,华东,支付宝,completed,36,男
ORD007610,德芙巧克力,食品,食品食品,8860.68,1,8860.68,2024/05/14,东北,支付宝,pending,36,女
ORD007611,人类简史,图书,图书图书,1176.73,1,1176.73,2024/07/25,华中,银行卡,pending,39,男
ORD007612,Nike Air Max,服装,服装服装,5420.42,5,27102.1,2024/05/14,华北,微信支付,cancelled,31,男
ORD007613,iPad Air,电子产品,电子产品,2338.97,1,2338.97,2024/03/12,东北,微信支付,completed,35,男
ORD007614,iPhone 15,电子产品,电子产品,3623.54,10,36235.4,2024/06/18,西南,微信支付,completed,60,男
ORD007615,Levi's 501,服装,服装服装,2040.53,2,4081.06,2024/06/19,东北,信用卡,cancelled,56,
ORD007616,罗技 MX Master 3,电子产品,电子产品,716.15,4,2864.6,2024/08/19,华东,银行卡,cancelled,26,
ORD007617,罗技 MX Master 3,电子产品,电子产品,5045.22,6,30271.32,2025/03/09,华南,银行卡,completed,64,男
ORD007618,Sony WH-1000XM5,电子产品,电子产品,2095.57,2,4191.14,2025/04/24,华中,信用卡,completed,45,女
ORD007619,H&M 连衣裙,服装,服装服装,2751.02,5,13755.1,2025/01/19,华东,微信支付,refunded,31,女
ORD007620,星巴克咖啡豆,食品,食品食品,6311.51,2,12623.02,2024/04/26,东北,信用卡,completed,34,
ORD007621,戴森吸尘器,家居,家居家居,4013.95,7,28097.65,2024/01/26,华东,银行卡,completed,61,女
ORD007622,原则,图书,图书图书,877.4,7,6141.8,2024/12/18,西北,银行卡,completed,21,女
ORD007623,Adidas Ultraboost,服装,服装服装,3334.17,4,13336.68,2024/07/13,西南,信用卡,completed,37,
ORD007624,深入理解计算机系统,图书,图书图书,3323.78,2,6647.56,2024/08/05,华南,支付宝,completed,49,男
ORD007625,茅台酒,食品,食品食品,8681.82,4,34727.28,2024/04/19,东北,银行卡,completed,36,
ORD007626,New Balance 574,服装,服装服装,503.28,6,3019.68,2024/07/30,西南,信用卡,completed,32,男
ORD007627,Apple Watch,电子产品,电子产品,9440.35,8,75522.8,2024/08/30,华北,信用卡,completed,61,
ORD007628,小熊加湿器,家居,家居家居,6692.19,6,40153.14,2024/02/23,西北,银行卡,completed,47,男
ORD007629,宜家书架,家居,家居家居,8747.27,6,52483.62,2025/02/19,西南,支付宝,completed,34,女
ORD007630,蒙牛纯牛奶,食品,食品食品,6492.36,6,38954.16,2024/03/14,华北,微信支付,completed,43,
ORD007631,Python编程从入门到实践,图书,图书图书,7978.83,1,7978.83,2024/07/09,华中,银行卡,pending,27,男
ORD007632,算法导论,图书,图书图书,6513.64,8,52109.12,2024/08/07,华北,支付宝,completed,62,女
ORD007633,优衣库羽绒服,服装,服装服装,2343.99,7,16407.93,2025/03/20,西南,银行卡,cancelled,51,男
ORD007634,Apple Watch,电子产品,电子产品,5309.59,3,15928.77,2025/06/01,西南,银行卡,pending,44,
ORD007635,星巴克咖啡豆,食品,食品食品,5252.15,6,31512.9,2025/01/15,华南,信用卡,completed,60,女
ORD007636,宜家书架,家居,家居家居,6203.96,4,24815.84,2025/05/31,华东,银行卡,refunded,37,
ORD007637,Samsung Galaxy S24,电子产品,电子产品,1994.79,9,17953.11,2024/01/18,西南,微信支付,cancelled,29,女
ORD007638,Nike Air Max,服装,服装服装,5633.3,10,56333.0,2024/02/22,西南,银行卡,completed,35,男
ORD007639,星巴克咖啡豆,食品,食品食品,4426.39,2,8852.78,2025/04/07,东北,信用卡,completed,43,女
ORD007640,New Balance 574,服装,服装服装,3082.28,3,9246.84,2024/08/01,华南,微信支付,refunded,47,男
ORD007641,Adidas Ultraboost,服装,服装服装,-9175.6,2,-18351.2,2024/06/13,华东,信用卡,completed,18,
ORD007642,Samsung Galaxy S24,电子产品,电子产品,2188.78,1,2188.78,2025/03/09,华南,信用卡,completed,59,女
ORD007643,iPad Air,电子产品,电子产品,3729.82,10,37298.2,2024/03/19,华东,信用卡,refunded,51,
ORD007644,星巴克咖啡豆,食品,食品食品,3176.13,3,9528.39,2024/10/23,华北,银行卡,completed,63,
ORD007645,Sony WH-1000XM5,电子产品,电子产品,6225.85,9,56032.65,2025/01/26,华南,微信支付,completed,21,
ORD007646,人类简史,图书,图书图书,7946.79,1,7946.79,2025/04/12,华北,信用卡,pending,55,男
ORD007647,算法导论,图书,图书图书,1916.8,5,9584.0,2024/05/07,华中,支付宝,completed,56,女
ORD007648,Adidas Ultraboost,服装,服装服装,9461.22,8,75689.76,2025/05/20,华东,微信支付,pending,58,
ORD007649,原则,图书,图书图书,5819.43,4,23277.72,2024/07/29,东北,微信支付,refunded,63,男
ORD007650,AirPods Pro,电子产品,电子产品,9389.47,1,9389.47,2025/02/23,西南,微信支付,refunded,46,女
ORD007651,iPhone 15,电子产品,电子产品,9303.3,10,93033.0,2024/01/25,西南,支付宝,completed,22,
ORD007652,Samsung Galaxy S24,电子产品,电子产品,5294.01,8,42352.08,2025/01/19,东北,微信支付,completed,45,
ORD007653,Levi's 501,服装,服装服装,8200.52,8,65604.16,2025/03/26,东北,支付宝,cancelled,36,
ORD007654,Sony WH-1000XM5,电子产品,电子产品,4412.47,8,35299.76,2024/03/02,东北,微信支付,completed,20,
ORD007655,星巴克咖啡豆,食品,食品食品,8157.95,10,81579.5,2024/05/27,华中,信用卡,refunded,19,男
ORD007656,原则,图书,图书图书,2699.91,2,5399.82,2024/06/24,华中,信用卡,pending,20,女
ORD007657,优衣库羽绒服,服装,服装服装,695.33,5,3476.65,2025/01/17,华北,银行卡,completed,55,男
ORD007658,New Balance 574,服装,服装服装,7338.39,9,66045.51,2024/11/17,西北,支付宝,completed,21,男
ORD007659,优衣库羽绒服,服装,服装服装,7004.37,10,70043.7,2024/03/27,东北,微信支付,completed,55,男
ORD007660,Kindle Paperwhite,电子产品,电子产品,4130.9,2,8261.8,2024/07/04,华中,信用卡,completed,40,女
ORD007661,网易严选床垫,家居,家居家居,1980.74,2,3961.48,2024/05/09,西南,银行卡,completed,36,女
ORD007662,Dell XPS 15,电子产品,电子产品,5094.39,4,20377.56,2024/07/10,华东,银行卡,pending,19,女
ORD007663,Kindle Paperwhite,电子产品,电子产品,6642.65,3,19927.95,2024/05/03,西北,银行卡,refunded,30,男
ORD007664,良品铺子零食包,食品,食品食品,1056.3,8,8450.4,2024/09/10,东北,银行卡,completed,49,女
ORD007665,Dell XPS 15,电子产品,电子产品,4935.53,7,34548.71,2024/01/12,东北,银行卡,completed,39,女
ORD007666,三只松鼠坚果礼盒,食品,食品食品,3314.19,2,6628.38,2024/11/29,西南,银行卡,completed,59,女
ORD007667,H&M 连衣裙,服装,服装服装,4453.87,9,40084.83,2024/07/20,华中,微信支付,completed,43,男
ORD007668,New Balance 574,服装,服装服装,516.23,5,2581.15,2024/04/02,西北,银行卡,refunded,55,男
ORD007669,良品铺子零食包,食品,食品食品,1711.37,8,13690.96,2024/03/27,西南,银行卡,completed,19,女
ORD007670,Levi's 501,服装,服装服装,1019.26,5,5096.3,2025/02/19,东北,银行卡,completed,26,男
ORD007671,iPad Air,电子产品,电子产品,7507.37,10,75073.7,2024/08/03,华北,银行卡,completed,24,男
ORD007672,Sony WH-1000XM5,电子产品,电子产品,4429.94,9,39869.46,2024/05/24,西南,信用卡,completed,27,女
ORD007673,良品铺子零食包,食品,食品食品,7838.46,1,7838.46,2024/12/21,华南,银行卡,cancelled,50,女
ORD007674,Adidas Ultraboost,服装,服装服装,9059.85,4,36239.4,2024/07/24,华北,微信支付,refunded,28,
ORD007675,算法导论,图书,图书图书,6304.28,2,12608.56,2024/08/11,东北,微信支付,pending,45,女
ORD007676,网易严选床垫,家居,家居家居,986.94,6,5921.64,2024/06/27,华南,微信支付,completed,34,
ORD007677,iPad Air,电子产品,电子产品,5177.05,8,41416.4,2024/01/30,西南,支付宝,completed,26,女
ORD007678,小熊加湿器,家居,家居家居,7548.03,7,52836.21,2024/10/29,华北,微信支付,pending,62,
ORD007679,优衣库羽绒服,服装,服装服装,8468.0,10,84680.0,2024/05/30,华北,微信支付,completed,19,男
ORD007680,美的电饭煲,家居,家居家居,5949.74,9,53547.66,2024/03/17,西北,银行卡,pending,41,男
ORD007681,宜家书架,家居,家居家居,9490.96,9,85418.64,2024/07/02,华东,银行卡,completed,50,女
ORD007682,iPad Air,电子产品,电子产品,3695.6,4,14782.4,2024/04/10,西南,银行卡,pending,53,男
ORD007683,美的电饭煲,家居,家居家居,4540.07,7,31780.49,2024/01/24,东北,信用卡,pending,44,女
ORD007684,Nike Air Max,服装,服装服装,1642.79,10,16427.9,2024/11/10,西南,支付宝,completed,30,男
ORD007685,算法导论,图书,图书图书,1340.94,10,13409.4,2024/12/04,华北,支付宝,refunded,22,女
ORD007686,小熊加湿器,家居,家居家居,4620.48,10,46204.8,2025/03/29,西北,信用卡,cancelled,59,男
ORD007687,优衣库羽绒服,服装,服装服装,3621.99,7,25353.93,2025/05/31,华东,微信支付,completed,65,女
ORD007688,H&M 连衣裙,服装,服装服装,3042.19,3,9126.57,2025/02/17,东北,信用卡,pending,60,男
ORD007689,百威啤酒,食品,食品食品,5070.3,6,30421.8,2024/04/20,华南,支付宝,completed,22,女
ORD007690,Apple Watch,电子产品,电子产品,3956.89,4,15827.56,2024/11/20,华东,银行卡,completed,21,
ORD007691,深入理解计算机系统,图书,图书图书,5600.75,9,50406.75,2025/02/09,华南,信用卡,completed,38,
ORD007692,算法导论,图书,图书图书,9587.76,5,47938.8,2024/11/23,华南,微信支付,completed,36,
ORD007693,Adidas Ultraboost,服装,服装服装,5464.14,1,5464.14,2025/03/03,西南,银行卡,completed,56,
ORD007694,人类简史,图书,图书图书,1592.52,1,1592.52,2024/10/04,西南,银行卡,pending,44,
ORD007695,Zara 西装外套,服装,服装服装,2774.65,3,8323.95,2024/02/17,华南,银行卡,cancelled,36,
ORD007696,算法导论,图书,图书图书,8344.88,8,66759.04,2025/01/28,西南,微信支付,completed,53,男
ORD007697,茅台酒,食品,食品食品,9497.47,2,18994.94,2024/10/13,西南,信用卡,completed,29,女
ORD007698,优衣库羽绒服,服装,服装服装,8421.69,5,42108.45,2024/07/18,西南,微信支付,pending,33,男
ORD007699,原则,图书,图书图书,2800.52,10,28005.2,2025/01/23,东北,支付宝,completed,63,男
ORD007700,Python编程从入门到实践,图书,图书图书,820.08,10,8200.8,2025/02/18,西北,支付宝,completed,35,
ORD007701,Dell XPS 15,电子产品,电子产品,8403.2,9,75628.8,2024/12/06,华中,支付宝,cancelled,61,女
ORD007702,小熊加湿器,家居,家居家居,1162.67,4,4650.68,2024/11/06,华南,支付宝,completed,25,女
ORD007703,MacBook Air,电子产品,电子产品,77.66,7,543.62,2024/08/20,东北,银行卡,completed,46,
ORD007704,星巴克咖啡豆,食品,食品食品,1035.64,3,3106.92,2024/07/24,西南,微信支付,completed,29,
ORD007705,网易严选床垫,家居,家居家居,8447.08,1,8447.08,2024/07/05,华中,微信支付,completed,54,男
ORD007706,宜家书架,家居,家居家居,9116.31,1,9116.31,2025/04/27,华东,银行卡,completed,37,男
ORD007707,良品铺子零食包,食品,食品食品,4715.17,3,14145.51,2024/09/30,西南,银行卡,cancelled,53,男
ORD007708,茅台酒,食品,食品食品,4795.31,2,9590.62,2024/11/17,华中,支付宝,completed,61,
ORD007709,戴森吸尘器,家居,家居家居,536.16,9,4825.44,2024/04/07,华南,信用卡,refunded,63,男
ORD007710,Levi's 501,服装,服装服装,5176.41,10,51764.1,2024/11/03,西北,银行卡,cancelled,40,男
ORD007711,百威啤酒,食品,食品食品,5240.29,3,15720.87,2024/01/02,华东,信用卡,pending,64,男
ORD007712,百威啤酒,食品,食品食品,3444.54,9,31000.86,2024/10/04,西南,微信支付,completed,57,男
ORD007713,茅台酒,食品,食品食品,786.45,6,4718.7,2024/08/16,东北,微信支付,completed,50,
ORD007714,戴森吸尘器,家居,家居家居,5494.18,2,10988.36,2024/09/28,华北,微信支付,completed,41,
ORD007715,北面冲锋衣,服装,服装服装,7438.24,8,59505.92,2025/01/30,西南,信用卡,pending,52,女
ORD007716,九阳豆浆机,家居,家居家居,3967.67,8,31741.36,2024/08/05,华东,信用卡,cancelled,21,
ORD007717,农夫山泉,食品,食品食品,6552.02,4,26208.08,2025/02/02,西南,微信支付,completed,51,男
ORD007718,百威啤酒,食品,食品食品,913.01,1,913.01,2025/03/16,华南,银行卡,pending,62,男
ORD007719,Dell XPS 15,电子产品,电子产品,6072.58,4,24290.32,2024/07/15,华北,微信支付,pending,45,
ORD007720,Python编程从入门到实践,图书,图书图书,7888.94,9,71000.46,2024/07/22,西北,银行卡,completed,21,
ORD007721,Python编程从入门到实践,图书,图书图书,5731.13,6,34386.78,2024/02/13,西南,支付宝,completed,34,女
ORD007722,Sony WH-1000XM5,电子产品,电子产品,5839.06,5,29195.3,2024/09/15,东北,微信支付,completed,21,
ORD007723,Kindle Paperwhite,电子产品,电子产品,6251.98,6,37511.88,2024/08/16,华东,银行卡,pending,30,
ORD007724,思考快与慢,图书,图书图书,7610.9,1,7610.9,2025/01/14,华北,信用卡,completed,62,
ORD007725,九阳豆浆机,家居,家居家居,4378.42,4,17513.68,2024/09/07,西南,微信支付,completed,22,女
ORD007726,MacBook Air,电子产品,电子产品,353.39,3,1060.17,2025/05/14,西南,银行卡,completed,53,女
ORD007727,Nike Air Max,服装,服装服装,6916.21,7,48413.47,2024/03/14,东北,信用卡,pending,45,女
ORD007728,人类简史,图书,图书图书,6294.54,2,12589.08,2024/07/29,华南,银行卡,refunded,22,男
ORD007729,Adidas Ultraboost,服装,服装服装,6727.39,2,13454.78,2024/04/01,华东,银行卡,completed,36,
ORD007730,深入理解计算机系统,图书,图书图书,2378.34,6,14270.04,2025/02/16,东北,支付宝,completed,57,男
ORD007731,Kindle Paperwhite,电子产品,电子产品,2860.85,9,25747.65,2024/12/16,西北,微信支付,completed,20,男
ORD007732,思考快与慢,图书,图书图书,2836.51,10,28365.1,2024/02/06,华东,信用卡,completed,64,男
ORD007733,New Balance 574,服装,服装服装,8235.95,6,49415.7,2024/01/18,华南,信用卡,completed,49,女
ORD007734,九阳豆浆机,家居,家居家居,7162.78,4,28651.12,2024/07/04,西北,信用卡,cancelled,53,女
ORD007735,农夫山泉,食品,食品食品,5303.44,8,42427.52,2024/02/03,华东,支付宝,pending,47,
ORD007736,星巴克咖啡豆,食品,食品食品,353.39,4,1413.56,2024/12/07,西北,银行卡,cancelled,25,女
ORD007737,思考快与慢,图书,图书图书,3288.92,1,3288.92,2024/03/03,华中,微信支付,completed,41,男
ORD007738,三只松鼠坚果礼盒,食品,食品食品,9762.92,2,19525.84,2024/06/16,西南,银行卡,completed,50,
ORD007739,思考快与慢,图书,图书图书,8332.08,2,16664.16,2025/05/23,华中,微信支付,completed,51,男
ORD007740,人类简史,图书,图书图书,9455.31,3,28365.93,2024/01/30,华东,信用卡,completed,25,
ORD007741,深入理解计算机系统,图书,图书图书,9810.49,4,39241.96,2024/01/20,东北,信用卡,completed,24,女
ORD007742,Levi's 501,服装,服装服装,5933.51,9,53401.59,2024/03/21,华东,微信支付,completed,31,男
ORD007743,德芙巧克力,食品,食品食品,7404.26,8,59234.08,2024/02/04,西南,微信支付,completed,43,女
ORD007744,美的电饭煲,家居,家居家居,7414.11,1,7414.11,2024/04/22,西北,信用卡,completed,44,男
ORD007745,小熊加湿器,家居,家居家居,4042.12,3,12126.36,2024/09/27,西北,支付宝,completed,54,女
ORD007746,戴森吸尘器,家居,家居家居,7459.01,3,22377.03,2024/10/18,华东,银行卡,pending,61,男
ORD007747,MacBook Air,电子产品,电子产品,9377.54,2,18755.08,2024/11/04,东北,信用卡,completed,19,女
ORD007748,H&M 连衣裙,服装,服装服装,8827.54,4,35310.16,2024/09/02,华北,信用卡,refunded,64,
ORD007749,New Balance 574,服装,服装服装,7301.34,5,36506.7,2025/02/07,华北,支付宝,completed,21,
ORD007750,思考快与慢,图书,图书图书,299.06,4,1196.24,2025/02/13,华中,信用卡,completed,22,女
ORD007751,Zara 西装外套,服装,服装服装,7974.21,4,31896.84,2024/12/29,华中,支付宝,completed,47,女
ORD007752,Nike Air Max,服装,服装服装,2834.91,3,8504.73,2024/07/07,东北,微信支付,pending,24,女
ORD007753,网易严选床垫,家居,家居家居,2221.18,6,13327.08,2024/09/08,东北,微信支付,cancelled,59,男
ORD007754,Apple Watch,电子产品,电子产品,2545.08,6,15270.48,2024/02/08,西北,微信支付,completed,22,
ORD007755,New Balance 574,服装,服装服装,3144.55,3,9433.65,2024/06/16,华中,信用卡,refunded,40,男
ORD007756,美的电饭煲,家居,家居家居,3153.06,2,6306.12,2024/05/08,东北,银行卡,completed,23,
ORD007757,算法导论,图书,图书图书,367.71,3,1103.13,2024/10/23,西南,银行卡,completed,32,
ORD007758,茅台酒,食品,食品食品,1565.48,4,6261.92,2024/12/06,华北,信用卡,completed,56,男
ORD007759,Kindle Paperwhite,电子产品,电子产品,459.0,4,1836.0,2024/08/11,华东,微信支付,completed,42,女
ORD007760,Adidas Ultraboost,服装,服装服装,8884.81,4,35539.24,2025/05/21,华北,微信支付,completed,32,女
ORD007761,思考快与慢,图书,图书图书,1612.16,3,4836.48,2024/01/04,华中,银行卡,cancelled,48,女
ORD007762,Nike Air Max,服装,服装服装,925.45,5,4627.25,2025/05/31,华东,微信支付,completed,20,女
ORD007763,Adidas Ultraboost,服装,服装服装,856.87,6,5141.22,2024/07/12,西南,银行卡,refunded,40,
ORD007764,MacBook Air,电子产品,电子产品,2392.78,5,11963.9,2025/01/03,西北,支付宝,completed,43,
ORD007765,深入理解计算机系统,图书,图书图书,3253.0,10,32530.0,2025/05/29,东北,银行卡,completed,35,女
ORD007766,Samsung Galaxy S24,电子产品,电子产品,8822.08,3,26466.24,2025/03/30,华北,银行卡,cancelled,55,女
ORD007767,良品铺子零食包,食品,食品食品,8256.34,5,41281.7,2024/10/07,西南,微信支付,completed,38,女
ORD007768,Nike Air Max,服装,服装服装,8648.04,6,51888.24,2025/03/13,华北,银行卡,completed,62,
ORD007769,百威啤酒,食品,食品食品,7877.52,9,70897.68,2024/06/12,华北,微信支付,completed,60,女
ORD007770,H&M 连衣裙,服装,服装服装,1509.73,5,7548.65,2024/06/20,西北,支付宝,completed,62,女
ORD007771,戴森吸尘器,家居,家居家居,1757.84,6,10547.04,2024/12/14,华南,支付宝,completed,29,女
ORD007772,Apple Watch,电子产品,电子产品,334.58,6,2007.48,2025/03/21,华北,银行卡,pending,51,男
ORD007773,Kindle Paperwhite,电子产品,电子产品,911.33,8,7290.64,2025/03/09,东北,支付宝,completed,20,男
ORD007774,Adidas Ultraboost,服装,服装服装,593.86,9,5344.74,2024/05/04,华东,银行卡,pending,23,女
ORD007775,网易严选床垫,家居,家居家居,236.18,5,1180.9,2024/04/23,华东,微信支付,completed,40,男
ORD007776,三只松鼠坚果礼盒,食品,食品食品,62.0,9,558.0,2024/06/28,东北,支付宝,pending,21,
ORD007777,Zara 西装外套,服装,服装服装,5994.64,3,17983.92,2024/10/07,西北,支付宝,completed,28,男
ORD007778,德芙巧克力,食品,食品食品,372.32,8,2978.56,2024/03/21,华中,信用卡,completed,56,
ORD007779,Apple Watch,电子产品,电子产品,5856.85,9,52711.65,2025/05/13,华南,信用卡,completed,24,男
ORD007780,Apple Watch,电子产品,电子产品,3990.17,3,11970.51,2024/03/10,华北,银行卡,completed,40,男
ORD007781,深入理解计算机系统,图书,图书图书,743.8,1,743.8,2024/08/02,西南,银行卡,completed,29,男
ORD007782,小米台灯,家居,家居家居,7524.85,1,7524.85,2024/07/18,华中,微信支付,cancelled,45,
ORD007783,Levi's 501,服装,服装服装,8381.14,7,58667.98,2024/02/02,华北,银行卡,pending,33,女
ORD007784,小米台灯,家居,家居家居,5346.5,8,42772.0,2025/05/02,华东,微信支付,completed,38,
ORD007785,Nike Air Max,服装,服装服装,35.04,10,350.4,2024/09/04,东北,微信支付,completed,34,女
ORD007786,良品铺子零食包,食品,食品食品,9375.17,9,84376.53,2024/04/02,华南,银行卡,completed,65,女
ORD007787,蒙牛纯牛奶,食品,食品食品,4980.82,7,34865.74,2024/05/31,华北,支付宝,cancelled,37,女
ORD007788,茅台酒,食品,食品食品,4126.36,6,24758.16,2024/04/30,华北,支付宝,completed,36,女
ORD007789,Nike Air Max,服装,服装服装,2162.89,4,8651.56,2025/05/16,华中,支付宝,completed,24,男
ORD007790,Adidas Ultraboost,服装,服装服装,260.76,5,1303.8,2024/06/14,东北,支付宝,refunded,54,女
ORD007791,人类简史,图书,图书图书,1440.26,8,11522.08,2025/05/28,东北,微信支付,pending,21,男
ORD007792,美的电饭煲,家居,家居家居,8123.92,1,8123.92,2024/03/04,西南,支付宝,cancelled,27,女
ORD007793,星巴克咖啡豆,食品,食品食品,6919.87,4,27679.48,2024/11/20,西北,支付宝,pending,52,
ORD007794,北面冲锋衣,服装,服装服装,2961.39,4,11845.56,2024/07/01,西南,支付宝,cancelled,47,女
ORD007795,德芙巧克力,食品,食品食品,2713.12,8,21704.96,2024/01/04,华中,支付宝,cancelled,52,女
ORD007796,Apple Watch,电子产品,电子产品,1649.96,10,16499.6,2024/04/06,东北,信用卡,completed,28,女
ORD007797,星巴克咖啡豆,食品,食品食品,2038.03,4,8152.12,2024/07/12,华东,微信支付,pending,59,女
ORD007798,原则,图书,图书图书,1389.45,5,6947.25,2025/02/23,华中,银行卡,completed,45,女
ORD007799,蒙牛纯牛奶,食品,食品食品,9297.8,5,46489.0,2024/09/11,华东,银行卡,pending,58,
ORD007800,Levi's 501,服装,服装服装,5627.25,9,50645.25,2024/08/09,西南,微信支付,completed,51,
ORD007801,Adidas Ultraboost,服装,服装服装,5684.79,7,39793.53,2025/01/08,华南,银行卡,completed,42,女
ORD007802,iPad Air,电子产品,电子产品,6975.12,2,13950.24,2025/03/20,西南,微信支付,completed,60,
ORD007803,九阳豆浆机,家居,家居家居,3467.83,4,13871.32,2024/06/05,华中,支付宝,pending,61,女
ORD007804,星巴克咖啡豆,食品,食品食品,2811.76,3,8435.28,2024/11/08,西南,信用卡,completed,39,男
ORD007805,Apple Watch,电子产品,电子产品,7181.2,1,7181.2,2025/04/10,西南,微信支付,completed,43,
ORD007806,小熊加湿器,家居,家居家居,455.03,4,1820.12,2024/08/31,华东,信用卡,completed,39,女
ORD007807,小米台灯,家居,家居家居,6941.56,4,27766.24,2024/03/28,华南,信用卡,completed,53,男
ORD007808,小米台灯,家居,家居家居,389.93,4,1559.72,2024/05/17,东北,微信支付,refunded,64,男
ORD007809,茅台酒,食品,食品食品,9456.26,2,18912.52,2025/04/13,华东,支付宝,pending,44,
ORD007810,小熊加湿器,家居,家居家居,2196.85,3,6590.55,2025/04/11,华中,银行卡,refunded,47,男
ORD007811,戴森吸尘器,家居,家居家居,4414.55,5,22072.75,2025/05/06,华南,支付宝,cancelled,27,
ORD007812,iPad Air,电子产品,电子产品,4641.61,4,18566.44,2024/06/05,华南,信用卡,pending,58,男
ORD007813,宜家书架,家居,家居家居,7366.21,8,58929.68,2024/03/01,西北,信用卡,completed,61,女
ORD007814,美的电饭煲,家居,家居家居,3277.01,4,13108.04,2025/02/25,华中,银行卡,cancelled,65,女
ORD007815,网易严选床垫,家居,家居家居,2418.67,2,4837.34,2024/01/26,西北,支付宝,completed,62,男
ORD007816,戴森吸尘器,家居,家居家居,8832.62,1,8832.62,2025/05/19,东北,银行卡,completed,39,女
ORD007817,优衣库羽绒服,服装,服装服装,2931.36,10,29313.6,2025/05/19,华南,支付宝,completed,52,男
ORD007818,Adidas Ultraboost,服装,服装服装,8812.74,1,8812.74,2025/05/05,华东,微信支付,completed,63,女
ORD007819,小熊加湿器,家居,家居家居,1133.32,1,1133.32,2024/08/03,西南,支付宝,completed,54,男
ORD007820,三只松鼠坚果礼盒,食品,食品食品,5890.69,5,29453.45,2024/01/03,华东,信用卡,refunded,56,
ORD007821,蒙牛纯牛奶,食品,食品食品,2566.58,4,10266.32,2024/05/05,华北,银行卡,refunded,40,女
ORD007822,九阳豆浆机,家居,家居家居,8005.72,2,16011.44,2024/12/26,华北,信用卡,pending,65,女
ORD007823,H&M 连衣裙,服装,服装服装,6215.25,10,62152.5,2024/05/08,华南,信用卡,pending,24,女
ORD007824,戴森吸尘器,家居,家居家居,4894.55,5,24472.75,2025/05/15,华南,微信支付,pending,19,女
ORD007825,原则,图书,图书图书,7677.83,4,30711.32,2025/05/06,华南,银行卡,completed,53,
ORD007826,茅台酒,食品,食品食品,6378.03,9,57402.27,2024/08/06,华中,微信支付,cancelled,33,女
ORD007827,Nike Air Max,服装,服装服装,1751.29,5,8756.45,2025/03/04,华中,支付宝,completed,37,女
ORD007828,小米台灯,家居,家居家居,10.79,4,43.16,2024/03/24,华北,支付宝,completed,52,男
ORD007829,原则,图书,图书图书,9579.94,3,28739.82,2024/05/10,西北,支付宝,refunded,58,男
ORD007830,小熊加湿器,家居,家居家居,547.93,7,3835.51,2024/11/09,华东,微信支付,pending,25,
ORD007831,AirPods Pro,电子产品,电子产品,6015.6,7,42109.2,2024/07/16,东北,支付宝,completed,19,
ORD007832,深入理解计算机系统,图书,图书图书,9389.39,2,18778.78,2024/08/22,华北,信用卡,completed,27,女
ORD007833,茅台酒,食品,食品食品,2723.3,4,10893.2,2024/02/05,西南,微信支付,completed,19,
ORD007834,Dell XPS 15,电子产品,电子产品,3607.96,10,36079.6,2025/04/04,东北,银行卡,completed,20,
ORD007835,小熊加湿器,家居,家居家居,526.05,1,526.05,2025/05/12,华中,支付宝,completed,43,
ORD007836,算法导论,图书,图书图书,4320.92,9,38888.28,2024/09/13,华中,支付宝,pending,63,男
ORD007837,算法导论,图书,图书图书,3770.43,8,30163.44,2024/04/27,华东,信用卡,refunded,41,女
ORD007838,人类简史,图书,图书图书,3293.77,1,3293.77,2024/08/18,华中,支付宝,pending,19,男
ORD007839,Samsung Galaxy S24,电子产品,电子产品,6248.65,5,31243.25,2025/01/24,西北,信用卡,refunded,58,
ORD007840,茅台酒,食品,食品食品,5324.71,2,10649.42,2024/12/02,华南,支付宝,completed,50,
ORD007841,Adidas Ultraboost,服装,服装服装,5992.64,4,23970.56,2024/02/13,西南,支付宝,cancelled,52,女
ORD007842,良品铺子零食包,食品,食品食品,4483.31,9,40349.79,2024/04/29,东北,信用卡,cancelled,49,
ORD007843,北面冲锋衣,服装,服装服装,3820.7,2,7641.4,2024/07/26,东北,银行卡,pending,32,女
ORD007844,三体全集,图书,图书图书,4218.43,10,42184.3,2024/04/14,西北,信用卡,completed,36,男
ORD007845,宜家书架,家居,家居家居,6257.51,4,25030.04,2024/11/24,华中,信用卡,completed,40,女
ORD007846,MacBook Air,电子产品,电子产品,25.49,5,127.45,2024/07/22,东北,微信支付,completed,46,
ORD007847,Sony WH-1000XM5,电子产品,电子产品,240.5,3,721.5,2024/11/11,华南,银行卡,cancelled,58,
ORD007848,优衣库羽绒服,服装,服装服装,2185.51,6,13113.06,2024/12/03,西北,支付宝,refunded,60,女
ORD007849,Samsung Galaxy S24,电子产品,电子产品,9083.7,5,45418.5,2024/01/28,西南,信用卡,completed,23,女
ORD007850,小米台灯,家居,家居家居,7206.14,3,21618.42,2025/05/19,华东,银行卡,completed,47,
ORD007851,三只松鼠坚果礼盒,食品,食品食品,3454.33,6,20725.98,2025/01/17,华中,信用卡,pending,51,
ORD007852,Adidas Ultraboost,服装,服装服装,4173.95,10,41739.5,2024/11/27,华南,信用卡,pending,63,女
ORD007853,Apple Watch,电子产品,电子产品,6930.43,3,20791.29,2024/12/31,华东,微信支付,completed,29,女
ORD007854,H&M 连衣裙,服装,服装服装,1627.96,5,8139.8,2025/03/10,西北,信用卡,completed,39,男
ORD007855,三只松鼠坚果礼盒,食品,食品食品,9344.89,10,93448.9,2024/08/21,西南,微信支付,completed,48,
ORD007856,德芙巧克力,食品,食品食品,4147.38,4,16589.52,2024/07/27,东北,信用卡,pending,28,
ORD007857,原则,图书,图书图书,391.91,2,783.82,2024/09/10,西南,微信支付,completed,61,男
ORD007858,Nike Air Max,服装,服装服装,1589.96,1,1589.96,2024/06/06,西北,微信支付,refunded,24,男
ORD007859,小熊加湿器,家居,家居家居,2417.27,1,2417.27,2025/01/06,华北,微信支付,completed,51,男
ORD007860,Sony WH-1000XM5,电子产品,电子产品,4740.15,4,18960.6,2024/09/06,华中,微信支付,refunded,34,女
ORD007861,算法导论,图书,图书图书,549.1,2,1098.2,2025/03/17,华东,信用卡,pending,53,女
ORD007862,思考快与慢,图书,图书图书,7683.51,9,69151.59,2024/02/25,东北,微信支付,completed,22,男
ORD007863,Adidas Ultraboost,服装,服装服装,137.72,2,275.44,2024/12/16,西南,支付宝,refunded,53,男
ORD007864,Sony WH-1000XM5,电子产品,电子产品,3330.85,8,26646.8,2024/11/11,东北,信用卡,completed,39,
ORD007865,百威啤酒,食品,食品食品,186.92,5,934.6,2025/02/28,华东,微信支付,completed,42,
ORD007866,思考快与慢,图书,图书图书,9209.7,7,64467.9,2024/04/22,华东,微信支付,pending,25,男
ORD007867,网易严选床垫,家居,家居家居,1770.95,3,5312.85,2024/07/31,东北,信用卡,pending,59,
ORD007868,H&M 连衣裙,服装,服装服装,7749.01,10,77490.1,2024/10/03,华东,微信支付,completed,18,
ORD007869,百威啤酒,食品,食品食品,7728.44,9,69555.96,2024/03/01,东北,信用卡,completed,18,
ORD007870,小熊加湿器,家居,家居家居,4788.32,10,47883.2,2024/09/26,西南,信用卡,completed,31,男
ORD007871,Zara 西装外套,服装,服装服装,8016.55,3,24049.65,2025/02/06,华南,银行卡,completed,26,
ORD007872,美的电饭煲,家居,家居家居,7373.48,2,14746.96,2024/10/13,东北,微信支付,pending,45,男
ORD007873,三只松鼠坚果礼盒,食品,食品食品,9411.98,3,28235.94,2024/02/09,华中,信用卡,refunded,18,男
ORD007874,戴森吸尘器,家居,家居家居,139.75,10,1397.5,2024/12/24,华中,信用卡,completed,45,
ORD007875,良品铺子零食包,食品,食品食品,9337.68,9,84039.12,2024/09/21,西北,信用卡,pending,40,女
ORD007876,良品铺子零食包,食品,食品食品,5661.93,9,50957.37,2025/02/06,华南,支付宝,completed,39,
ORD007877,算法导论,图书,图书图书,4314.26,1,4314.26,2024/06/29,西南,信用卡,cancelled,41,男
ORD007878,北面冲锋衣,服装,服装服装,8139.5,5,40697.5,2024/07/12,华北,微信支付,completed,45,男
ORD007879,三体全集,图书,图书图书,4360.24,10,43602.4,2024/09/06,西北,银行卡,completed,22,
ORD007880,iPhone 15,电子产品,电子产品,2250.12,7,15750.84,2025/04/05,东北,微信支付,pending,36,女
ORD007881,iPad Air,电子产品,电子产品,8357.72,1,8357.72,2025/03/26,华中,微信支付,completed,21,男
ORD007882,星巴克咖啡豆,食品,食品食品,4068.2,5,20341.0,2024/09/18,华南,微信支付,completed,64,女
ORD007883,宜家书架,家居,家居家居,2122.72,8,16981.76,2025/05/11,华南,支付宝,refunded,64,男
ORD007884,良品铺子零食包,食品,食品食品,9083.2,2,18166.4,2025/05/26,华南,信用卡,completed,65,
ORD007885,北面冲锋衣,服装,服装服装,9703.82,3,29111.46,2024/03/16,东北,信用卡,completed,48,男
ORD007886,Dell XPS 15,电子产品,电子产品,8747.94,1,8747.94,2024/04/06,华中,银行卡,completed,44,女
ORD007887,深入理解计算机系统,图书,图书图书,2160.68,8,17285.44,2025/01/23,华东,微信支付,completed,49,女
ORD007888,宜家书架,家居,家居家居,1651.02,10,16510.2,2024/09/22,华北,信用卡,completed,19,男
ORD007889,Samsung Galaxy S24,电子产品,电子产品,9619.74,4,38478.96,2024/01/30,华北,支付宝,completed,50,男
ORD007890,小熊加湿器,家居,家居家居,8017.96,7,56125.72,2024/07/17,华中,银行卡,pending,63,女
ORD007891,戴森吸尘器,家居,家居家居,766.4,2,1532.8,2025/03/05,西南,支付宝,completed,39,女
ORD007892,百威啤酒,食品,食品食品,3075.26,2,6150.52,2024/02/09,西北,支付宝,completed,51,
ORD007893,戴森吸尘器,家居,家居家居,5458.58,3,16375.74,2025/04/04,华北,微信支付,completed,25,女
ORD007894,德芙巧克力,食品,食品食品,5872.47,8,46979.76,2024/11/19,华北,微信支付,pending,21,
ORD007895,Python编程从入门到实践,图书,图书图书,4658.26,2,9316.52,2024/10/22,华东,微信支付,refunded,34,男
ORD007896,优衣库羽绒服,服装,服装服装,7597.31,3,22791.93,2025/06/01,西北,银行卡,completed,61,
ORD007897,Python编程从入门到实践,图书,图书图书,8482.88,9,76345.92,2024/08/01,华东,微信支付,completed,31,男
ORD007898,戴森吸尘器,家居,家居家居,8297.27,5,41486.35,2025/02/06,华北,银行卡,pending,39,男
ORD007899,德芙巧克力,食品,食品食品,8066.95,7,56468.65,2024/05/21,西北,信用卡,completed,26,女
ORD007900,三体全集,图书,图书图书,71.71,1,71.71,2024/09/04,东北,信用卡,completed,44,
ORD007901,良品铺子零食包,食品,食品食品,3564.22,4,14256.88,2024/04/14,西南,微信支付,pending,21,
ORD007902,H&M 连衣裙,服装,服装服装,367.97,5,1839.85,2024/11/19,华北,银行卡,cancelled,65,女
ORD007903,戴森吸尘器,家居,家居家居,2650.58,4,10602.32,2024/11/14,西南,支付宝,refunded,50,女
ORD007904,Zara 西装外套,服装,服装服装,2519.57,3,7558.71,2025/03/18,华东,支付宝,refunded,50,男
ORD007905,小熊加湿器,家居,家居家居,2813.15,2,5626.3,2025/05/27,西北,微信支付,pending,64,男
ORD007906,三只松鼠坚果礼盒,食品,食品食品,1405.74,1,1405.74,2025/03/09,华北,支付宝,completed,21,男
ORD007907,Nike Air Max,服装,服装服装,8558.82,4,34235.28,2024/05/21,华北,支付宝,completed,19,男
ORD007908,戴森吸尘器,家居,家居家居,5326.78,5,26633.9,2024/10/03,华北,银行卡,completed,31,女
ORD007909,百威啤酒,食品,食品食品,5923.49,10,59234.9,2024/12/04,西北,银行卡,cancelled,40,男
ORD007910,小米台灯,家居,家居家居,9024.19,9,81217.71,2025/04/09,华中,微信支付,pending,57,女
ORD007911,Dell XPS 15,电子产品,电子产品,8503.92,3,25511.76,2024/10/29,华北,微信支付,completed,20,女
ORD007912,Dell XPS 15,电子产品,电子产品,5113.95,5,25569.75,2024/05/07,西南,支付宝,completed,49,女
ORD007913,原则,图书,图书图书,9354.4,6,56126.4,2024/04/19,西北,银行卡,pending,27,女
ORD007914,九阳豆浆机,家居,家居家居,9520.63,3,28561.89,2024/02/17,华北,信用卡,completed,41,女
ORD007915,MacBook Air,电子产品,电子产品,298.66,6,1791.96,2024/08/07,华中,银行卡,pending,27,
ORD007916,茅台酒,食品,食品食品,4982.67,5,24913.35,2024/11/14,华南,信用卡,completed,29,男
ORD007917,思考快与慢,图书,图书图书,4585.33,6,27511.98,2024/03/03,华东,微信支付,completed,21,
ORD007918,MacBook Air,电子产品,电子产品,6845.72,1,6845.72,2024/04/16,华东,微信支付,completed,26,男
ORD007919,茅台酒,食品,食品食品,5500.35,10,55003.5,2024/01/29,华中,微信支付,cancelled,35,
ORD007920,蒙牛纯牛奶,食品,食品食品,7975.7,9,71781.3,2024/08/06,华东,信用卡,refunded,58,女
ORD007921,Nike Air Max,服装,服装服装,216.57,7,1515.99,2024/11/12,华南,支付宝,completed,46,
ORD007922,Levi's 501,服装,服装服装,6218.09,5,31090.45,2025/02/07,东北,银行卡,cancelled,43,男
ORD007923,蒙牛纯牛奶,食品,食品食品,544.09,7,3808.63,2025/04/20,华北,支付宝,cancelled,57,男
ORD007924,三只松鼠坚果礼盒,食品,食品食品,6512.03,3,19536.09,2024/05/24,华北,信用卡,completed,21,女
ORD007925,Python编程从入门到实践,图书,图书图书,7909.73,8,63277.84,2024/02/22,华北,银行卡,refunded,28,男
ORD007926,Python编程从入门到实践,图书,图书图书,8766.39,1,8766.39,2024/05/26,华南,微信支付,completed,31,女
ORD007927,三只松鼠坚果礼盒,食品,食品食品,8634.98,5,43174.9,2024/12/24,华中,信用卡,completed,60,男
ORD007928,iPad Air,电子产品,电子产品,6658.97,2,13317.94,2024/08/13,华北,信用卡,completed,50,
ORD007929,AirPods Pro,电子产品,电子产品,6432.66,3,19297.98,2025/04/13,东北,支付宝,pending,33,男
ORD007930,人类简史,图书,图书图书,708.66,4,2834.64,2024/04/15,华东,微信支付,completed,20,
ORD007931,Samsung Galaxy S24,电子产品,电子产品,6289.23,5,31446.15,2024/10/18,华南,微信支付,cancelled,46,男
ORD007932,蒙牛纯牛奶,食品,食品食品,8805.59,3,26416.77,2024/12/14,西南,支付宝,pending,21,
ORD007933,Nike Air Max,服装,服装服装,5311.03,7,37177.21,2025/05/18,西北,信用卡,completed,46,女
ORD007934,Python编程从入门到实践,图书,图书图书,9047.89,8,72383.12,2024/02/01,西北,支付宝,completed,56,男
ORD007935,美的电饭煲,家居,家居家居,1846.96,2,3693.92,2025/04/19,华中,银行卡,completed,64,女
ORD007936,美的电饭煲,家居,家居家居,5275.32,5,26376.6,2024/08/22,东北,信用卡,cancelled,30,
ORD007937,Dell XPS 15,电子产品,电子产品,224.16,2,448.32,2024/07/24,华南,银行卡,completed,26,
ORD007938,农夫山泉,食品,食品食品,439.63,7,3077.41,2024/09/01,华东,微信支付,pending,23,
ORD007939,AirPods Pro,电子产品,电子产品,2198.38,4,8793.52,2024/06/09,华北,支付宝,completed,43,男
ORD007940,德芙巧克力,食品,食品食品,888.72,1,888.72,2025/02/22,华北,支付宝,pending,50,男
ORD007941,iPad Air,电子产品,电子产品,9095.86,4,36383.44,2024/12/23,西南,信用卡,completed,62,男
ORD007942,思考快与慢,图书,图书图书,135.0,6,810.0,2025/04/01,华东,微信支付,cancelled,61,男
ORD007943,算法导论,图书,图书图书,6321.14,7,44247.98,2024/02/25,华中,银行卡,refunded,62,女
ORD007944,网易严选床垫,家居,家居家居,5191.53,5,25957.65,2024/01/28,华南,支付宝,completed,55,男
ORD007945,原则,图书,图书图书,2641.09,2,5282.18,2025/03/24,西北,信用卡,completed,25,
ORD007946,美的电饭煲,家居,家居家居,4099.85,1,4099.85,2024/06/02,华中,银行卡,cancelled,31,
ORD007947,Zara 西装外套,服装,服装服装,4029.87,6,24179.22,2024/01/29,华北,支付宝,completed,38,女
ORD007948,美的电饭煲,家居,家居家居,4117.9,8,32943.2,2025/04/22,华南,支付宝,completed,41,男
ORD007949,蒙牛纯牛奶,食品,食品食品,1173.07,2,2346.14,2024/07/19,华南,银行卡,completed,55,
ORD007950,宜家书架,家居,家居家居,7773.4,4,31093.6,2025/03/27,华东,银行卡,pending,43,女
ORD007951,iPhone 15,电子产品,电子产品,1148.13,6,6888.78,2024/10/26,华东,银行卡,completed,54,女
ORD007952,H&M 连衣裙,服装,服装服装,2206.46,8,17651.68,2024/08/14,西南,银行卡,completed,42,男
ORD007953,戴森吸尘器,家居,家居家居,1512.95,2,3025.9,2024/04/10,华中,银行卡,pending,35,男
ORD007954,Kindle Paperwhite,电子产品,电子产品,7524.53,6,45147.18,2025/04/30,华北,信用卡,completed,33,男
ORD007955,三体全集,图书,图书图书,7766.08,3,23298.24,2024/11/18,华中,银行卡,completed,38,男
ORD007956,戴森吸尘器,家居,家居家居,9653.47,1,9653.47,2024/07/07,华北,微信支付,completed,64,男
ORD007957,Zara 西装外套,服装,服装服装,3818.82,7,26731.74,2024/02/03,西南,银行卡,pending,64,男
ORD007958,Python编程从入门到实践,图书,图书图书,3494.91,6,20969.46,2025/01/12,西南,信用卡,pending,38,女
ORD007959,Dell XPS 15,电子产品,电子产品,7111.2,3,21333.6,2024/08/27,华东,支付宝,completed,46,男
ORD007960,New Balance 574,服装,服装服装,7087.5,6,42525.0,2024/07/12,西北,支付宝,pending,30,女
ORD007961,Nike Air Max,服装,服装服装,452.87,2,905.74,2024/12/07,东北,信用卡,completed,41,女
ORD007962,Nike Air Max,服装,服装服装,9655.22,10,96552.2,2025/02/24,东北,信用卡,completed,19,女
ORD007963,罗技 MX Master 3,电子产品,电子产品,5298.8,1,5298.8,2025/03/25,华南,信用卡,cancelled,61,男
ORD007964,良品铺子零食包,食品,食品食品,4923.36,1,4923.36,2024/06/17,西南,银行卡,completed,63,女
ORD007965,New Balance 574,服装,服装服装,2230.68,5,11153.4,2024/02/06,华南,支付宝,refunded,56,男
ORD007966,原则,图书,图书图书,927.45,7,6492.15,2025/04/16,华东,微信支付,refunded,40,
ORD007967,百威啤酒,食品,食品食品,7963.12,5,39815.6,2024/07/06,华中,微信支付,pending,64,女
ORD007968,宜家书架,家居,家居家居,811.2,7,5678.4,2025/03/26,西南,支付宝,completed,19,女
ORD007969,Zara 西装外套,服装,服装服装,9628.64,9,86657.76,2025/03/19,西南,支付宝,pending,52,男
ORD007970,网易严选床垫,家居,家居家居,6184.91,1,6184.91,2024/03/12,华中,信用卡,completed,40,
ORD007971,思考快与慢,图书,图书图书,9535.42,7,66747.94,2025/01/20,华北,支付宝,completed,34,
ORD007972,九阳豆浆机,家居,家居家居,968.43,3,2905.29,2024/07/30,华南,微信支付,pending,36,男
ORD007973,百威啤酒,食品,食品食品,6158.16,2,12316.32,2024/12/22,华南,支付宝,pending,28,男
ORD007974,原则,图书,图书图书,8683.78,6,52102.68,2025/01/21,西北,微信支付,refunded,58,女
ORD007975,德芙巧克力,食品,食品食品,1132.56,5,5662.8,2024/03/23,华南,信用卡,pending,60,男
ORD007976,Zara 西装外套,服装,服装服装,4687.69,6,28126.14,2024/02/17,华南,微信支付,pending,40,女
ORD007977,Nike Air Max,服装,服装服装,5407.34,8,43258.72,2024/12/11,东北,信用卡,completed,49,男
ORD007978,优衣库羽绒服,服装,服装服装,3597.66,10,35976.6,2024/08/27,华南,支付宝,pending,18,
ORD007979,Python编程从入门到实践,图书,图书图书,8922.64,1,8922.64,2024/10/24,华南,微信支付,completed,46,男
ORD007980,Apple Watch,电子产品,电子产品,7378.76,3,22136.28,2025/04/13,华东,信用卡,completed,50,
ORD007981,三体全集,图书,图书图书,3874.17,7,27119.19,2024/09/16,东北,微信支付,completed,45,女
ORD007982,MacBook Air,电子产品,电子产品,6650.31,4,26601.24,2024/12/21,西南,银行卡,pending,47,
ORD007983,iPad Air,电子产品,电子产品,5861.18,9,52750.62,2024/08/11,东北,信用卡,cancelled,41,男
ORD007984,H&M 连衣裙,服装,服装服装,6078.63,8,48629.04,2025/02/02,华南,微信支付,completed,20,男
ORD007985,New Balance 574,服装,服装服装,1089.32,3,3267.96,2024/06/25,华南,支付宝,completed,57,女
ORD007986,H&M 连衣裙,服装,服装服装,1630.57,8,13044.56,2024/02/23,华东,支付宝,cancelled,24,男
ORD007987,网易严选床垫,家居,家居家居,3841.82,10,38418.2,2024/02/12,华东,信用卡,completed,31,
ORD007988,戴森吸尘器,家居,家居家居,2636.5,8,21092.0,2025/05/10,西南,微信支付,pending,41,男
ORD007989,蒙牛纯牛奶,食品,食品食品,8961.85,9,80656.65,2024/06/25,西南,微信支付,completed,52,男
ORD007990,戴森吸尘器,家居,家居家居,4615.76,8,36926.08,2024/11/28,西北,信用卡,completed,43,女
ORD007991,美的电饭煲,家居,家居家居,9603.86,4,38415.44,2025/01/18,东北,支付宝,completed,57,男
ORD007992,宜家书架,家居,家居家居,5748.42,2,11496.84,2024/12/01,西北,信用卡,pending,55,
ORD007993,德芙巧克力,食品,食品食品,6961.15,10,69611.5,2024/12/02,华北,微信支付,completed,20,男
ORD007994,蒙牛纯牛奶,食品,食品食品,2029.27,4,8117.08,2024/02/20,西北,支付宝,completed,47,
ORD007995,茅台酒,食品,食品食品,4064.88,8,32519.04,2025/01/21,西南,支付宝,refunded,65,女
ORD007996,AirPods Pro,电子产品,电子产品,3133.14,10,31331.4,2025/03/18,西南,微信支付,refunded,42,女
ORD007997,iPhone 15,电子产品,电子产品,6150.2,5,30751.0,2024/09/20,华北,银行卡,completed,46,女
ORD007998,蒙牛纯牛奶,食品,食品食品,1339.25,5,6696.25,2024/03/13,华东,支付宝,completed,23,
ORD007999,宜家书架,家居,家居家居,2920.86,1,2920.86,2024/08/20,西南,微信支付,refunded,60,女
ORD008000,Adidas Ultraboost,服装,服装服装,5534.99,10,55349.9,2024/03/29,华东,支付宝,completed,63,男
ORD008001,iPhone 15,电子产品,电子产品,4948.36,5,24741.8,2025/04/08,华南,信用卡,completed,59,
ORD008002,小米台灯,家居,家居家居,5155.39,7,36087.73,2024/10/06,东北,支付宝,completed,51,男
ORD008003,Sony WH-1000XM5,电子产品,电子产品,4661.55,3,13984.65,2024/07/20,华东,信用卡,completed,40,男
ORD008004,宜家书架,家居,家居家居,9251.19,3,27753.57,2024/03/04,华北,银行卡,refunded,55,
ORD008005,百威啤酒,食品,食品食品,4611.53,7,32280.71,2024/09/21,华东,信用卡,pending,27,
ORD008006,优衣库羽绒服,服装,服装服装,2068.59,5,10342.95,2025/04/05,华北,信用卡,pending,65,
ORD008007,蒙牛纯牛奶,食品,食品食品,299.33,7,2095.31,2024/10/30,东北,银行卡,completed,54,男
ORD008008,三体全集,图书,图书图书,9720.46,4,38881.84,2024/06/02,华北,银行卡,completed,45,男
ORD008009,宜家书架,家居,家居家居,2779.59,8,22236.72,2024/02/05,华南,微信支付,cancelled,50,女
ORD008010,德芙巧克力,食品,食品食品,1037.86,1,1037.86,2024/06/21,西南,微信支付,cancelled,23,
ORD008011,良品铺子零食包,食品,食品食品,8644.66,6,51867.96,2024/06/02,华北,微信支付,completed,62,女
ORD008012,九阳豆浆机,家居,家居家居,3355.69,5,16778.45,2024/06/12,华北,微信支付,cancelled,37,男
ORD008013,美的电饭煲,家居,家居家居,3100.02,4,12400.08,2024/10/24,华南,银行卡,completed,39,男
ORD008014,深入理解计算机系统,图书,图书图书,835.12,4,3340.48,2024/12/28,东北,微信支付,refunded,23,
ORD008015,三体全集,图书,图书图书,4029.84,1,4029.84,2024/09/15,西北,信用卡,completed,59,男
ORD008016,人类简史,图书,图书图书,6530.82,10,65308.2,2024/12/18,华东,微信支付,completed,57,女
ORD008017,Levi's 501,服装,服装服装,9167.87,2,18335.74,2024/11/21,东北,支付宝,pending,49,
ORD008018,德芙巧克力,食品,食品食品,6046.55,6,36279.3,2024/10/09,西北,银行卡,refunded,60,男
ORD008019,戴森吸尘器,家居,家居家居,9902.94,1,9902.94,2024/10/27,东北,微信支付,completed,28,女
ORD008020,Zara 西装外套,服装,服装服装,8436.67,10,84366.7,2024/05/30,华东,信用卡,refunded,58,
ORD008021,iPad Air,电子产品,电子产品,9099.61,1,9099.61,2024/02/07,华东,银行卡,completed,63,女
ORD008022,Samsung Galaxy S24,电子产品,电子产品,7321.67,8,58573.36,2024/11/19,西北,微信支付,refunded,57,男
ORD008023,Kindle Paperwhite,电子产品,电子产品,2328.42,6,13970.52,2024/12/25,华北,银行卡,completed,40,男
ORD008024,New Balance 574,服装,服装服装,5185.35,9,46668.15,2024/10/19,华中,信用卡,completed,64,男
ORD008025,Nike Air Max,服装,服装服装,8820.51,6,52923.06,2024/08/06,西北,银行卡,cancelled,59,
ORD008026,小米台灯,家居,家居家居,1938.06,8,15504.48,2024/01/15,华中,支付宝,completed,49,女
ORD008027,人类简史,图书,图书图书,5844.76,7,40913.32,2025/04/30,西北,支付宝,pending,44,
ORD008028,人类简史,图书,图书图书,9217.03,7,64519.21,2025/03/19,华南,银行卡,cancelled,35,男
ORD008029,思考快与慢,图书,图书图书,5212.48,1,5212.48,2025/05/11,华北,银行卡,pending,26,
ORD008030,茅台酒,食品,食品食品,74.49,10,744.9,2024/02/26,西南,微信支付,completed,27,女
ORD008031,思考快与慢,图书,图书图书,8906.87,1,8906.87,2025/01/11,西北,支付宝,refunded,52,
ORD008032,Sony WH-1000XM5,电子产品,电子产品,1349.27,3,4047.81,2024/09/09,西北,信用卡,completed,49,
ORD008033,德芙巧克力,食品,食品食品,5677.2,9,51094.8,2024/03/17,西南,银行卡,completed,30,男
ORD008034,人类简史,图书,图书图书,1591.67,1,1591.67,2025/03/04,东北,支付宝,completed,54,男
ORD008035,罗技 MX Master 3,电子产品,电子产品,9325.12,5,46625.6,2025/01/12,西南,支付宝,completed,55,
ORD008036,Python编程从入门到实践,图书,图书图书,6946.91,5,34734.55,2025/03/03,西北,微信支付,pending,54,
ORD008037,H&M 连衣裙,服装,服装服装,2634.77,8,21078.16,2025/01/29,华中,支付宝,refunded,21,男
ORD008038,Samsung Galaxy S24,电子产品,电子产品,-8971.31,7,-62799.17,2024/08/03,华东,信用卡,cancelled,23,
ORD008039,宜家书架,家居,家居家居,6820.42,4,27281.68,2024/01/17,西南,银行卡,completed,31,男
ORD008040,三体全集,图书,图书图书,5717.2,2,11434.4,2024/07/07,东北,信用卡,refunded,57,
ORD008041,良品铺子零食包,食品,食品食品,7815.18,3,23445.54,2024/06/03,华南,银行卡,completed,22,男
ORD008042,Kindle Paperwhite,电子产品,电子产品,5323.57,1,5323.57,2024/10/30,华中,微信支付,completed,56,女
ORD008043,百威啤酒,食品,食品食品,5750.58,10,57505.8,2024/02/22,华北,信用卡,completed,37,
ORD008044,Sony WH-1000XM5,电子产品,电子产品,9404.95,7,65834.65,2024/06/17,西北,支付宝,completed,48,女
ORD008045,人类简史,图书,图书图书,5711.49,10,57114.9,2024/11/17,东北,信用卡,completed,60,
ORD008046,iPhone 15,电子产品,电子产品,2244.48,10,22444.8,2024/08/14,东北,信用卡,completed,62,
ORD008047,Zara 西装外套,服装,服装服装,1235.6,1,1235.6,2025/01/24,华南,信用卡,completed,32,
ORD008048,蒙牛纯牛奶,食品,食品食品,5548.99,3,16646.97,2024/07/17,西南,微信支付,completed,58,男
ORD008049,AirPods Pro,电子产品,电子产品,2823.09,3,8469.27,2024/01/25,东北,支付宝,cancelled,44,
ORD008050,戴森吸尘器,家居,家居家居,291.77,8,2334.16,2024/01/20,西北,银行卡,cancelled,55,男
ORD008051,人类简史,图书,图书图书,6555.43,6,39332.58,2024/11/10,华南,信用卡,completed,55,女
ORD008052,算法导论,图书,图书图书,9201.51,10,92015.1,2025/02/28,华南,信用卡,completed,42,女
ORD008053,深入理解计算机系统,图书,图书图书,1559.76,5,7798.8,2024/05/14,华东,信用卡,completed,39,
ORD008054,Apple Watch,电子产品,电子产品,5669.86,6,34019.16,2024/01/03,西北,微信支付,completed,37,女
ORD008055,美的电饭煲,家居,家居家居,1120.91,6,6725.46,2025/02/08,华北,信用卡,completed,43,
ORD008056,Levi's 501,服装,服装服装,3758.63,6,22551.78,2025/04/04,华北,微信支付,completed,55,男
ORD008057,深入理解计算机系统,图书,图书图书,3441.91,9,30977.19,2024/05/21,东北,信用卡,completed,64,男
ORD008058,优衣库羽绒服,服装,服装服装,5301.44,4,21205.76,2025/04/24,西南,微信支付,pending,29,男
ORD008059,三体全集,图书,图书图书,7926.82,6,47560.92,2024/09/07,东北,支付宝,completed,61,男
ORD008060,算法导论,图书,图书图书,2839.61,2,5679.22,2024/07/26,西北,微信支付,pending,49,女
ORD008061,北面冲锋衣,服装,服装服装,1706.61,8,13652.88,2025/03/14,华中,银行卡,completed,36,女
ORD008062,深入理解计算机系统,图书,图书图书,1220.59,10,12205.9,2024/12/24,华东,信用卡,pending,33,男
ORD008063,Kindle Paperwhite,电子产品,电子产品,5390.93,10,53909.3,2024/05/21,东北,信用卡,completed,18,女
ORD008064,星巴克咖啡豆,食品,食品食品,2463.0,8,19704.0,2025/03/24,华中,银行卡,cancelled,55,女
ORD008065,百威啤酒,食品,食品食品,6298.5,9,56686.5,2024/04/07,东北,银行卡,completed,27,男
ORD008066,罗技 MX Master 3,电子产品,电子产品,8122.94,9,73106.46,2024/11/13,西北,支付宝,pending,23,女
ORD008067,iPad Air,电子产品,电子产品,5477.7,9,49299.3,2025/02/12,华中,微信支付,completed,33,
ORD008068,德芙巧克力,食品,食品食品,3112.08,9,28008.72,2025/04/12,东北,信用卡,completed,59,
ORD008069,小米台灯,家居,家居家居,915.72,10,9157.2,2024/10/18,西北,银行卡,refunded,30,
ORD008070,罗技 MX Master 3,电子产品,电子产品,6154.01,3,18462.03,2024/08/31,东北,银行卡,completed,57,男
ORD008071,九阳豆浆机,家居,家居家居,5999.8,9,53998.2,2024/06/22,西南,支付宝,completed,55,
ORD008072,iPhone 15,电子产品,电子产品,965.6,9,8690.4,2025/04/04,华中,银行卡,pending,31,男
ORD008073,iPad Air,电子产品,电子产品,9308.52,10,93085.2,2025/03/25,西北,支付宝,refunded,40,女
ORD008074,网易严选床垫,家居,家居家居,4790.96,9,43118.64,2024/05/01,东北,支付宝,completed,21,
ORD008075,茅台酒,食品,食品食品,5606.43,9,50457.87,2025/04/14,华中,银行卡,completed,29,
ORD008076,Kindle Paperwhite,电子产品,电子产品,8314.09,7,58198.63,2024/02/23,西北,银行卡,completed,36,
ORD008077,九阳豆浆机,家居,家居家居,1460.43,9,13143.87,2025/03/15,西南,银行卡,refunded,25,
ORD008078,茅台酒,食品,食品食品,6122.96,3,18368.88,2024/10/15,华南,支付宝,refunded,48,女
ORD008079,算法导论,图书,图书图书,2914.71,2,5829.42,2024/11/11,华北,银行卡,completed,35,女
ORD008080,九阳豆浆机,家居,家居家居,3750.22,5,18751.1,2024/06/22,西北,信用卡,completed,36,男
ORD008081,Dell XPS 15,电子产品,电子产品,523.31,9,4709.79,2025/01/24,西北,信用卡,completed,62,男
ORD008082,H&M 连衣裙,服装,服装服装,6427.89,6,38567.34,2025/05/09,华南,支付宝,pending,39,男
ORD008083,三体全集,图书,图书图书,9936.14,1,9936.14,2024/05/04,东北,信用卡,refunded,39,男
ORD008084,北面冲锋衣,服装,服装服装,428.67,2,857.34,2024/03/27,西北,支付宝,completed,36,女
ORD008085,原则,图书,图书图书,4976.17,7,34833.19,2025/01/08,西北,信用卡,completed,32,女
ORD008086,Python编程从入门到实践,图书,图书图书,8867.19,1,8867.19,2024/10/28,东北,银行卡,pending,56,
ORD008087,Dell XPS 15,电子产品,电子产品,7249.03,1,7249.03,2024/06/23,华中,支付宝,cancelled,44,男
ORD008088,H&M 连衣裙,服装,服装服装,4070.27,5,20351.35,2025/05/01,华南,支付宝,completed,61,男
ORD008089,优衣库羽绒服,服装,服装服装,7504.89,4,30019.56,2024/07/26,华北,微信支付,completed,22,男
ORD008090,H&M 连衣裙,服装,服装服装,6369.49,4,25477.96,2024/05/10,东北,支付宝,pending,32,男
ORD008091,美的电饭煲,家居,家居家居,8557.29,8,68458.32,2025/05/13,华东,支付宝,completed,38,
ORD008092,良品铺子零食包,食品,食品食品,9849.59,10,98495.9,2025/04/16,华中,银行卡,completed,44,
ORD008093,三体全集,图书,图书图书,8024.75,5,40123.75,2025/01/09,华北,信用卡,completed,40,女
ORD008094,原则,图书,图书图书,5209.36,10,52093.6,2024/05/06,东北,支付宝,completed,37,男
ORD008095,宜家书架,家居,家居家居,8488.01,6,50928.06,2024/03/16,华中,银行卡,completed,58,
ORD008096,Dell XPS 15,电子产品,电子产品,6640.95,2,13281.9,2024/04/30,华北,银行卡,refunded,41,
ORD008097,德芙巧克力,食品,食品食品,6992.55,7,48947.85,2024/12/27,东北,银行卡,completed,35,女
ORD008098,网易严选床垫,家居,家居家居,1129.29,4,4517.16,2024/10/07,东北,银行卡,pending,38,男
ORD008099,Sony WH-1000XM5,电子产品,电子产品,9034.46,1,9034.46,2024/11/22,西南,支付宝,completed,51,女
ORD008100,百威啤酒,食品,食品食品,3932.2,3,11796.6,2024/10/29,华东,微信支付,completed,23,男
ORD008101,良品铺子零食包,食品,食品食品,2192.97,6,13157.82,2024/11/14,东北,信用卡,refunded,50,
ORD008102,H&M 连衣裙,服装,服装服装,1873.46,4,7493.84,2024/11/27,西北,微信支付,pending,57,
ORD008103,Levi's 501,服装,服装服装,1528.26,9,13754.34,2024/09/07,华南,支付宝,completed,51,男
ORD008104,Zara 西装外套,服装,服装服装,9388.35,3,28165.05,2024/01/27,华南,信用卡,refunded,47,
ORD008105,三体全集,图书,图书图书,9057.35,1,9057.35,2024/11/23,华中,银行卡,completed,24,
ORD008106,Zara 西装外套,服装,服装服装,4271.75,6,25630.5,2024/07/01,西北,银行卡,completed,32,
ORD008107,深入理解计算机系统,图书,图书图书,5826.01,6,34956.06,2025/04/20,华东,信用卡,completed,64,女
ORD008108,小熊加湿器,家居,家居家居,2008.86,4,8035.44,2024/05/22,东北,支付宝,completed,37,男
ORD008109,百威啤酒,食品,食品食品,71.55,2,143.1,2025/05/14,西南,微信支付,cancelled,59,女
ORD008110,Zara 西装外套,服装,服装服装,2347.37,5,11736.85,2025/03/18,华北,银行卡,completed,42,
ORD008111,Samsung Galaxy S24,电子产品,电子产品,2314.82,9,20833.38,2024/07/15,华北,信用卡,refunded,19,男
ORD008112,Adidas Ultraboost,服装,服装服装,7415.45,1,7415.45,2025/01/27,华北,支付宝,completed,28,男
ORD008113,深入理解计算机系统,图书,图书图书,3365.56,4,13462.24,2024/08/12,华北,信用卡,pending,19,
ORD008114,美的电饭煲,家居,家居家居,9948.97,4,39795.88,2024/05/04,华东,微信支付,refunded,38,男
ORD008115,人类简史,图书,图书图书,8999.1,8,71992.8,2024/11/29,西北,银行卡,pending,29,
ORD008116,思考快与慢,图书,图书图书,8736.39,4,34945.56,2024/12/05,东北,信用卡,pending,46,
ORD008117,美的电饭煲,家居,家居家居,8593.4,7,60153.8,2024/09/27,华中,支付宝,pending,56,
ORD008118,九阳豆浆机,家居,家居家居,1767.63,10,17676.3,2025/05/11,东北,支付宝,pending,64,女
ORD008119,罗技 MX Master 3,电子产品,电子产品,7818.19,1,7818.19,2025/04/09,华东,微信支付,refunded,24,男
ORD008120,百威啤酒,食品,食品食品,4777.87,2,9555.74,2025/04/26,华中,银行卡,cancelled,50,女
ORD008121,北面冲锋衣,服装,服装服装,8773.05,1,8773.05,2024/10/24,华东,银行卡,pending,39,男
ORD008122,良品铺子零食包,食品,食品食品,465.64,9,4190.76,2025/04/11,西北,支付宝,completed,27,男
ORD008123,Zara 西装外套,服装,服装服装,2729.26,7,19104.82,2024/05/08,华中,信用卡,completed,40,男
ORD008124,德芙巧克力,食品,食品食品,3056.31,7,21394.17,2024/07/30,西南,银行卡,completed,41,
ORD008125,三只松鼠坚果礼盒,食品,食品食品,9517.09,7,66619.63,2025/03/10,西南,支付宝,completed,36,男
ORD008126,小熊加湿器,家居,家居家居,1003.48,1,1003.48,2024/03/03,西南,银行卡,completed,26,
ORD008127,蒙牛纯牛奶,食品,食品食品,6658.63,6,39951.78,2024/01/27,西北,银行卡,cancelled,32,男
ORD008128,茅台酒,食品,食品食品,6924.69,6,41548.14,2025/03/08,华北,信用卡,cancelled,22,
ORD008129,宜家书架,家居,家居家居,1058.29,1,1058.29,2025/04/21,华东,银行卡,cancelled,61,女
ORD008130,H&M 连衣裙,服装,服装服装,2453.08,9,22077.72,2025/01/24,东北,信用卡,completed,49,女
ORD008131,戴森吸尘器,家居,家居家居,2251.39,5,11256.95,2024/05/31,西北,微信支付,pending,30,男
ORD008132,Python编程从入门到实践,图书,图书图书,867.23,5,4336.15,2024/01/02,华北,信用卡,completed,49,女
ORD008133,宜家书架,家居,家居家居,5902.83,3,17708.49,2025/05/26,东北,支付宝,refunded,35,女
ORD008134,Nike Air Max,服装,服装服装,7800.6,9,70205.4,2024/08/02,华北,信用卡,completed,50,
ORD008135,优衣库羽绒服,服装,服装服装,345.75,1,345.75,2024/11/22,华中,银行卡,completed,19,
ORD008136,北面冲锋衣,服装,服装服装,3755.67,2,7511.34,2024/03/26,华东,银行卡,completed,63,女
ORD008137,宜家书架,家居,家居家居,1385.64,10,13856.4,2025/01/16,西南,银行卡,cancelled,21,男
ORD008138,iPhone 15,电子产品,电子产品,1926.22,7,13483.54,2025/02/24,华东,信用卡,completed,51,男
ORD008139,AirPods Pro,电子产品,电子产品,4089.88,10,40898.8,2024/05/09,华中,信用卡,pending,37,男
ORD008140,原则,图书,图书图书,8664.88,7,60654.16,2024/04/15,西南,支付宝,completed,43,女
ORD008141,Dell XPS 15,电子产品,电子产品,9539.84,7,66778.88,2024/12/27,西南,银行卡,completed,59,男
ORD008142,三体全集,图书,图书图书,6064.46,6,36386.76,2024/01/21,西北,信用卡,pending,65,女
ORD008143,Levi's 501,服装,服装服装,5856.45,4,23425.8,2024/05/29,华东,信用卡,pending,32,
ORD008144,人类简史,图书,图书图书,2316.1,1,2316.1,2025/01/11,东北,支付宝,completed,45,
ORD008145,优衣库羽绒服,服装,服装服装,1971.46,3,5914.38,2024/11/21,华东,银行卡,completed,61,男
ORD008146,Dell XPS 15,电子产品,电子产品,4902.43,3,14707.29,2024/05/18,西北,支付宝,pending,65,男
ORD008147,茅台酒,食品,食品食品,5981.87,2,11963.74,2024/06/12,东北,微信支付,pending,31,女
ORD008148,深入理解计算机系统,图书,图书图书,6702.07,3,20106.21,2024/11/08,华南,支付宝,completed,64,男
ORD008149,Python编程从入门到实践,图书,图书图书,9432.52,1,9432.52,2025/03/01,华南,支付宝,completed,33,
ORD008150,小熊加湿器,家居,家居家居,7935.66,4,31742.64,2024/01/17,西北,信用卡,completed,52,男
ORD008151,Zara 西装外套,服装,服装服装,1314.51,3,3943.53,2024/07/29,华东,微信支付,completed,63,男
ORD008152,思考快与慢,图书,图书图书,1131.32,5,5656.6,2024/07/11,华南,信用卡,completed,62,
ORD008153,美的电饭煲,家居,家居家居,4616.43,5,23082.15,2024/10/30,华北,银行卡,pending,61,
ORD008154,iPhone 15,电子产品,电子产品,2281.74,10,22817.4,2024/11/18,东北,银行卡,completed,48,
ORD008155,小米台灯,家居,家居家居,6724.04,7,47068.28,2025/04/15,东北,信用卡,completed,30,女
ORD008156,罗技 MX Master 3,电子产品,电子产品,6268.86,3,18806.58,2024/02/24,华北,支付宝,pending,20,女
ORD008157,美的电饭煲,家居,家居家居,2237.51,6,13425.06,2024/11/21,华东,微信支付,refunded,63,
ORD008158,蒙牛纯牛奶,食品,食品食品,511.04,8,4088.32,2024/03/27,华南,支付宝,completed,43,女
ORD008159,Samsung Galaxy S24,电子产品,电子产品,7953.93,2,15907.86,2024/05/14,华中,支付宝,pending,64,
ORD008160,Apple Watch,电子产品,电子产品,3505.92,3,10517.76,2024/03/27,华东,信用卡,completed,49,女
ORD008161,网易严选床垫,家居,家居家居,7820.41,5,39102.05,2024/07/23,华北,微信支付,completed,34,女
ORD008162,iPhone 15,电子产品,电子产品,6020.78,8,48166.24,2024/05/28,西南,支付宝,completed,65,女
ORD008163,三只松鼠坚果礼盒,食品,食品食品,2592.8,6,15556.8,2025/05/26,华东,信用卡,completed,64,
ORD008164,德芙巧克力,食品,食品食品,9429.01,4,37716.04,2024/05/12,西北,微信支付,completed,60,男
ORD008165,Zara 西装外套,服装,服装服装,8373.78,4,33495.12,2024/12/01,西北,银行卡,completed,48,男
ORD008166,Kindle Paperwhite,电子产品,电子产品,6656.98,1,6656.98,2024/11/21,华东,微信支付,pending,21,
ORD008167,美的电饭煲,家居,家居家居,5251.45,2,10502.9,2024/09/06,华北,微信支付,completed,33,
ORD008168,Dell XPS 15,电子产品,电子产品,8151.93,4,32607.72,2025/04/20,西北,银行卡,pending,50,女
ORD008169,星巴克咖啡豆,食品,食品食品,2636.85,4,10547.4,2024/12/21,华东,微信支付,completed,51,
ORD008170,Zara 西装外套,服装,服装服装,3470.15,5,17350.75,2024/08/29,华南,银行卡,completed,57,男
ORD008171,Levi's 501,服装,服装服装,3705.15,4,14820.6,2024/06/06,西南,支付宝,cancelled,32,男
ORD008172,网易严选床垫,家居,家居家居,7220.96,6,43325.76,2025/02/04,华东,支付宝,completed,58,男
ORD008173,深入理解计算机系统,图书,图书图书,8734.51,6,52407.06,2025/05/10,西南,微信支付,completed,30,男
ORD008174,人类简史,图书,图书图书,9231.83,7,64622.81,2024/05/19,西南,微信支付,completed,26,女
ORD008175,Levi's 501,服装,服装服装,9601.37,3,28804.11,2024/06/02,华中,支付宝,completed,35,男
ORD008176,农夫山泉,食品,食品食品,6601.37,3,19804.11,2024/08/24,华中,支付宝,pending,35,
ORD008177,深入理解计算机系统,图书,图书图书,9840.97,2,19681.94,2024/09/29,华中,支付宝,pending,38,女
ORD008178,Nike Air Max,服装,服装服装,5336.61,2,10673.22,2024/09/09,东北,支付宝,cancelled,62,男
ORD008179,思考快与慢,图书,图书图书,6060.04,4,24240.16,2024/02/16,西南,支付宝,refunded,25,女
ORD008180,星巴克咖啡豆,食品,食品食品,2552.51,1,2552.51,2025/04/09,华中,支付宝,pending,28,女
ORD008181,戴森吸尘器,家居,家居家居,9289.84,1,9289.84,2025/05/02,西南,信用卡,pending,31,男
ORD008182,星巴克咖啡豆,食品,食品食品,6092.32,5,30461.6,2025/01/07,华中,支付宝,refunded,53,女
ORD008183,原则,图书,图书图书,5647.29,9,50825.61,2024/01/05,华东,银行卡,completed,20,男
ORD008184,算法导论,图书,图书图书,3504.7,3,10514.1,2024/09/29,东北,银行卡,completed,28,男
ORD008185,优衣库羽绒服,服装,服装服装,7664.65,9,68981.85,2024/10/21,东北,微信支付,completed,20,男
ORD008186,Zara 西装外套,服装,服装服装,3075.6,4,12302.4,2025/01/02,华南,信用卡,completed,34,
ORD008187,原则,图书,图书图书,9217.08,1,9217.08,2024/04/12,西北,支付宝,cancelled,59,女
ORD008188,网易严选床垫,家居,家居家居,5015.48,5,25077.4,2024/05/19,西北,支付宝,completed,37,女
ORD008189,良品铺子零食包,食品,食品食品,5647.53,7,39532.71,2024/11/18,西北,支付宝,completed,19,
ORD008190,茅台酒,食品,食品食品,6152.71,5,30763.55,2024/08/02,华北,信用卡,completed,45,男
ORD008191,小熊加湿器,家居,家居家居,7761.52,4,31046.08,2024/09/22,华中,支付宝,cancelled,59,女
ORD008192,Nike Air Max,服装,服装服装,9502.5,5,47512.5,2024/11/09,西北,信用卡,completed,40,女
ORD008193,Python编程从入门到实践,图书,图书图书,1012.52,5,5062.6,2025/04/29,西北,支付宝,completed,33,男
ORD008194,Python编程从入门到实践,图书,图书图书,7100.07,2,14200.14,2025/06/01,西北,银行卡,completed,20,
ORD008195,Sony WH-1000XM5,电子产品,电子产品,6885.98,2,13771.96,2024/12/20,华北,银行卡,pending,36,女
ORD008196,小米台灯,家居,家居家居,7218.04,3,21654.12,2024/04/24,华东,微信支付,cancelled,37,男
ORD008197,Python编程从入门到实践,图书,图书图书,3145.9,6,18875.4,2024/04/24,西北,支付宝,pending,44,
ORD008198,茅台酒,食品,食品食品,2190.77,5,10953.85,2025/03/27,华南,银行卡,pending,51,男
ORD008199,Sony WH-1000XM5,电子产品,电子产品,527.13,2,1054.26,2024/04/26,华南,银行卡,pending,21,男
ORD008200,New Balance 574,服装,服装服装,2617.2,3,7851.6,2024/12/23,华东,信用卡,completed,34,女
ORD008201,北面冲锋衣,服装,服装服装,1846.56,3,5539.68,2024/01/11,西北,支付宝,refunded,59,女
ORD008202,小熊加湿器,家居,家居家居,9777.99,2,19555.98,2024/01/05,华南,支付宝,completed,27,女
ORD008203,茅台酒,食品,食品食品,5120.12,8,40960.96,2024/02/28,东北,微信支付,completed,32,女
ORD008204,人类简史,图书,图书图书,1254.29,2,2508.58,2024/11/06,华东,微信支付,completed,23,
ORD008205,Adidas Ultraboost,服装,服装服装,8559.09,7,59913.63,2025/04/17,西北,微信支付,pending,59,男
ORD008206,三只松鼠坚果礼盒,食品,食品食品,4450.27,3,13350.81,2024/02/07,华中,信用卡,pending,45,男
ORD008207,Nike Air Max,服装,服装服装,4493.75,4,17975.0,2025/05/12,华东,微信支付,pending,40,男
ORD008208,Levi's 501,服装,服装服装,6107.1,3,18321.3,2024/05/27,华中,微信支付,pending,38,女
ORD008209,网易严选床垫,家居,家居家居,9228.07,9,83052.63,2024/04/17,西北,微信支付,cancelled,43,男
ORD008210,H&M 连衣裙,服装,服装服装,9342.66,9,84083.94,2025/03/02,华中,银行卡,completed,44,男
ORD008211,蒙牛纯牛奶,食品,食品食品,2407.82,1,2407.82,2025/05/21,华中,支付宝,cancelled,31,男
ORD008212,百威啤酒,食品,食品食品,2338.14,10,23381.4,2024/09/17,西南,信用卡,completed,40,女
ORD008213,New Balance 574,服装,服装服装,1238.33,1,1238.33,2024/06/17,华北,微信支付,completed,55,女
ORD008214,iPhone 15,电子产品,电子产品,7332.92,3,21998.76,2024/07/10,西北,银行卡,completed,58,
ORD008215,小熊加湿器,家居,家居家居,6883.76,1,6883.76,2024/06/24,华东,银行卡,completed,24,男
ORD008216,Adidas Ultraboost,服装,服装服装,9462.53,10,94625.3,2024/09/30,西北,信用卡,completed,30,女
ORD008217,美的电饭煲,家居,家居家居,1281.84,5,6409.2,2024/03/10,华东,支付宝,pending,29,男
ORD008218,良品铺子零食包,食品,食品食品,7615.15,5,38075.75,2024/06/19,东北,信用卡,completed,38,男
ORD008219,美的电饭煲,家居,家居家居,4198.09,6,25188.54,2024/03/16,西北,信用卡,completed,55,
ORD008220,小熊加湿器,家居,家居家居,6669.16,6,40014.96,2025/04/17,西北,微信支付,completed,43,男
ORD008221,Adidas Ultraboost,服装,服装服装,8608.5,5,43042.5,2024/08/03,华东,支付宝,completed,48,
ORD008222,网易严选床垫,家居,家居家居,2550.86,8,20406.88,2024/07/14,东北,信用卡,completed,41,女
ORD008223,德芙巧克力,食品,食品食品,7856.94,4,31427.76,2024/03/27,东北,微信支付,cancelled,49,男
ORD008224,Zara 西装外套,服装,服装服装,1751.2,9,15760.8,2024/10/31,华南,信用卡,completed,24,
ORD008225,Adidas Ultraboost,服装,服装服装,8345.8,3,25037.4,2024/02/03,华北,银行卡,completed,28,
ORD008226,原则,图书,图书图书,4362.14,6,26172.84,2024/09/07,华中,信用卡,cancelled,53,
ORD008227,戴森吸尘器,家居,家居家居,5498.32,4,21993.28,2024/07/23,西北,微信支付,completed,33,女
ORD008228,优衣库羽绒服,服装,服装服装,9691.48,2,19382.96,2024/10/01,西南,银行卡,refunded,21,
ORD008229,网易严选床垫,家居,家居家居,933.66,1,933.66,2024/07/11,西北,信用卡,completed,35,女
ORD008230,农夫山泉,食品,食品食品,5064.45,5,25322.25,2024/06/07,华东,支付宝,completed,25,女
ORD008231,AirPods Pro,电子产品,电子产品,3749.65,3,11248.95,2024/04/04,华南,信用卡,completed,18,男
ORD008232,优衣库羽绒服,服装,服装服装,691.02,7,4837.14,2024/10/16,西北,信用卡,pending,50,女
ORD008233,美的电饭煲,家居,家居家居,1405.13,9,12646.17,2024/02/19,华中,微信支付,pending,52,女
ORD008234,茅台酒,食品,食品食品,2104.84,1,2104.84,2024/02/21,华北,信用卡,refunded,56,
ORD008235,九阳豆浆机,家居,家居家居,9573.89,10,95738.9,2024/10/01,西北,微信支付,completed,53,女
ORD008236,Nike Air Max,服装,服装服装,7304.27,8,58434.16,2024/04/28,华东,银行卡,pending,32,
ORD008237,深入理解计算机系统,图书,图书图书,56.28,2,112.56,2024/08/03,华中,银行卡,completed,50,女
ORD008238,原则,图书,图书图书,8190.54,2,16381.08,2024/05/26,西南,银行卡,cancelled,19,
ORD008239,Python编程从入门到实践,图书,图书图书,5254.67,10,52546.7,2024/07/17,华中,支付宝,completed,25,男
ORD008240,MacBook Air,电子产品,电子产品,9563.56,3,28690.68,2025/01/12,东北,银行卡,completed,37,
ORD008241,Levi's 501,服装,服装服装,3298.81,1,3298.81,2025/01/31,西北,微信支付,completed,22,女
ORD008242,茅台酒,食品,食品食品,4557.68,1,4557.68,2025/02/06,华北,微信支付,completed,62,女
ORD008243,Samsung Galaxy S24,电子产品,电子产品,1334.95,10,13349.5,2024/06/28,华东,信用卡,cancelled,53,
ORD008244,iPhone 15,电子产品,电子产品,8558.38,4,34233.52,2024/06/07,华东,微信支付,completed,35,
ORD008245,H&M 连衣裙,服装,服装服装,7456.36,7,52194.52,2024/12/05,西北,银行卡,completed,61,男
ORD008246,北面冲锋衣,服装,服装服装,9926.06,7,69482.42,2024/10/02,华南,支付宝,completed,62,男
ORD008247,美的电饭煲,家居,家居家居,2233.74,8,17869.92,2024/11/01,西南,信用卡,completed,61,女
ORD008248,茅台酒,食品,食品食品,3979.68,4,15918.72,2024/05/15,东北,微信支付,completed,50,男
ORD008249,九阳豆浆机,家居,家居家居,8809.24,1,8809.24,2024/04/04,华东,支付宝,completed,25,
ORD008250,人类简史,图书,图书图书,9141.12,2,18282.24,2025/04/07,东北,信用卡,completed,52,男
ORD008251,茅台酒,食品,食品食品,2886.68,10,28866.8,2024/10/08,东北,银行卡,completed,26,
ORD008252,Python编程从入门到实践,图书,图书图书,2192.02,10,21920.2,2024/02/24,东北,微信支付,completed,20,
ORD008253,良品铺子零食包,食品,食品食品,8071.24,5,40356.2,2024/03/07,华中,支付宝,completed,36,女
ORD008254,德芙巧克力,食品,食品食品,7411.9,6,44471.4,2024/11/23,华北,支付宝,completed,49,
ORD008255,Levi's 501,服装,服装服装,1989.46,4,7957.84,2025/05/12,华中,微信支付,refunded,35,女
ORD008256,三体全集,图书,图书图书,7804.51,8,62436.08,2024/02/07,华南,信用卡,completed,54,男
ORD008257,百威啤酒,食品,食品食品,7673.09,1,7673.09,2024/10/18,西北,支付宝,completed,46,男
ORD008258,Python编程从入门到实践,图书,图书图书,7635.1,7,53445.7,2024/09/20,华东,银行卡,completed,21,
ORD008259,网易严选床垫,家居,家居家居,5692.56,2,11385.12,2024/09/20,华北,微信支付,completed,30,男
ORD008260,宜家书架,家居,家居家居,6799.9,10,67999.0,2024/01/01,东北,微信支付,completed,36,男
ORD008261,三体全集,图书,图书图书,1426.11,8,11408.88,2024/09/21,华东,微信支付,pending,36,女
ORD008262,农夫山泉,食品,食品食品,3808.65,9,34277.85,2024/12/26,西北,微信支付,completed,44,
ORD008263,iPhone 15,电子产品,电子产品,3664.31,10,36643.1,2024/04/12,华中,微信支付,cancelled,20,男
ORD008264,良品铺子零食包,食品,食品食品,7047.65,3,21142.95,2025/02/12,东北,信用卡,pending,63,
ORD008265,三只松鼠坚果礼盒,食品,食品食品,2324.29,8,18594.32,2024/10/28,华中,信用卡,cancelled,65,男
ORD008266,宜家书架,家居,家居家居,5692.53,5,28462.65,2025/01/18,华东,信用卡,refunded,30,
ORD008267,思考快与慢,图书,图书图书,5375.24,5,26876.2,2024/02/09,华东,银行卡,completed,54,男
ORD008268,思考快与慢,图书,图书图书,8831.79,6,52990.74,2025/03/09,华中,信用卡,pending,27,
ORD008269,蒙牛纯牛奶,食品,食品食品,2884.58,9,25961.22,2024/07/08,华中,信用卡,cancelled,19,男
ORD008270,Dell XPS 15,电子产品,电子产品,1482.64,9,13343.76,2025/01/22,西北,信用卡,cancelled,65,
ORD008271,网易严选床垫,家居,家居家居,7023.17,6,42139.02,2024/07/06,华东,银行卡,pending,29,
ORD008272,Adidas Ultraboost,服装,服装服装,3197.32,1,3197.32,2024/01/19,华南,信用卡,completed,54,
ORD008273,农夫山泉,食品,食品食品,4454.54,8,35636.32,2025/02/14,华南,微信支付,completed,43,女
ORD008274,iPhone 15,电子产品,电子产品,9303.31,9,83729.79,2025/04/09,西南,信用卡,completed,39,女
ORD008275,茅台酒,食品,食品食品,507.53,3,1522.59,2024/03/28,华北,微信支付,completed,29,女
ORD008276,美的电饭煲,家居,家居家居,5744.53,2,11489.06,2025/03/27,华中,信用卡,completed,54,男
ORD008277,New Balance 574,服装,服装服装,5465.08,4,21860.32,2025/01/19,西北,支付宝,refunded,27,女
ORD008278,AirPods Pro,电子产品,电子产品,4709.42,10,47094.2,2024/11/18,华中,支付宝,completed,25,
ORD008279,AirPods Pro,电子产品,电子产品,7106.91,6,42641.46,2024/08/06,西南,信用卡,completed,61,男
ORD008280,算法导论,图书,图书图书,4346.42,4,17385.68,2025/03/05,西北,信用卡,completed,42,
ORD008281,Dell XPS 15,电子产品,电子产品,6771.79,8,54174.32,2025/05/15,华中,信用卡,completed,39,女
ORD008282,北面冲锋衣,服装,服装服装,7888.2,7,55217.4,2024/01/19,西南,信用卡,completed,53,男
ORD008283,网易严选床垫,家居,家居家居,525.95,8,4207.6,2024/08/08,华北,微信支付,refunded,41,女
ORD008284,美的电饭煲,家居,家居家居,3627.18,5,18135.9,2024/11/15,西北,银行卡,completed,21,
ORD008285,罗技 MX Master 3,电子产品,电子产品,238.87,3,716.61,2024/09/08,西北,银行卡,completed,52,女
ORD008286,德芙巧克力,食品,食品食品,3826.91,2,7653.82,2024/01/06,华北,支付宝,cancelled,38,
ORD008287,戴森吸尘器,家居,家居家居,396.82,2,793.64,2025/03/24,东北,信用卡,pending,41,
ORD008288,Adidas Ultraboost,服装,服装服装,6797.07,8,54376.56,2025/04/29,华中,支付宝,refunded,20,
ORD008289,Levi's 501,服装,服装服装,7586.44,4,30345.76,2025/01/24,华东,微信支付,cancelled,49,
ORD008290,Nike Air Max,服装,服装服装,5884.2,6,35305.2,2025/04/14,华中,微信支付,completed,53,女
ORD008291,小米台灯,家居,家居家居,1077.3,7,7541.1,2025/05/17,西北,支付宝,completed,39,男
ORD008292,Apple Watch,电子产品,电子产品,4510.8,9,40597.2,2025/03/23,西南,微信支付,pending,53,女
ORD008293,德芙巧克力,食品,食品食品,9035.75,6,54214.5,2025/04/14,西南,微信支付,cancelled,43,女
ORD008294,德芙巧克力,食品,食品食品,9614.49,6,57686.94,2025/05/19,华南,支付宝,pending,56,
ORD008295,思考快与慢,图书,图书图书,4263.36,3,12790.08,2024/06/30,华北,支付宝,completed,47,女
ORD008296,三体全集,图书,图书图书,1940.61,5,9703.05,2025/02/08,华南,支付宝,completed,43,男
ORD008297,星巴克咖啡豆,食品,食品食品,3040.6,7,21284.2,2025/03/30,华北,信用卡,completed,58,男
ORD008298,星巴克咖啡豆,食品,食品食品,715.59,6,4293.54,2024/11/21,华北,微信支付,pending,41,女
ORD008299,三体全集,图书,图书图书,7737.89,7,54165.23,2024/10/07,东北,信用卡,completed,29,男
ORD008300,原则,图书,图书图书,9266.23,8,74129.84,2025/04/28,华南,银行卡,refunded,65,男
ORD008301,百威啤酒,食品,食品食品,6588.9,3,19766.7,2025/05/27,西南,支付宝,completed,55,女
ORD008302,New Balance 574,服装,服装服装,8080.3,5,40401.5,2024/05/24,华中,银行卡,completed,43,
ORD008303,人类简史,图书,图书图书,421.64,5,2108.2,2024/12/23,西南,信用卡,completed,25,女
ORD008304,农夫山泉,食品,食品食品,3509.73,8,28077.84,2024/09/22,东北,支付宝,completed,42,女
ORD008305,三只松鼠坚果礼盒,食品,食品食品,3126.48,9,28138.32,2024/04/26,华中,银行卡,completed,23,女
ORD008306,宜家书架,家居,家居家居,4410.45,10,44104.5,2024/04/16,东北,微信支付,completed,28,男
ORD008307,星巴克咖啡豆,食品,食品食品,9035.11,7,63245.77,2024/05/10,华南,信用卡,pending,65,男
ORD008308,罗技 MX Master 3,电子产品,电子产品,1901.73,10,19017.3,2024/02/16,华东,微信支付,refunded,63,女
ORD008309,美的电饭煲,家居,家居家居,9805.88,10,98058.8,2024/07/04,东北,支付宝,refunded,23,
ORD008310,Sony WH-1000XM5,电子产品,电子产品,4133.88,3,12401.64,2024/03/31,华南,微信支付,completed,65,男
ORD008311,算法导论,图书,图书图书,8019.11,5,40095.55,2025/04/12,西北,信用卡,completed,26,女
ORD008312,农夫山泉,食品,食品食品,6854.4,7,47980.8,2025/01/02,西南,支付宝,pending,51,女
ORD008313,九阳豆浆机,家居,家居家居,9227.13,6,55362.78,2024/04/29,西北,微信支付,completed,53,女
ORD008314,小米台灯,家居,家居家居,7468.19,3,22404.57,2025/03/13,华南,银行卡,pending,52,女
ORD008315,三只松鼠坚果礼盒,食品,食品食品,9353.58,8,74828.64,2025/03/31,华南,微信支付,completed,38,男
ORD008316,农夫山泉,食品,食品食品,3731.57,5,18657.85,2024/04/20,西南,信用卡,completed,42,男
ORD008317,原则,图书,图书图书,8466.09,8,67728.72,2024/05/22,华南,微信支付,completed,57,
ORD008318,深入理解计算机系统,图书,图书图书,5908.31,7,41358.17,2024/04/09,华南,信用卡,completed,20,女
ORD008319,美的电饭煲,家居,家居家居,5089.74,2,10179.48,2024/11/11,华中,支付宝,completed,19,男
ORD008320,蒙牛纯牛奶,食品,食品食品,1594.54,4,6378.16,2025/05/09,西南,微信支付,pending,65,男
ORD008321,人类简史,图书,图书图书,6237.56,7,43662.92,2024/08/27,华东,信用卡,pending,28,
ORD008322,九阳豆浆机,家居,家居家居,8427.79,4,33711.16,2024/11/07,华东,银行卡,pending,25,男
ORD008323,MacBook Air,电子产品,电子产品,-5560.33,2,-11120.66,2025/04/24,华北,银行卡,cancelled,32,女
ORD008324,德芙巧克力,食品,食品食品,1097.84,7,7684.88,2025/05/25,华东,银行卡,completed,56,女
ORD008325,美的电饭煲,家居,家居家居,735.42,4,2941.68,2024/12/08,华北,支付宝,completed,47,女
ORD008326,百威啤酒,食品,食品食品,6269.05,1,6269.05,2025/01/26,西北,微信支付,completed,45,男
ORD008327,北面冲锋衣,服装,服装服装,8223.26,7,57562.82,2024/10/04,华中,支付宝,completed,35,女
ORD008328,百威啤酒,食品,食品食品,2480.19,9,22321.71,2025/01/28,华中,信用卡,completed,32,男
ORD008329,Dell XPS 15,电子产品,电子产品,6697.84,5,33489.2,2024/11/28,华北,支付宝,completed,29,女
ORD008330,百威啤酒,食品,食品食品,9118.28,5,45591.4,2024/01/21,华南,银行卡,completed,22,女
ORD008331,人类简史,图书,图书图书,9991.27,1,9991.27,2025/03/24,西南,信用卡,completed,56,女
ORD008332,AirPods Pro,电子产品,电子产品,811.59,5,4057.95,2024/09/20,西北,信用卡,completed,36,
ORD008333,Samsung Galaxy S24,电子产品,电子产品,6558.22,1,6558.22,2024/05/17,西北,银行卡,completed,34,女
ORD008334,Dell XPS 15,电子产品,电子产品,8593.99,3,25781.97,2025/04/25,西南,微信支付,pending,24,男
ORD008335,宜家书架,家居,家居家居,9568.24,7,66977.68,2025/04/10,华南,银行卡,completed,62,
ORD008336,三体全集,图书,图书图书,5227.97,10,52279.7,2024/06/01,华北,信用卡,completed,38,男
ORD008337,美的电饭煲,家居,家居家居,1945.22,6,11671.32,2024/12/14,华南,信用卡,completed,23,男
ORD008338,iPad Air,电子产品,电子产品,5689.12,1,5689.12,2024/11/05,西南,微信支付,cancelled,37,女
ORD008339,三只松鼠坚果礼盒,食品,食品食品,2724.13,1,2724.13,2025/04/12,华南,信用卡,completed,61,女
ORD008340,H&M 连衣裙,服装,服装服装,4863.45,3,14590.35,2024/12/21,华东,支付宝,completed,23,男
ORD008341,H&M 连衣裙,服装,服装服装,3256.87,2,6513.74,2024/06/01,西南,支付宝,completed,57,女
ORD008342,德芙巧克力,食品,食品食品,3194.58,7,22362.06,2025/04/11,华北,支付宝,cancelled,24,女
ORD008343,小熊加湿器,家居,家居家居,8809.9,8,70479.2,2024/07/29,西南,微信支付,cancelled,52,男
ORD008344,Levi's 501,服装,服装服装,3212.11,5,16060.55,2024/03/07,华东,银行卡,completed,20,男
ORD008345,iPad Air,电子产品,电子产品,6305.84,7,44140.88,2024/01/31,华中,支付宝,pending,20,
ORD008346,美的电饭煲,家居,家居家居,3150.72,10,31507.2,2024/04/25,华北,信用卡,completed,27,男
ORD008347,百威啤酒,食品,食品食品,9524.47,6,57146.82,2024/03/04,华南,信用卡,cancelled,36,
ORD008348,宜家书架,家居,家居家居,3227.28,5,16136.4,2024/12/18,西南,支付宝,completed,62,男
ORD008349,小米台灯,家居,家居家居,3931.13,8,31449.04,2024/08/20,西北,微信支付,completed,21,男
ORD008350,MacBook Air,电子产品,电子产品,3969.77,1,3969.77,2024/02/22,西北,信用卡,completed,46,男
ORD008351,美的电饭煲,家居,家居家居,9776.29,6,58657.74,2025/03/24,华中,微信支付,completed,59,男
ORD008352,iPad Air,电子产品,电子产品,1553.83,6,9322.98,2024/06/19,西北,信用卡,completed,28,女
ORD008353,Python编程从入门到实践,图书,图书图书,5943.58,4,23774.32,2025/04/09,华中,信用卡,completed,53,
ORD008354,网易严选床垫,家居,家居家居,675.89,8,5407.12,2024/03/23,西南,微信支付,completed,48,
ORD008355,九阳豆浆机,家居,家居家居,3933.83,6,23602.98,2024/09/01,华南,银行卡,completed,45,女
ORD008356,德芙巧克力,食品,食品食品,3866.53,4,15466.12,2024/11/17,华南,微信支付,refunded,38,男
ORD008357,罗技 MX Master 3,电子产品,电子产品,9100.98,4,36403.92,2024/01/17,西南,微信支付,completed,63,
ORD008358,算法导论,图书,图书图书,3801.27,2,7602.54,2024/09/05,西北,支付宝,completed,47,男
ORD008359,戴森吸尘器,家居,家居家居,6410.01,8,51280.08,2025/05/03,华东,银行卡,completed,20,女
ORD008360,北面冲锋衣,服装,服装服装,1602.83,1,1602.83,2024/02/24,华北,银行卡,completed,25,男
ORD008361,宜家书架,家居,家居家居,5981.78,9,53836.02,2024/01/26,华东,微信支付,completed,61,
ORD008362,Python编程从入门到实践,图书,图书图书,7360.9,2,14721.8,2024/11/08,华东,微信支付,cancelled,63,
ORD008363,罗技 MX Master 3,电子产品,电子产品,6626.7,10,66267.0,2025/02/25,西北,支付宝,completed,39,女
ORD008364,良品铺子零食包,食品,食品食品,8964.77,3,26894.31,2024/01/03,东北,银行卡,completed,34,男
ORD008365,Levi's 501,服装,服装服装,3140.52,6,18843.12,2025/04/29,西北,信用卡,completed,31,
ORD008366,小米台灯,家居,家居家居,7252.06,10,72520.6,2025/03/06,西北,支付宝,completed,22,女
ORD008367,美的电饭煲,家居,家居家居,4906.31,8,39250.48,2024/10/02,西南,支付宝,pending,42,男
ORD008368,百威啤酒,食品,食品食品,4905.92,3,14717.76,2024/07/02,华中,信用卡,completed,28,男
ORD008369,农夫山泉,食品,食品食品,1958.77,6,11752.62,2025/04/02,华南,支付宝,completed,29,
ORD008370,算法导论,图书,图书图书,7987.65,5,39938.25,2024/12/05,华南,信用卡,completed,25,女
ORD008371,Apple Watch,电子产品,电子产品,3761.46,6,22568.76,2025/02/22,华南,信用卡,completed,41,男
ORD008372,农夫山泉,食品,食品食品,846.88,4,3387.52,2024/08/28,华南,信用卡,completed,43,
ORD008373,小米台灯,家居,家居家居,4070.76,6,24424.56,2024/09/02,西北,微信支付,pending,40,
ORD008374,深入理解计算机系统,图书,图书图书,1074.16,8,8593.28,2024/04/20,华东,银行卡,completed,59,女
ORD008375,Apple Watch,电子产品,电子产品,810.48,1,810.48,2024/04/24,东北,微信支付,completed,56,
ORD008376,Zara 西装外套,服装,服装服装,1796.89,10,17968.9,2025/04/06,华中,银行卡,refunded,19,
ORD008377,茅台酒,食品,食品食品,6064.96,4,24259.84,2024/03/18,华东,信用卡,refunded,44,男
ORD008378,星巴克咖啡豆,食品,食品食品,6323.66,2,12647.32,2024/05/31,华中,信用卡,cancelled,45,男
ORD008379,深入理解计算机系统,图书,图书图书,5509.15,6,33054.9,2024/08/22,华中,微信支付,cancelled,43,男
ORD008380,Levi's 501,服装,服装服装,4091.0,3,12273.0,2025/05/05,西南,银行卡,pending,36,
ORD008381,北面冲锋衣,服装,服装服装,3219.65,4,12878.6,2025/05/04,西北,支付宝,completed,30,男
ORD008382,Dell XPS 15,电子产品,电子产品,3941.78,10,39417.8,2025/01/06,华北,银行卡,cancelled,25,女
ORD008383,美的电饭煲,家居,家居家居,85.79,10,857.9,2025/05/20,华北,信用卡,completed,38,男
ORD008384,Apple Watch,电子产品,电子产品,2810.94,6,16865.64,2024/06/30,华东,微信支付,pending,25,男
ORD008385,小熊加湿器,家居,家居家居,54.38,4,217.52,2024/11/25,华南,微信支付,completed,45,女
ORD008386,iPad Air,电子产品,电子产品,311.81,6,1870.86,2024/07/09,华北,微信支付,refunded,34,男
ORD008387,Zara 西装外套,服装,服装服装,7633.15,4,30532.6,2024/10/31,东北,微信支付,completed,29,女
ORD008388,星巴克咖啡豆,食品,食品食品,3955.19,9,35596.71,2024/01/23,华东,微信支付,completed,26,
ORD008389,Nike Air Max,服装,服装服装,342.29,6,2053.74,2024/03/11,西北,银行卡,completed,28,男
ORD008390,九阳豆浆机,家居,家居家居,6843.37,9,61590.33,2024/12/26,华南,支付宝,completed,26,女
ORD008391,网易严选床垫,家居,家居家居,5396.71,1,5396.71,2024/11/12,华南,信用卡,cancelled,44,
ORD008392,戴森吸尘器,家居,家居家居,7916.73,9,71250.57,2024/10/23,华北,微信支付,completed,39,男
ORD008393,良品铺子零食包,食品,食品食品,7396.11,5,36980.55,2024/11/08,东北,银行卡,completed,36,男
ORD008394,Sony WH-1000XM5,电子产品,电子产品,5822.23,10,58222.3,2024/01/08,华北,银行卡,cancelled,63,女
ORD008395,网易严选床垫,家居,家居家居,9936.11,7,69552.77,2025/02/14,华东,支付宝,completed,28,女
ORD008396,Samsung Galaxy S24,电子产品,电子产品,8709.6,8,69676.8,2025/03/02,华南,银行卡,completed,35,
ORD008397,茅台酒,食品,食品食品,630.57,2,1261.14,2024/11/14,东北,信用卡,completed,59,女
ORD008398,美的电饭煲,家居,家居家居,5869.13,8,46953.04,2024/04/06,华北,支付宝,completed,63,男
ORD008399,iPad Air,电子产品,电子产品,5389.9,6,32339.4,2024/09/05,华北,微信支付,completed,22,女
ORD008400,原则,图书,图书图书,2625.38,9,23628.42,2025/02/23,西北,支付宝,pending,37,男
ORD008401,原则,图书,图书图书,2129.86,6,12779.16,2024/05/11,西南,银行卡,completed,56,女
ORD008402,德芙巧克力,食品,食品食品,6355.45,7,44488.15,2024/09/10,华中,微信支付,completed,19,
ORD008403,AirPods Pro,电子产品,电子产品,2842.86,10,28428.6,2024/03/31,东北,支付宝,refunded,54,女
ORD008404,Python编程从入门到实践,图书,图书图书,3875.42,6,23252.52,2024/10/16,华南,银行卡,completed,38,男
ORD008405,小米台灯,家居,家居家居,8679.75,2,17359.5,2024/01/09,东北,微信支付,completed,63,男
ORD008406,宜家书架,家居,家居家居,8832.67,8,70661.36,2024/11/18,西北,银行卡,cancelled,35,女
ORD008407,戴森吸尘器,家居,家居家居,1849.47,4,7397.88,2024/11/24,华东,微信支付,cancelled,31,男
ORD008408,Kindle Paperwhite,电子产品,电子产品,8037.61,5,40188.05,2024/07/28,华南,信用卡,completed,47,男
ORD008409,蒙牛纯牛奶,食品,食品食品,7214.06,7,50498.42,2024/04/06,华东,银行卡,completed,58,
ORD008410,德芙巧克力,食品,食品食品,643.41,2,1286.82,2024/07/07,西南,信用卡,completed,65,男
ORD008411,网易严选床垫,家居,家居家居,4946.95,4,19787.8,2024/06/07,华东,银行卡,completed,40,男
ORD008412,网易严选床垫,家居,家居家居,7873.55,1,7873.55,2024/05/13,西北,微信支付,pending,40,男
ORD008413,德芙巧克力,食品,食品食品,7476.82,2,14953.64,2024/12/17,华北,信用卡,completed,30,男
ORD008414,戴森吸尘器,家居,家居家居,3752.21,10,37522.1,2024/01/20,华北,信用卡,completed,46,男
ORD008415,优衣库羽绒服,服装,服装服装,9593.49,7,67154.43,2024/06/17,华东,微信支付,completed,30,男
ORD008416,iPad Air,电子产品,电子产品,983.12,9,8848.08,2025/03/22,华南,微信支付,completed,38,
ORD008417,北面冲锋衣,服装,服装服装,8947.24,4,35788.96,2025/01/28,华南,银行卡,pending,48,男
ORD008418,三只松鼠坚果礼盒,食品,食品食品,2075.03,4,8300.12,2025/03/17,东北,信用卡,completed,29,
ORD008419,小熊加湿器,家居,家居家居,850.53,4,3402.12,2024/02/08,东北,微信支付,completed,41,女
ORD008420,茅台酒,食品,食品食品,1582.47,1,1582.47,2024/10/09,西北,信用卡,completed,28,女
ORD008421,优衣库羽绒服,服装,服装服装,2594.22,10,25942.2,2024/11/16,华南,支付宝,completed,28,
ORD008422,iPad Air,电子产品,电子产品,6959.93,1,6959.93,2024/01/22,西北,信用卡,completed,22,女
ORD008423,深入理解计算机系统,图书,图书图书,1260.32,8,10082.56,2024/10/01,西北,支付宝,pending,23,男
ORD008424,三只松鼠坚果礼盒,食品,食品食品,8882.61,6,53295.66,2024/06/07,东北,支付宝,completed,28,男
ORD008425,Apple Watch,电子产品,电子产品,3437.29,4,13749.16,2024/04/10,西北,银行卡,pending,41,女
ORD008426,Nike Air Max,服装,服装服装,1869.2,5,9346.0,2024/08/01,东北,微信支付,cancelled,30,
ORD008427,优衣库羽绒服,服装,服装服装,6214.24,7,43499.68,2025/01/06,西北,微信支付,completed,28,女
ORD008428,小熊加湿器,家居,家居家居,1446.3,7,10124.1,2024/06/13,华中,信用卡,completed,21,
ORD008429,罗技 MX Master 3,电子产品,电子产品,7458.4,10,74584.0,2024/03/11,华北,微信支付,refunded,27,
ORD008430,Adidas Ultraboost,服装,服装服装,805.08,2,1610.16,2024/09/12,西南,微信支付,completed,59,女
ORD008431,北面冲锋衣,服装,服装服装,6168.73,9,55518.57,2024/12/06,华南,银行卡,pending,51,女
ORD008432,小熊加湿器,家居,家居家居,2940.57,1,2940.57,2024/05/05,华中,银行卡,refunded,33,
ORD008433,良品铺子零食包,食品,食品食品,2159.61,6,12957.66,2025/02/18,西北,信用卡,completed,39,女
ORD008434,深入理解计算机系统,图书,图书图书,2901.4,4,11605.6,2025/03/24,华中,支付宝,completed,33,女
ORD008435,宜家书架,家居,家居家居,824.82,5,4124.1,2024/11/25,西南,支付宝,cancelled,23,女
ORD008436,百威啤酒,食品,食品食品,9670.68,7,67694.76,2024/09/13,华北,支付宝,completed,53,女
ORD008437,百威啤酒,食品,食品食品,3932.37,3,11797.11,2024/03/01,华中,银行卡,refunded,56,男
ORD008438,思考快与慢,图书,图书图书,2073.82,6,12442.92,2024/09/10,华东,信用卡,cancelled,56,
ORD008439,Samsung Galaxy S24,电子产品,电子产品,7099.8,5,35499.0,2025/04/28,东北,支付宝,completed,38,
ORD008440,MacBook Air,电子产品,电子产品,2143.97,4,8575.88,2024/03/08,华东,银行卡,completed,28,女
ORD008441,Zara 西装外套,服装,服装服装,3908.77,6,23452.62,2024/07/26,华东,信用卡,completed,22,男
ORD008442,农夫山泉,食品,食品食品,1329.11,6,7974.66,2025/04/30,西北,信用卡,completed,26,男
ORD008443,Apple Watch,电子产品,电子产品,7068.27,2,14136.54,2024/04/02,华中,银行卡,completed,65,男
ORD008444,蒙牛纯牛奶,食品,食品食品,5294.28,8,42354.24,2024/10/23,西北,微信支付,pending,64,女
ORD008445,iPad Air,电子产品,电子产品,5396.65,9,48569.85,2024/01/21,西北,信用卡,completed,19,男
ORD008446,小熊加湿器,家居,家居家居,6162.03,7,43134.21,2024/08/16,华东,支付宝,pending,63,女
ORD008447,Kindle Paperwhite,电子产品,电子产品,5743.28,8,45946.24,2025/04/10,东北,支付宝,completed,38,女
ORD008448,北面冲锋衣,服装,服装服装,4453.97,9,40085.73,2024/07/30,华东,信用卡,completed,19,
ORD008449,深入理解计算机系统,图书,图书图书,7818.63,1,7818.63,2025/03/28,华北,信用卡,completed,18,男
ORD008450,网易严选床垫,家居,家居家居,605.81,3,1817.43,2024/11/10,华南,微信支付,completed,31,
ORD008451,蒙牛纯牛奶,食品,食品食品,5958.96,2,11917.92,2024/10/13,西南,微信支付,completed,47,
ORD008452,Adidas Ultraboost,服装,服装服装,3405.82,9,30652.38,2025/03/10,华北,微信支付,cancelled,48,男
ORD008453,三只松鼠坚果礼盒,食品,食品食品,1696.33,10,16963.3,2024/07/30,华北,微信支付,refunded,35,
ORD008454,Kindle Paperwhite,电子产品,电子产品,8279.94,7,57959.58,2025/02/07,华东,支付宝,completed,65,男
ORD008455,北面冲锋衣,服装,服装服装,189.95,3,569.85,2024/06/15,东北,支付宝,completed,26,男
ORD008456,茅台酒,食品,食品食品,8249.82,10,82498.2,2025/03/08,华中,信用卡,refunded,42,女
ORD008457,iPad Air,电子产品,电子产品,4506.51,6,27039.06,2025/04/30,华北,信用卡,completed,65,男
ORD008458,Sony WH-1000XM5,电子产品,电子产品,2242.01,9,20178.09,2025/05/09,华中,银行卡,pending,51,男
ORD008459,人类简史,图书,图书图书,8935.14,5,44675.7,2024/07/30,华北,微信支付,pending,42,男
ORD008460,AirPods Pro,电子产品,电子产品,9687.43,8,77499.44,2024/09/23,华东,银行卡,completed,50,
ORD008461,iPad Air,电子产品,电子产品,6425.74,2,12851.48,2024/10/28,西北,银行卡,completed,42,
ORD008462,MacBook Air,电子产品,电子产品,5588.51,10,55885.1,2024/04/28,东北,银行卡,completed,30,女
ORD008463,思考快与慢,图书,图书图书,7743.36,2,15486.72,2024/06/03,西北,信用卡,cancelled,34,女
ORD008464,iPhone 15,电子产品,电子产品,4021.19,1,4021.19,2024/02/03,华东,银行卡,completed,19,女
ORD008465,宜家书架,家居,家居家居,2556.45,8,20451.6,2025/04/09,西北,微信支付,pending,64,男
ORD008466,Sony WH-1000XM5,电子产品,电子产品,2538.27,3,7614.81,2025/03/31,华中,支付宝,completed,63,女
ORD008467,原则,图书,图书图书,5390.44,8,43123.52,2024/07/12,东北,银行卡,completed,35,
ORD008468,蒙牛纯牛奶,食品,食品食品,4101.04,5,20505.2,2025/03/30,西南,信用卡,completed,32,男
ORD008469,三只松鼠坚果礼盒,食品,食品食品,6638.73,7,46471.11,2024/01/31,华北,支付宝,completed,25,男
ORD008470,人类简史,图书,图书图书,2132.85,3,6398.55,2024/02/15,华中,支付宝,completed,51,男
ORD008471,三只松鼠坚果礼盒,食品,食品食品,8050.22,2,16100.44,2025/05/10,华中,支付宝,completed,24,女
ORD008472,iPad Air,电子产品,电子产品,9659.36,7,67615.52,2024/10/24,华北,微信支付,completed,30,
ORD008473,茅台酒,食品,食品食品,3988.09,8,31904.72,2024/06/04,华中,银行卡,completed,26,女
ORD008474,网易严选床垫,家居,家居家居,9042.57,4,36170.28,2024/09/25,西南,信用卡,completed,42,
ORD008475,原则,图书,图书图书,9097.68,6,54586.08,2025/05/17,华东,支付宝,cancelled,29,男
ORD008476,Zara 西装外套,服装,服装服装,2659.22,4,10636.88,2024/01/28,西南,信用卡,cancelled,61,
ORD008477,深入理解计算机系统,图书,图书图书,42.52,1,42.52,2024/05/20,华中,微信支付,pending,44,男
ORD008478,网易严选床垫,家居,家居家居,4141.7,6,24850.2,2024/05/13,华北,支付宝,pending,48,
ORD008479,原则,图书,图书图书,9092.84,1,9092.84,2024/10/27,华东,支付宝,cancelled,26,男
ORD008480,Kindle Paperwhite,电子产品,电子产品,2630.84,5,13154.2,2024/07/19,西南,支付宝,cancelled,42,女
ORD008481,良品铺子零食包,食品,食品食品,7072.71,8,56581.68,2024/11/09,西北,支付宝,completed,39,男
ORD008482,iPhone 15,电子产品,电子产品,360.59,9,3245.31,2025/01/13,华南,支付宝,cancelled,38,男
ORD008483,深入理解计算机系统,图书,图书图书,3740.86,9,33667.74,2025/05/24,西南,信用卡,completed,22,女
ORD008484,人类简史,图书,图书图书,2428.62,4,9714.48,2025/01/05,华东,银行卡,refunded,55,男
ORD008485,茅台酒,食品,食品食品,8794.46,5,43972.3,2024/07/13,华南,支付宝,completed,63,男
ORD008486,蒙牛纯牛奶,食品,食品食品,8310.42,8,66483.36,2025/04/29,华北,微信支付,pending,33,女
ORD008487,网易严选床垫,家居,家居家居,5479.07,8,43832.56,2024/09/13,华中,微信支付,completed,55,男
ORD008488,三体全集,图书,图书图书,5990.45,4,23961.8,2024/11/01,西北,银行卡,completed,49,男
ORD008489,星巴克咖啡豆,食品,食品食品,4216.24,4,16864.96,2024/06/02,西北,微信支付,completed,25,
ORD008490,思考快与慢,图书,图书图书,6303.7,6,37822.2,2025/03/29,华南,微信支付,completed,35,女
ORD008491,小熊加湿器,家居,家居家居,6167.13,1,6167.13,2024/07/04,东北,支付宝,completed,64,男
ORD008492,北面冲锋衣,服装,服装服装,6539.31,8,52314.48,2024/06/23,东北,银行卡,cancelled,52,女
ORD008493,Python编程从入门到实践,图书,图书图书,7972.75,6,47836.5,2024/08/05,华北,微信支付,completed,20,女
ORD008494,蒙牛纯牛奶,食品,食品食品,561.8,6,3370.8,2025/04/11,西南,支付宝,completed,65,
ORD008495,iPad Air,电子产品,电子产品,7041.97,4,28167.88,2025/01/28,华中,微信支付,cancelled,57,男
ORD008496,人类简史,图书,图书图书,4852.04,2,9704.08,2024/09/30,华南,信用卡,refunded,38,
ORD008497,九阳豆浆机,家居,家居家居,4470.62,10,44706.2,2024/03/13,华中,微信支付,cancelled,63,女
ORD008498,宜家书架,家居,家居家居,7670.75,7,53695.25,2025/04/04,东北,支付宝,completed,31,
ORD008499,iPhone 15,电子产品,电子产品,8203.34,4,32813.36,2024/07/05,西北,信用卡,completed,30,女
ORD008500,Apple Watch,电子产品,电子产品,1410.33,5,7051.65,2025/05/13,东北,微信支付,completed,36,
ORD008501,农夫山泉,食品,食品食品,3114.87,2,6229.74,2024/03/09,华中,信用卡,completed,46,男
ORD008502,Adidas Ultraboost,服装,服装服装,3190.83,1,3190.83,2024/10/11,华北,微信支付,completed,32,
ORD008503,戴森吸尘器,家居,家居家居,69.63,7,487.41,2024/07/22,东北,信用卡,completed,45,女
ORD008504,百威啤酒,食品,食品食品,1283.9,10,12839.0,2025/03/14,华东,支付宝,cancelled,57,
ORD008505,德芙巧克力,食品,食品食品,720.04,8,5760.32,2025/02/17,东北,微信支付,pending,53,
ORD008506,Python编程从入门到实践,图书,图书图书,7530.92,4,30123.68,2025/01/04,华中,支付宝,completed,19,男
ORD008507,New Balance 574,服装,服装服装,5553.82,4,22215.28,2024/05/25,西北,微信支付,pending,22,
ORD008508,思考快与慢,图书,图书图书,8419.68,2,16839.36,2024/11/26,东北,微信支付,pending,18,女
ORD008509,宜家书架,家居,家居家居,379.24,1,379.24,2025/03/17,华中,支付宝,completed,31,男
ORD008510,三体全集,图书,图书图书,2096.43,4,8385.72,2024/10/28,华东,银行卡,completed,55,女
ORD008511,蒙牛纯牛奶,食品,食品食品,173.51,7,1214.57,2025/02/03,华南,微信支付,completed,61,女
ORD008512,Nike Air Max,服装,服装服装,7649.54,6,45897.24,2025/05/08,华北,支付宝,completed,56,男
ORD008513,Apple Watch,电子产品,电子产品,2961.23,2,5922.46,2024/02/18,华北,支付宝,completed,40,男
ORD008514,iPhone 15,电子产品,电子产品,6222.37,1,6222.37,2024/07/15,东北,微信支付,completed,28,
ORD008515,人类简史,图书,图书图书,9295.87,2,18591.74,2025/02/06,西北,银行卡,pending,57,男
ORD008516,戴森吸尘器,家居,家居家居,4804.61,8,38436.88,2024/01/19,东北,信用卡,pending,27,女
ORD008517,宜家书架,家居,家居家居,7042.38,8,56339.04,2025/05/25,华北,支付宝,completed,63,
ORD008518,九阳豆浆机,家居,家居家居,9090.98,6,54545.88,2024/09/17,西南,微信支付,cancelled,25,女
ORD008519,原则,图书,图书图书,838.65,1,838.65,2025/02/26,华南,信用卡,pending,52,男
ORD008520,美的电饭煲,家居,家居家居,1882.93,1,1882.93,2024/03/26,东北,银行卡,completed,36,
ORD008521,百威啤酒,食品,食品食品,1156.75,7,8097.25,2024/02/17,华东,银行卡,completed,19,男
ORD008522,Apple Watch,电子产品,电子产品,1468.88,6,8813.28,2024/06/19,华中,微信支付,refunded,56,
ORD008523,Dell XPS 15,电子产品,电子产品,1725.64,5,8628.2,2024/04/02,华中,微信支付,completed,35,女
ORD008524,茅台酒,食品,食品食品,3445.63,9,31010.67,2025/05/27,东北,信用卡,completed,42,男
ORD008525,三体全集,图书,图书图书,2584.55,7,18091.85,2024/06/05,东北,信用卡,completed,23,女
ORD008526,算法导论,图书,图书图书,2319.61,9,20876.49,2025/02/16,华南,微信支付,completed,32,
ORD008527,原则,图书,图书图书,4456.55,9,40108.95,2024/12/15,华东,支付宝,completed,47,女
ORD008528,茅台酒,食品,食品食品,6680.95,2,13361.9,2024/04/01,华东,银行卡,completed,21,
ORD008529,宜家书架,家居,家居家居,5566.18,3,16698.54,2024/08/25,华东,支付宝,completed,44,男
ORD008530,算法导论,图书,图书图书,3485.88,1,3485.88,2024/10/27,东北,微信支付,completed,49,女
ORD008531,Dell XPS 15,电子产品,电子产品,628.96,5,3144.8,2024/11/07,东北,银行卡,completed,59,女
ORD008532,人类简史,图书,图书图书,7008.78,9,63079.02,2025/04/11,华南,微信支付,pending,33,
ORD008533,农夫山泉,食品,食品食品,8611.07,5,43055.35,2025/03/30,西南,银行卡,pending,46,男
ORD008534,茅台酒,食品,食品食品,8238.94,6,49433.64,2024/10/06,西北,银行卡,completed,27,
ORD008535,iPhone 15,电子产品,电子产品,8164.16,1,8164.16,2024/04/29,华北,银行卡,pending,50,女
ORD008536,Zara 西装外套,服装,服装服装,1558.45,7,10909.15,2024/11/21,华北,银行卡,completed,19,
ORD008537,农夫山泉,食品,食品食品,9375.67,10,93756.7,2025/04/21,西北,微信支付,pending,59,男
ORD008538,Zara 西装外套,服装,服装服装,6059.55,3,18178.65,2024/08/18,东北,微信支付,completed,27,女
ORD008539,小米台灯,家居,家居家居,585.11,2,1170.22,2025/02/05,华东,支付宝,completed,28,男
ORD008540,Kindle Paperwhite,电子产品,电子产品,3244.42,5,16222.1,2025/02/13,华东,银行卡,completed,62,女
ORD008541,New Balance 574,服装,服装服装,8103.43,5,40517.15,2024/11/23,华南,银行卡,cancelled,20,男
ORD008542,Sony WH-1000XM5,电子产品,电子产品,7233.12,1,7233.12,2024/11/26,华南,信用卡,completed,47,男
ORD008543,小米台灯,家居,家居家居,710.65,4,2842.6,2024/02/21,华东,微信支付,refunded,27,
ORD008544,Adidas Ultraboost,服装,服装服装,8961.68,5,44808.4,2024/09/28,西北,信用卡,completed,56,男
ORD008545,德芙巧克力,食品,食品食品,7202.25,7,50415.75,2024/06/25,华南,支付宝,pending,42,女
ORD008546,Levi's 501,服装,服装服装,8049.89,10,80498.9,2024/08/14,华东,银行卡,pending,64,男
ORD008547,原则,图书,图书图书,1294.8,7,9063.6,2024/03/21,西南,支付宝,completed,36,女
ORD008548,iPhone 15,电子产品,电子产品,6662.68,1,6662.68,2024/02/11,华中,支付宝,completed,23,女
ORD008549,良品铺子零食包,食品,食品食品,6145.77,1,6145.77,2024/09/30,华中,支付宝,refunded,35,
ORD008550,三体全集,图书,图书图书,5776.68,6,34660.08,2024/01/06,西北,支付宝,completed,20,女
ORD008551,H&M 连衣裙,服装,服装服装,7068.99,10,70689.9,2024/04/02,西南,微信支付,completed,40,男
ORD008552,北面冲锋衣,服装,服装服装,1745.91,1,1745.91,2025/03/19,西南,银行卡,cancelled,49,
ORD008553,Adidas Ultraboost,服装,服装服装,8387.86,7,58715.02,2024/01/30,华北,支付宝,completed,21,男
ORD008554,三只松鼠坚果礼盒,食品,食品食品,7512.75,1,7512.75,2025/01/31,华中,微信支付,completed,65,女
ORD008555,Apple Watch,电子产品,电子产品,4799.08,5,23995.4,2024/07/17,东北,支付宝,completed,36,
ORD008556,Apple Watch,电子产品,电子产品,2878.33,9,25904.97,2025/02/28,西南,信用卡,completed,37,男
ORD008557,思考快与慢,图书,图书图书,2355.97,10,23559.7,2024/03/12,华北,银行卡,pending,48,男
ORD008558,网易严选床垫,家居,家居家居,185.64,9,1670.76,2024/10/04,西北,支付宝,completed,46,女
ORD008559,三只松鼠坚果礼盒,食品,食品食品,622.81,10,6228.1,2024/07/26,华北,信用卡,completed,47,
ORD008560,New Balance 574,服装,服装服装,4183.94,4,16735.76,2025/01/15,西北,信用卡,completed,47,女
ORD008561,New Balance 574,服装,服装服装,9319.78,5,46598.9,2025/01/20,华中,支付宝,completed,18,女
ORD008562,Apple Watch,电子产品,电子产品,195.25,4,781.0,2024/12/15,华东,银行卡,completed,51,女
ORD008563,小熊加湿器,家居,家居家居,1603.26,9,14429.34,2024/08/20,西南,支付宝,completed,51,女
ORD008564,德芙巧克力,食品,食品食品,1488.32,10,14883.2,2024/02/04,西南,支付宝,completed,50,
ORD008565,Sony WH-1000XM5,电子产品,电子产品,4815.5,10,48155.0,2024/08/01,华南,信用卡,completed,37,男
ORD008566,小米台灯,家居,家居家居,4451.97,6,26711.82,2025/05/12,华南,信用卡,completed,44,
ORD008567,农夫山泉,食品,食品食品,2006.07,7,14042.49,2025/05/01,华东,支付宝,completed,26,女
ORD008568,三只松鼠坚果礼盒,食品,食品食品,1825.03,4,7300.12,2025/05/13,西北,信用卡,completed,28,女
ORD008569,Levi's 501,服装,服装服装,1925.24,8,15401.92,2024/04/01,华中,微信支付,completed,51,女
ORD008570,Python编程从入门到实践,图书,图书图书,3137.34,1,3137.34,2024/08/31,华北,银行卡,completed,60,男
ORD008571,Nike Air Max,服装,服装服装,2259.21,8,18073.68,2024/02/12,东北,微信支付,refunded,23,女
ORD008572,戴森吸尘器,家居,家居家居,9761.66,9,87854.94,2024/04/23,华北,信用卡,pending,50,
ORD008573,小米台灯,家居,家居家居,7112.75,5,35563.75,2025/05/11,华东,信用卡,completed,49,男
ORD008574,蒙牛纯牛奶,食品,食品食品,733.9,5,3669.5,2024/06/12,华中,银行卡,completed,34,男
ORD008575,深入理解计算机系统,图书,图书图书,6679.87,1,6679.87,2024/12/15,东北,信用卡,pending,54,女
ORD008576,New Balance 574,服装,服装服装,3972.1,9,35748.9,2024/01/28,华北,支付宝,completed,63,
ORD008577,农夫山泉,食品,食品食品,7415.23,3,22245.69,2025/04/11,西北,银行卡,completed,47,
ORD008578,百威啤酒,食品,食品食品,6367.56,6,38205.36,2025/03/11,华东,微信支付,refunded,49,男
ORD008579,Adidas Ultraboost,服装,服装服装,5837.5,7,40862.5,2024/06/19,华南,银行卡,completed,19,
ORD008580,罗技 MX Master 3,电子产品,电子产品,2900.19,3,8700.57,2025/04/20,西南,支付宝,completed,31,男
ORD008581,Apple Watch,电子产品,电子产品,9594.62,1,9594.62,2025/03/07,华中,支付宝,completed,33,女
ORD008582,Nike Air Max,服装,服装服装,7619.48,5,38097.4,2024/06/12,西南,微信支付,completed,44,男
ORD008583,三只松鼠坚果礼盒,食品,食品食品,8839.24,7,61874.68,2024/03/07,华南,信用卡,completed,46,女
ORD008584,New Balance 574,服装,服装服装,2896.11,3,8688.33,2024/04/21,东北,信用卡,completed,57,男
ORD008585,深入理解计算机系统,图书,图书图书,4129.38,10,41293.8,2024/11/16,西南,支付宝,completed,24,女
ORD008586,北面冲锋衣,服装,服装服装,4845.79,6,29074.74,2024/01/24,西南,支付宝,completed,28,
ORD008587,深入理解计算机系统,图书,图书图书,2758.48,4,11033.92,2024/06/26,西南,支付宝,completed,41,男
ORD008588,小熊加湿器,家居,家居家居,4829.47,8,38635.76,2024/11/23,华北,微信支付,completed,21,女
ORD008589,网易严选床垫,家居,家居家居,3576.28,1,3576.28,2024/10/26,华南,微信支付,completed,46,
ORD008590,戴森吸尘器,家居,家居家居,935.22,8,7481.76,2025/05/16,华中,银行卡,pending,60,女
ORD008591,茅台酒,食品,食品食品,3994.27,4,15977.08,2024/08/16,华中,支付宝,completed,63,
ORD008592,百威啤酒,食品,食品食品,9251.54,4,37006.16,2024/01/22,华中,信用卡,completed,29,男
ORD008593,算法导论,图书,图书图书,6666.08,5,33330.4,2025/03/13,华中,信用卡,completed,62,女
ORD008594,网易严选床垫,家居,家居家居,7405.94,4,29623.76,2025/05/05,华南,微信支付,completed,39,女
ORD008595,Python编程从入门到实践,图书,图书图书,4116.87,5,20584.35,2024/08/19,华中,微信支付,refunded,65,
ORD008596,九阳豆浆机,家居,家居家居,5174.65,6,31047.9,2025/04/18,西南,支付宝,completed,45,男
ORD008597,原则,图书,图书图书,799.14,8,6393.12,2024/05/31,华东,支付宝,cancelled,62,
ORD008598,Nike Air Max,服装,服装服装,8938.81,4,35755.24,2024/11/12,华东,银行卡,pending,30,
ORD008599,罗技 MX Master 3,电子产品,电子产品,5527.73,1,5527.73,2024/07/13,华中,银行卡,completed,61,男
ORD008600,Zara 西装外套,服装,服装服装,1463.68,1,1463.68,2024/07/15,华北,信用卡,completed,62,
ORD008601,百威啤酒,食品,食品食品,3958.8,1,3958.8,2024/02/06,华南,银行卡,completed,36,男
ORD008602,Zara 西装外套,服装,服装服装,5302.74,5,26513.7,2024/11/27,华南,银行卡,cancelled,47,
ORD008603,深入理解计算机系统,图书,图书图书,5030.07,7,35210.49,2024/12/16,华中,微信支付,completed,30,
ORD008604,人类简史,图书,图书图书,7549.64,7,52847.48,2025/04/23,华中,微信支付,completed,44,女
ORD008605,Sony WH-1000XM5,电子产品,电子产品,7739.03,4,30956.12,2024/07/17,东北,银行卡,pending,21,男
ORD008606,Zara 西装外套,服装,服装服装,7760.37,6,46562.22,2024/10/08,西南,银行卡,pending,36,女
ORD008607,MacBook Air,电子产品,电子产品,5753.91,9,51785.19,2024/06/04,东北,支付宝,completed,33,女
ORD008608,三体全集,图书,图书图书,8454.3,4,33817.2,2024/11/04,西北,信用卡,pending,57,男
ORD008609,人类简史,图书,图书图书,8238.54,10,82385.4,2024/03/20,东北,银行卡,completed,22,男
ORD008610,Python编程从入门到实践,图书,图书图书,8655.33,7,60587.31,2025/01/02,华南,支付宝,completed,29,
ORD008611,三体全集,图书,图书图书,9875.67,10,98756.7,2025/02/10,华中,信用卡,completed,52,男
ORD008612,戴森吸尘器,家居,家居家居,438.2,8,3505.6,2025/01/10,西北,银行卡,refunded,26,女
ORD008613,原则,图书,图书图书,4923.45,4,19693.8,2024/11/30,华南,支付宝,completed,56,女
ORD008614,算法导论,图书,图书图书,840.08,6,5040.48,2024/09/07,西南,支付宝,pending,19,
ORD008615,三只松鼠坚果礼盒,食品,食品食品,610.11,10,6101.1,2024/11/19,华中,信用卡,completed,23,女
ORD008616,网易严选床垫,家居,家居家居,4156.82,6,24940.92,2024/08/11,华中,支付宝,completed,32,
ORD008617,Adidas Ultraboost,服装,服装服装,4305.39,4,17221.56,2024/09/18,西北,信用卡,completed,64,女
ORD008618,Python编程从入门到实践,图书,图书图书,6819.87,3,20459.61,2024/08/13,华中,微信支付,cancelled,23,男
ORD008619,网易严选床垫,家居,家居家居,9094.28,3,27282.84,2025/02/09,西北,信用卡,cancelled,63,男
ORD008620,思考快与慢,图书,图书图书,5160.38,8,41283.04,2024/03/17,西北,银行卡,refunded,42,男
ORD008621,九阳豆浆机,家居,家居家居,6217.18,7,43520.26,2025/01/15,华北,银行卡,refunded,59,
ORD008622,Dell XPS 15,电子产品,电子产品,5225.07,4,20900.28,2024/06/04,西北,支付宝,completed,60,男
ORD008623,百威啤酒,食品,食品食品,556.06,1,556.06,2025/04/16,华中,微信支付,completed,20,女
ORD008624,思考快与慢,图书,图书图书,2770.06,3,8310.18,2024/01/16,华中,微信支付,pending,51,
ORD008625,Sony WH-1000XM5,电子产品,电子产品,3396.3,3,10188.9,2025/04/05,东北,微信支付,pending,38,
ORD008626,Adidas Ultraboost,服装,服装服装,1612.91,9,14516.19,2025/04/23,东北,支付宝,completed,40,男
ORD008627,AirPods Pro,电子产品,电子产品,995.28,8,7962.24,2024/04/25,西南,信用卡,completed,58,男
ORD008628,Nike Air Max,服装,服装服装,1414.35,7,9900.45,2024/09/09,西北,银行卡,completed,32,女
ORD008629,Samsung Galaxy S24,电子产品,电子产品,2930.16,7,20511.12,2025/01/14,华东,支付宝,pending,52,女
ORD008630,德芙巧克力,食品,食品食品,4431.3,9,39881.7,2025/02/04,华南,信用卡,completed,27,女
ORD008631,Python编程从入门到实践,图书,图书图书,1652.57,7,11567.99,2025/02/10,华南,微信支付,cancelled,45,女
ORD008632,iPhone 15,电子产品,电子产品,2932.84,7,20529.88,2024/02/10,华北,微信支付,pending,27,男
ORD008633,农夫山泉,食品,食品食品,4940.63,2,9881.26,2025/02/10,西南,信用卡,completed,39,男
ORD008634,蒙牛纯牛奶,食品,食品食品,404.53,7,2831.71,2025/05/21,华东,微信支付,completed,52,女
ORD008635,三只松鼠坚果礼盒,食品,食品食品,6524.67,5,32623.35,2024/04/23,华中,银行卡,completed,47,女
ORD008636,美的电饭煲,家居,家居家居,568.85,6,3413.1,2025/05/10,华东,银行卡,completed,18,男
ORD008637,Python编程从入门到实践,图书,图书图书,478.81,3,1436.43,2024/05/04,华中,银行卡,completed,37,
ORD008638,Adidas Ultraboost,服装,服装服装,1660.68,2,3321.36,2025/04/09,华北,信用卡,refunded,22,女
ORD008639,Sony WH-1000XM5,电子产品,电子产品,8818.48,1,8818.48,2024/08/03,华北,支付宝,refunded,31,男
ORD008640,农夫山泉,食品,食品食品,9180.59,3,27541.77,2024/09/18,西北,信用卡,completed,43,女
ORD008641,算法导论,图书,图书图书,4983.81,2,9967.62,2025/05/28,东北,微信支付,completed,54,女
ORD008642,Apple Watch,电子产品,电子产品,4112.84,6,24677.04,2024/07/19,西北,支付宝,pending,22,女
ORD008643,H&M 连衣裙,服装,服装服装,3706.62,7,25946.34,2024/04/02,西南,微信支付,completed,36,
ORD008644,人类简史,图书,图书图书,5086.69,4,20346.76,2025/06/01,东北,支付宝,refunded,36,
ORD008645,宜家书架,家居,家居家居,5994.91,5,29974.55,2024/12/04,华中,微信支付,pending,44,女
ORD008646,网易严选床垫,家居,家居家居,5668.19,1,5668.19,2025/02/11,华东,微信支付,completed,23,男
ORD008647,小熊加湿器,家居,家居家居,955.19,7,6686.33,2024/09/13,西北,信用卡,completed,20,
ORD008648,三体全集,图书,图书图书,2950.81,3,8852.43,2024/05/10,华南,信用卡,completed,60,男
ORD008649,蒙牛纯牛奶,食品,食品食品,7436.57,2,14873.14,2024/08/18,东北,银行卡,pending,61,
ORD008650,农夫山泉,食品,食品食品,9605.21,5,48026.05,2024/08/21,华北,支付宝,pending,26,女
ORD008651,Samsung Galaxy S24,电子产品,电子产品,4830.08,1,4830.08,2024/07/19,东北,银行卡,completed,35,
ORD008652,Zara 西装外套,服装,服装服装,8174.88,7,57224.16,2025/02/16,华北,微信支付,pending,57,女
ORD008653,戴森吸尘器,家居,家居家居,6287.56,4,25150.24,2025/01/07,西南,信用卡,refunded,18,男
ORD008654,网易严选床垫,家居,家居家居,536.28,3,1608.84,2024/01/28,西南,支付宝,completed,47,
ORD008655,Adidas Ultraboost,服装,服装服装,3635.96,4,14543.84,2025/05/15,东北,银行卡,completed,40,女
ORD008656,茅台酒,食品,食品食品,5869.07,6,35214.42,2024/11/26,华东,银行卡,cancelled,26,女
ORD008657,原则,图书,图书图书,284.27,2,568.54,2024/05/31,华中,银行卡,cancelled,28,
ORD008658,Zara 西装外套,服装,服装服装,4752.58,3,14257.74,2025/01/07,西北,信用卡,refunded,55,女
ORD008659,优衣库羽绒服,服装,服装服装,371.76,4,1487.04,2024/08/09,华中,信用卡,completed,39,
ORD008660,算法导论,图书,图书图书,2572.97,2,5145.94,2024/09/01,西北,银行卡,completed,54,
ORD008661,良品铺子零食包,食品,食品食品,5430.92,6,32585.52,2025/04/20,西南,信用卡,refunded,40,男
ORD008662,H&M 连衣裙,服装,服装服装,7382.41,3,22147.23,2025/05/13,西北,银行卡,cancelled,60,女
ORD008663,小熊加湿器,家居,家居家居,4582.87,9,41245.83,2024/02/24,华中,信用卡,completed,63,
ORD008664,星巴克咖啡豆,食品,食品食品,7820.25,5,39101.25,2024/08/05,西南,支付宝,completed,29,女
ORD008665,Sony WH-1000XM5,电子产品,电子产品,7263.16,7,50842.12,2025/04/17,华中,银行卡,pending,26,
ORD008666,美的电饭煲,家居,家居家居,5481.2,10,54812.0,2025/05/23,东北,银行卡,pending,38,
ORD008667,九阳豆浆机,家居,家居家居,1842.59,9,16583.31,2024/01/11,华北,微信支付,refunded,65,男
ORD008668,Kindle Paperwhite,电子产品,电子产品,6626.42,5,33132.1,2025/01/28,华北,支付宝,pending,38,
ORD008669,九阳豆浆机,家居,家居家居,5342.29,2,10684.58,2024/03/18,西南,微信支付,cancelled,18,女
ORD008670,Levi's 501,服装,服装服装,27.46,9,247.14,2024/04/25,华南,信用卡,completed,57,女
ORD008671,原则,图书,图书图书,5574.78,10,55747.8,2025/05/20,华中,微信支付,refunded,35,男
ORD008672,Apple Watch,电子产品,电子产品,8687.94,6,52127.64,2025/01/16,西南,微信支付,cancelled,31,男
ORD008673,德芙巧克力,食品,食品食品,9205.27,6,55231.62,2025/01/21,华东,银行卡,pending,42,男
ORD008674,Zara 西装外套,服装,服装服装,6406.61,9,57659.49,2025/03/14,西南,支付宝,cancelled,35,
ORD008675,美的电饭煲,家居,家居家居,3019.77,2,6039.54,2025/01/28,东北,信用卡,pending,63,女
ORD008676,Kindle Paperwhite,电子产品,电子产品,6332.17,10,63321.7,2024/02/21,东北,信用卡,pending,50,女
ORD008677,茅台酒,食品,食品食品,3843.94,8,30751.52,2024/08/24,华东,信用卡,completed,29,女
ORD008678,Python编程从入门到实践,图书,图书图书,839.18,3,2517.54,2025/01/07,西南,银行卡,completed,53,女
ORD008679,Levi's 501,服装,服装服装,747.39,4,2989.56,2024/05/13,西北,信用卡,refunded,46,男
ORD008680,原则,图书,图书图书,8911.62,3,26734.86,2024/06/20,华中,信用卡,refunded,26,
ORD008681,MacBook Air,电子产品,电子产品,8179.85,8,65438.8,2024/10/12,华北,支付宝,pending,64,男
ORD008682,小米台灯,家居,家居家居,2747.98,5,13739.9,2025/04/24,东北,支付宝,completed,21,
ORD008683,深入理解计算机系统,图书,图书图书,8349.15,9,75142.35,2025/05/23,华南,银行卡,refunded,31,女
ORD008684,Nike Air Max,服装,服装服装,9153.6,3,27460.8,2024/11/16,西北,信用卡,pending,35,
ORD008685,北面冲锋衣,服装,服装服装,6279.2,8,50233.6,2024/11/20,华南,银行卡,cancelled,25,
ORD008686,北面冲锋衣,服装,服装服装,8624.7,1,8624.7,2024/12/09,华北,银行卡,cancelled,30,男
ORD008687,原则,图书,图书图书,2380.39,9,21423.51,2024/05/24,华中,银行卡,completed,27,
ORD008688,戴森吸尘器,家居,家居家居,4759.56,4,19038.24,2025/02/15,华中,银行卡,cancelled,21,女
ORD008689,New Balance 574,服装,服装服装,3076.63,8,24613.04,2025/01/25,西南,支付宝,cancelled,58,男
ORD008690,原则,图书,图书图书,2129.36,7,14905.52,2024/05/15,华中,信用卡,completed,36,
ORD008691,三只松鼠坚果礼盒,食品,食品食品,206.96,10,2069.6,2024/12/24,华北,支付宝,completed,61,男
ORD008692,人类简史,图书,图书图书,7140.8,2,14281.6,2025/05/27,西南,银行卡,refunded,37,
ORD008693,九阳豆浆机,家居,家居家居,6698.31,4,26793.24,2024/08/19,西南,信用卡,completed,52,
ORD008694,New Balance 574,服装,服装服装,2644.01,10,26440.1,2024/04/20,西北,银行卡,completed,32,男
ORD008695,iPhone 15,电子产品,电子产品,898.14,4,3592.56,2024/12/12,华中,信用卡,completed,52,男
ORD008696,Nike Air Max,服装,服装服装,6345.7,3,19037.1,2024/07/24,华东,银行卡,completed,39,女
ORD008697,九阳豆浆机,家居,家居家居,4789.54,1,4789.54,2025/01/05,华中,银行卡,completed,64,男
ORD008698,美的电饭煲,家居,家居家居,9866.87,2,19733.74,2024/12/03,东北,支付宝,completed,38,男
ORD008699,Samsung Galaxy S24,电子产品,电子产品,5426.66,10,54266.6,2024/10/10,西南,微信支付,completed,60,女
ORD008700,人类简史,图书,图书图书,1536.4,6,9218.4,2024/09/02,华南,信用卡,cancelled,36,
ORD008701,人类简史,图书,图书图书,237.83,1,237.83,2024/06/30,华中,银行卡,pending,55,男
ORD008702,Samsung Galaxy S24,电子产品,电子产品,4128.96,7,28902.72,2025/04/26,西北,信用卡,pending,24,女
ORD008703,三只松鼠坚果礼盒,食品,食品食品,1767.55,5,8837.75,2025/02/27,西南,微信支付,pending,56,
ORD008704,三只松鼠坚果礼盒,食品,食品食品,9666.37,7,67664.59,2025/04/20,华中,信用卡,cancelled,52,男
ORD008705,德芙巧克力,食品,食品食品,9648.87,5,48244.35,2025/05/18,西北,支付宝,pending,31,女
ORD008706,Dell XPS 15,电子产品,电子产品,6764.74,9,60882.66,2024/08/24,华北,信用卡,cancelled,35,
ORD008707,网易严选床垫,家居,家居家居,4021.5,4,16086.0,2025/06/01,华北,信用卡,cancelled,29,
ORD008708,罗技 MX Master 3,电子产品,电子产品,4415.53,9,39739.77,2024/07/15,华中,微信支付,pending,29,男
ORD008709,Nike Air Max,服装,服装服装,4208.8,6,25252.8,2024/03/09,华北,银行卡,pending,29,男
ORD008710,iPad Air,电子产品,电子产品,6485.4,2,12970.8,2024/12/07,西南,信用卡,completed,43,男
ORD008711,蒙牛纯牛奶,食品,食品食品,9606.75,7,67247.25,2024/11/05,华中,支付宝,pending,50,女
ORD008712,九阳豆浆机,家居,家居家居,4134.86,6,24809.16,2024/02/10,西南,信用卡,completed,23,男
ORD008713,Zara 西装外套,服装,服装服装,4260.87,3,12782.61,2025/03/31,西北,微信支付,completed,63,女
ORD008714,三只松鼠坚果礼盒,食品,食品食品,5784.24,7,40489.68,2025/06/01,华中,支付宝,completed,21,
ORD008715,网易严选床垫,家居,家居家居,9901.09,2,19802.18,2024/12/20,东北,信用卡,completed,23,男
ORD008716,三体全集,图书,图书图书,7969.06,8,63752.48,2024/10/04,华东,微信支付,cancelled,40,女
ORD008717,Levi's 501,服装,服装服装,858.94,8,6871.52,2024/03/16,西北,微信支付,completed,45,女
ORD008718,H&M 连衣裙,服装,服装服装,7220.35,9,64983.15,2024/06/16,华中,银行卡,completed,47,女
ORD008719,Levi's 501,服装,服装服装,1388.95,8,11111.6,2024/03/06,华东,银行卡,completed,47,女
ORD008720,算法导论,图书,图书图书,3010.23,5,15051.15,2024/10/10,华南,微信支付,completed,54,女
ORD008721,小米台灯,家居,家居家居,86.54,1,86.54,2025/05/07,西北,微信支付,cancelled,42,女
ORD008722,北面冲锋衣,服装,服装服装,452.01,10,4520.1,2024/10/10,西南,信用卡,pending,25,女
ORD008723,农夫山泉,食品,食品食品,577.74,7,4044.18,2025/01/07,华中,支付宝,completed,45,女
ORD008724,美的电饭煲,家居,家居家居,8199.34,1,8199.34,2024/09/20,华东,银行卡,refunded,33,男
ORD008725,九阳豆浆机,家居,家居家居,9038.68,8,72309.44,2024/12/21,华东,微信支付,completed,25,男
ORD008726,Kindle Paperwhite,电子产品,电子产品,7512.91,7,52590.37,2025/04/14,西南,银行卡,completed,30,
ORD008727,Levi's 501,服装,服装服装,9842.24,3,29526.72,2024/05/09,华南,信用卡,completed,64,男
ORD008728,百威啤酒,食品,食品食品,1928.25,10,19282.5,2025/02/25,东北,银行卡,completed,60,女
ORD008729,百威啤酒,食品,食品食品,4706.98,8,37655.84,2024/03/20,西北,信用卡,completed,39,男
ORD008730,茅台酒,食品,食品食品,2302.34,6,13814.04,2024/04/20,东北,支付宝,completed,49,男
ORD008731,优衣库羽绒服,服装,服装服装,183.1,6,1098.6,2024/12/21,西南,信用卡,completed,46,女
ORD008732,三体全集,图书,图书图书,2020.86,2,4041.72,2024/03/28,东北,信用卡,completed,62,
ORD008733,H&M 连衣裙,服装,服装服装,1203.89,3,3611.67,2024/06/14,华中,支付宝,completed,24,
ORD008734,New Balance 574,服装,服装服装,8984.42,7,62890.94,2024/07/24,华东,银行卡,refunded,54,
ORD008735,九阳豆浆机,家居,家居家居,6884.62,2,13769.24,2024/06/25,华东,信用卡,pending,20,女
ORD008736,算法导论,图书,图书图书,5623.65,5,28118.25,2025/01/04,华南,银行卡,completed,27,女
ORD008737,星巴克咖啡豆,食品,食品食品,5766.08,10,57660.8,2024/06/04,华北,银行卡,completed,28,女
ORD008738,良品铺子零食包,食品,食品食品,8380.7,8,67045.6,2025/02/26,西南,支付宝,completed,32,男
ORD008739,良品铺子零食包,食品,食品食品,7946.8,5,39734.0,2024/08/22,华东,微信支付,completed,35,
ORD008740,iPad Air,电子产品,电子产品,4253.25,3,12759.75,2024/12/21,东北,银行卡,completed,63,女
ORD008741,H&M 连衣裙,服装,服装服装,4839.13,4,19356.52,2025/02/26,华北,支付宝,refunded,23,女
ORD008742,网易严选床垫,家居,家居家居,9730.0,8,77840.0,2024/05/14,华南,微信支付,completed,27,
ORD008743,Python编程从入门到实践,图书,图书图书,5704.72,5,28523.6,2024/01/05,东北,银行卡,pending,25,女
ORD008744,九阳豆浆机,家居,家居家居,905.92,3,2717.76,2024/06/14,西南,信用卡,pending,48,
ORD008745,良品铺子零食包,食品,食品食品,2553.84,5,12769.2,2025/02/08,华北,支付宝,completed,29,
ORD008746,小熊加湿器,家居,家居家居,5077.52,4,20310.08,2025/03/23,西南,信用卡,completed,24,
ORD008747,百威啤酒,食品,食品食品,2137.11,7,14959.77,2024/06/26,西南,微信支付,pending,43,
ORD008748,戴森吸尘器,家居,家居家居,1905.01,3,5715.03,2024/07/27,西南,支付宝,completed,21,
ORD008749,北面冲锋衣,服装,服装服装,727.91,10,7279.1,2024/08/10,华北,信用卡,cancelled,51,
ORD008750,三体全集,图书,图书图书,400.65,6,2403.9,2025/02/19,华中,银行卡,completed,42,男
ORD008751,良品铺子零食包,食品,食品食品,7037.79,4,28151.16,2024/10/07,西北,微信支付,pending,43,
ORD008752,九阳豆浆机,家居,家居家居,4172.36,2,8344.72,2024/04/26,西南,微信支付,completed,61,
ORD008753,宜家书架,家居,家居家居,792.29,1,792.29,2024/06/22,华东,银行卡,completed,62,
ORD008754,小熊加湿器,家居,家居家居,453.45,4,1813.8,2024/04/04,东北,信用卡,completed,60,男
ORD008755,思考快与慢,图书,图书图书,6131.82,3,18395.46,2024/05/15,华北,微信支付,completed,47,男
ORD008756,思考快与慢,图书,图书图书,8025.77,10,80257.7,2024/03/13,华北,支付宝,pending,61,女
ORD008757,蒙牛纯牛奶,食品,食品食品,2530.5,1,2530.5,2024/12/14,西北,银行卡,pending,45,
ORD008758,Adidas Ultraboost,服装,服装服装,2158.63,3,6475.89,2024/11/16,华北,支付宝,completed,43,女
ORD008759,H&M 连衣裙,服装,服装服装,8493.93,4,33975.72,2025/04/05,华东,银行卡,cancelled,20,女
ORD008760,良品铺子零食包,食品,食品食品,2372.09,1,2372.09,2024/01/15,西南,微信支付,completed,30,
ORD008761,北面冲锋衣,服装,服装服装,5756.83,7,40297.81,2024/09/02,华南,信用卡,completed,44,女
ORD008762,New Balance 574,服装,服装服装,7705.14,6,46230.84,2025/01/18,华南,银行卡,pending,23,
ORD008763,德芙巧克力,食品,食品食品,6243.01,2,12486.02,2025/02/17,东北,信用卡,completed,46,女
ORD008764,Zara 西装外套,服装,服装服装,7548.75,5,37743.75,2024/04/14,西南,微信支付,pending,33,男
ORD008765,深入理解计算机系统,图书,图书图书,1781.84,10,17818.4,2024/09/27,东北,微信支付,cancelled,27,女
ORD008766,原则,图书,图书图书,3941.41,3,11824.23,2025/01/05,华中,信用卡,completed,65,女
ORD008767,AirPods Pro,电子产品,电子产品,7695.97,10,76959.7,2025/05/20,华南,支付宝,completed,49,
ORD008768,Adidas Ultraboost,服装,服装服装,6479.57,3,19438.71,2025/01/03,东北,支付宝,completed,47,男
ORD008769,iPad Air,电子产品,电子产品,9705.19,2,19410.38,2025/04/29,东北,微信支付,completed,61,男
ORD008770,三体全集,图书,图书图书,9038.74,6,54232.44,2024/06/15,东北,微信支付,completed,49,男
ORD008771,人类简史,图书,图书图书,5560.16,3,16680.48,2024/06/25,西南,微信支付,pending,50,女
ORD008772,H&M 连衣裙,服装,服装服装,3511.8,5,17559.0,2024/04/21,西北,微信支付,cancelled,39,
ORD008773,原则,图书,图书图书,785.28,8,6282.24,2024/07/15,西北,银行卡,completed,20,
ORD008774,Levi's 501,服装,服装服装,8125.29,9,73127.61,2025/03/02,西南,信用卡,completed,28,女
ORD008775,北面冲锋衣,服装,服装服装,8847.21,1,8847.21,2025/01/03,东北,微信支付,pending,24,男
ORD008776,罗技 MX Master 3,电子产品,电子产品,7423.0,5,37115.0,2025/02/10,西南,支付宝,completed,30,女
ORD008777,H&M 连衣裙,服装,服装服装,1697.53,7,11882.71,2024/08/22,华北,银行卡,refunded,53,男
ORD008778,iPad Air,电子产品,电子产品,7354.72,4,29418.88,2024/09/07,华南,信用卡,pending,47,男
ORD008779,美的电饭煲,家居,家居家居,8967.18,6,53803.08,2025/04/08,华东,微信支付,pending,46,
ORD008780,农夫山泉,食品,食品食品,6967.38,2,13934.76,2024/11/26,华北,微信支付,cancelled,51,
ORD008781,Kindle Paperwhite,电子产品,电子产品,1965.75,10,19657.5,2024/09/09,华北,信用卡,completed,65,
ORD008782,Python编程从入门到实践,图书,图书图书,9489.5,4,37958.0,2024/04/28,华南,银行卡,refunded,53,女
ORD008783,Python编程从入门到实践,图书,图书图书,7475.83,8,59806.64,2024/08/12,华东,支付宝,completed,56,
ORD008784,德芙巧克力,食品,食品食品,8184.81,1,8184.81,2024/11/27,华东,信用卡,pending,53,
ORD008785,Apple Watch,电子产品,电子产品,7614.23,6,45685.38,2024/08/11,华东,微信支付,refunded,34,男
ORD008786,优衣库羽绒服,服装,服装服装,8206.36,10,82063.6,2024/10/22,西南,微信支付,pending,52,
ORD008787,优衣库羽绒服,服装,服装服装,6905.42,5,34527.1,2025/02/20,华中,支付宝,refunded,50,男
ORD008788,深入理解计算机系统,图书,图书图书,737.63,7,5163.41,2024/08/02,华南,信用卡,completed,27,
ORD008789,三体全集,图书,图书图书,9590.51,1,9590.51,2024/08/14,东北,微信支付,refunded,46,女
ORD008790,德芙巧克力,食品,食品食品,9748.1,3,29244.3,2024/08/06,西南,支付宝,completed,47,女
ORD008791,百威啤酒,食品,食品食品,5424.73,7,37973.11,2024/09/25,西南,信用卡,completed,52,男
ORD008792,MacBook Air,电子产品,电子产品,6523.76,7,45666.32,2024/06/11,西北,信用卡,cancelled,51,
ORD008793,思考快与慢,图书,图书图书,5533.65,8,44269.2,2025/05/26,东北,微信支付,completed,34,
ORD008794,MacBook Air,电子产品,电子产品,3917.91,5,19589.55,2024/01/16,华北,支付宝,pending,34,男
ORD008795,Dell XPS 15,电子产品,电子产品,953.47,10,9534.7,2024/03/06,华南,微信支付,pending,58,
ORD008796,蒙牛纯牛奶,食品,食品食品,6421.05,8,51368.4,2024/01/28,西南,微信支付,pending,18,女
ORD008797,Sony WH-1000XM5,电子产品,电子产品,1691.8,8,13534.4,2024/12/27,东北,银行卡,completed,63,男
ORD008798,德芙巧克力,食品,食品食品,3743.04,1,3743.04,2024/10/15,华中,微信支付,completed,44,男
ORD008799,Sony WH-1000XM5,电子产品,电子产品,9925.41,1,9925.41,2025/02/03,东北,微信支付,refunded,34,女
ORD008800,AirPods Pro,电子产品,电子产品,3426.91,4,13707.64,2024/09/14,西北,支付宝,completed,54,女
ORD008801,思考快与慢,图书,图书图书,2919.66,4,11678.64,2025/03/22,华南,信用卡,pending,54,男
ORD008802,农夫山泉,食品,食品食品,8141.95,3,24425.85,2025/01/05,西北,银行卡,completed,50,女
ORD008803,星巴克咖啡豆,食品,食品食品,2242.15,4,8968.6,2024/08/22,华南,支付宝,completed,23,男
ORD008804,深入理解计算机系统,图书,图书图书,6007.91,7,42055.37,2024/03/01,华南,微信支付,completed,41,男
ORD008805,戴森吸尘器,家居,家居家居,7916.57,1,7916.57,2024/12/11,华东,银行卡,pending,38,女
ORD008806,H&M 连衣裙,服装,服装服装,3451.86,6,20711.16,2025/04/26,华东,银行卡,completed,21,男
ORD008807,九阳豆浆机,家居,家居家居,3291.8,7,23042.6,2025/01/30,西南,银行卡,completed,30,男
ORD008808,深入理解计算机系统,图书,图书图书,2337.88,3,7013.64,2024/06/13,西北,支付宝,completed,61,女
ORD008809,深入理解计算机系统,图书,图书图书,6017.96,2,12035.92,2024/08/24,东北,银行卡,completed,49,男
ORD008810,Adidas Ultraboost,服装,服装服装,3980.01,5,19900.05,2024/12/02,西北,支付宝,completed,30,女
ORD008811,原则,图书,图书图书,2134.11,10,21341.1,2024/01/22,华东,信用卡,cancelled,25,女
ORD008812,九阳豆浆机,家居,家居家居,6288.09,2,12576.18,2025/02/01,华南,银行卡,completed,35,
ORD008813,良品铺子零食包,食品,食品食品,9399.45,4,37597.8,2024/01/27,东北,信用卡,completed,22,男
ORD008814,Zara 西装外套,服装,服装服装,9066.49,2,18132.98,2024/07/29,华东,信用卡,refunded,63,女
ORD008815,Levi's 501,服装,服装服装,9656.8,8,77254.4,2024/10/12,西南,微信支付,completed,19,男
ORD008816,罗技 MX Master 3,电子产品,电子产品,9398.53,7,65789.71,2024/12/23,西北,支付宝,cancelled,52,男
ORD008817,罗技 MX Master 3,电子产品,电子产品,8259.78,2,16519.56,2024/05/15,西南,银行卡,completed,24,男
ORD008818,农夫山泉,食品,食品食品,9622.1,5,48110.5,2024/05/19,西北,信用卡,pending,23,女
ORD008819,Zara 西装外套,服装,服装服装,5351.07,9,48159.63,2025/04/21,西南,支付宝,completed,26,
ORD008820,Python编程从入门到实践,图书,图书图书,3084.16,6,18504.96,2024/02/12,华北,支付宝,refunded,21,男
ORD008821,算法导论,图书,图书图书,3270.85,7,22895.95,2025/01/09,华北,微信支付,completed,35,女
ORD008822,茅台酒,食品,食品食品,6561.19,4,26244.76,2024/02/19,华东,信用卡,completed,52,男
ORD008823,Adidas Ultraboost,服装,服装服装,4537.41,3,13612.23,2024/07/06,西北,信用卡,pending,39,女
ORD008824,iPad Air,电子产品,电子产品,9924.51,7,69471.57,2024/02/13,华北,信用卡,completed,37,男
ORD008825,戴森吸尘器,家居,家居家居,5858.59,9,52727.31,2024/08/27,华东,银行卡,pending,34,
ORD008826,三只松鼠坚果礼盒,食品,食品食品,1029.55,1,1029.55,2025/04/30,华北,银行卡,refunded,63,男
ORD008827,星巴克咖啡豆,食品,食品食品,5429.07,6,32574.42,2025/01/28,华东,支付宝,pending,52,男
ORD008828,Sony WH-1000XM5,电子产品,电子产品,440.68,8,3525.44,2025/03/01,华中,银行卡,refunded,65,男
ORD008829,美的电饭煲,家居,家居家居,1926.39,8,15411.12,2024/12/04,西南,信用卡,completed,47,男
ORD008830,罗技 MX Master 3,电子产品,电子产品,3205.99,4,12823.96,2025/06/01,西北,信用卡,completed,19,男
ORD008831,Sony WH-1000XM5,电子产品,电子产品,4805.65,2,9611.3,2025/01/02,东北,银行卡,completed,42,男
ORD008832,iPhone 15,电子产品,电子产品,2475.58,9,22280.22,2024/12/20,华北,微信支付,completed,60,
ORD008833,优衣库羽绒服,服装,服装服装,774.1,10,7741.0,2024/12/03,华东,支付宝,completed,57,男
ORD008834,New Balance 574,服装,服装服装,5170.57,3,15511.71,2024/09/15,西北,信用卡,completed,49,男
ORD008835,蒙牛纯牛奶,食品,食品食品,2501.35,9,22512.15,2025/05/17,东北,微信支付,completed,48,男
ORD008836,Kindle Paperwhite,电子产品,电子产品,8498.83,3,25496.49,2025/01/20,西北,支付宝,completed,52,女
ORD008837,Adidas Ultraboost,服装,服装服装,5034.85,2,10069.7,2025/03/04,西北,微信支付,completed,36,女
ORD008838,MacBook Air,电子产品,电子产品,5542.2,2,11084.4,2024/02/29,西南,信用卡,pending,21,
ORD008839,MacBook Air,电子产品,电子产品,4202.83,4,16811.32,2025/01/12,西北,支付宝,pending,55,女
ORD008840,Apple Watch,电子产品,电子产品,9886.71,5,49433.55,2024/05/08,西南,支付宝,completed,21,男
ORD008841,Adidas Ultraboost,服装,服装服装,2720.83,4,10883.32,2024/01/06,西北,银行卡,pending,32,
ORD008842,原则,图书,图书图书,118.15,4,472.6,2024/05/15,西南,微信支付,completed,47,女
ORD008843,蒙牛纯牛奶,食品,食品食品,6753.34,1,6753.34,2024/02/10,东北,支付宝,completed,18,女
ORD008844,Adidas Ultraboost,服装,服装服装,7834.47,5,39172.35,2025/01/29,东北,微信支付,completed,30,男
ORD008845,Nike Air Max,服装,服装服装,97.68,6,586.08,2024/08/02,华南,信用卡,pending,24,
ORD008846,蒙牛纯牛奶,食品,食品食品,5614.97,10,56149.7,2025/02/22,西北,信用卡,completed,64,女
ORD008847,网易严选床垫,家居,家居家居,3471.59,8,27772.72,2025/02/24,华南,银行卡,completed,42,女
ORD008848,Dell XPS 15,电子产品,电子产品,3230.74,3,9692.22,2025/05/18,华中,银行卡,completed,33,女
ORD008849,蒙牛纯牛奶,食品,食品食品,2183.78,1,2183.78,2024/12/28,华南,微信支付,completed,36,女
ORD008850,网易严选床垫,家居,家居家居,6100.47,4,24401.88,2024/09/05,华北,信用卡,cancelled,59,
ORD008851,小米台灯,家居,家居家居,2060.7,5,10303.5,2024/06/10,华北,微信支付,completed,54,女
ORD008852,H&M 连衣裙,服装,服装服装,2376.37,1,2376.37,2024/10/18,华南,微信支付,completed,45,女
ORD008853,北面冲锋衣,服装,服装服装,2357.3,10,23573.0,2024/06/14,东北,银行卡,completed,61,女
ORD008854,宜家书架,家居,家居家居,6658.11,4,26632.44,2025/03/06,西南,微信支付,completed,59,男
ORD008855,德芙巧克力,食品,食品食品,810.15,10,8101.5,2024/11/01,华北,微信支付,completed,39,男
ORD008856,戴森吸尘器,家居,家居家居,8912.73,1,8912.73,2025/04/16,西北,银行卡,completed,38,女
ORD008857,茅台酒,食品,食品食品,3623.02,2,7246.04,2025/02/05,西北,微信支付,completed,21,女
ORD008858,MacBook Air,电子产品,电子产品,513.23,9,4619.07,2025/02/08,东北,微信支付,completed,55,
ORD008859,德芙巧克力,食品,食品食品,4491.74,7,31442.18,2025/05/31,华东,微信支付,completed,31,女
ORD008860,Apple Watch,电子产品,电子产品,8059.25,5,40296.25,2025/04/23,东北,信用卡,completed,31,男
ORD008861,Apple Watch,电子产品,电子产品,6449.85,6,38699.1,2024/06/29,华中,银行卡,refunded,22,女
ORD008862,三体全集,图书,图书图书,3687.64,5,18438.2,2025/03/08,华北,微信支付,pending,27,男
ORD008863,Zara 西装外套,服装,服装服装,6962.43,6,41774.58,2024/11/03,东北,支付宝,completed,40,男
ORD008864,优衣库羽绒服,服装,服装服装,5472.27,7,38305.89,2025/04/09,华东,信用卡,completed,40,
ORD008865,Python编程从入门到实践,图书,图书图书,1474.37,9,13269.33,2024/07/29,华中,银行卡,cancelled,44,男
ORD008866,戴森吸尘器,家居,家居家居,4305.17,2,8610.34,2024/06/19,西北,银行卡,completed,61,女
ORD008867,Kindle Paperwhite,电子产品,电子产品,2913.46,7,20394.22,2024/06/06,华北,微信支付,completed,27,女
ORD008868,Samsung Galaxy S24,电子产品,电子产品,7450.95,5,37254.75,2025/02/06,华东,信用卡,pending,60,男
ORD008869,算法导论,图书,图书图书,7633.08,5,38165.4,2025/01/26,华东,微信支付,completed,18,男
ORD008870,三只松鼠坚果礼盒,食品,食品食品,3786.19,4,15144.76,2025/04/23,华南,银行卡,pending,28,
ORD008871,Adidas Ultraboost,服装,服装服装,3658.92,1,3658.92,2025/01/16,华北,信用卡,completed,45,女
ORD008872,宜家书架,家居,家居家居,295.35,7,2067.45,2024/10/13,西北,支付宝,pending,18,男
ORD008873,九阳豆浆机,家居,家居家居,7108.5,1,7108.5,2024/02/03,华东,支付宝,cancelled,37,男
ORD008874,New Balance 574,服装,服装服装,613.2,9,5518.8,2024/10/21,华中,微信支付,completed,59,男
ORD008875,罗技 MX Master 3,电子产品,电子产品,3033.57,5,15167.85,2024/05/05,华东,银行卡,completed,62,女
ORD008876,优衣库羽绒服,服装,服装服装,2854.34,2,5708.68,2024/10/23,华东,银行卡,completed,56,男
ORD008877,iPad Air,电子产品,电子产品,1788.02,7,12516.14,2024/06/17,西北,信用卡,cancelled,46,女
ORD008878,思考快与慢,图书,图书图书,7971.16,2,15942.32,2025/05/30,华南,微信支付,completed,65,
ORD008879,茅台酒,食品,食品食品,7126.04,3,21378.12,2024/05/01,华中,支付宝,completed,53,女
ORD008880,网易严选床垫,家居,家居家居,8619.83,6,51718.98,2025/01/24,华东,银行卡,pending,27,女
ORD008881,九阳豆浆机,家居,家居家居,8107.81,9,72970.29,2025/03/15,华北,微信支付,pending,26,
ORD008882,Levi's 501,服装,服装服装,5201.43,2,10402.86,2024/04/26,东北,信用卡,completed,30,男
ORD008883,九阳豆浆机,家居,家居家居,6127.51,2,12255.02,2025/01/28,华中,支付宝,completed,61,女
ORD008884,Levi's 501,服装,服装服装,5726.53,4,22906.12,2025/05/31,华北,微信支付,completed,31,男
ORD008885,深入理解计算机系统,图书,图书图书,7718.39,6,46310.34,2025/04/04,东北,支付宝,refunded,19,
ORD008886,良品铺子零食包,食品,食品食品,8359.06,4,33436.24,2024/02/18,华南,微信支付,completed,24,男
ORD008887,原则,图书,图书图书,2692.07,8,21536.56,2025/01/30,华南,微信支付,cancelled,31,女
ORD008888,小米台灯,家居,家居家居,3750.91,1,3750.91,2024/08/01,华南,银行卡,completed,19,
ORD008889,Adidas Ultraboost,服装,服装服装,4092.46,3,12277.38,2024/03/26,西北,信用卡,cancelled,36,
ORD008890,戴森吸尘器,家居,家居家居,9984.37,6,59906.22,2024/04/13,华南,银行卡,pending,57,
ORD008891,Dell XPS 15,电子产品,电子产品,6271.82,2,12543.64,2024/04/19,东北,银行卡,pending,61,男
ORD008892,网易严选床垫,家居,家居家居,6293.82,9,56644.38,2025/03/22,华中,微信支付,completed,24,
ORD008893,Dell XPS 15,电子产品,电子产品,8271.03,8,66168.24,2024/06/29,华中,信用卡,completed,41,女
ORD008894,New Balance 574,服装,服装服装,3269.6,7,22887.2,2025/03/30,华东,信用卡,pending,40,男
ORD008895,茅台酒,食品,食品食品,3037.11,3,9111.33,2024/05/05,华北,信用卡,completed,50,女
ORD008896,MacBook Air,电子产品,电子产品,7329.82,3,21989.46,2024/01/10,华东,信用卡,cancelled,47,
ORD008897,New Balance 574,服装,服装服装,1446.62,9,13019.58,2024/07/08,西南,支付宝,completed,52,男
ORD008898,MacBook Air,电子产品,电子产品,2245.77,8,17966.16,2025/01/28,华南,银行卡,completed,45,女
ORD008899,蒙牛纯牛奶,食品,食品食品,834.58,1,834.58,2024/10/31,华东,微信支付,completed,24,男
ORD008900,宜家书架,家居,家居家居,9325.99,9,83933.91,2024/05/18,华中,支付宝,cancelled,60,
ORD008901,MacBook Air,电子产品,电子产品,8462.11,6,50772.66,2024/12/18,东北,银行卡,completed,28,
ORD008902,北面冲锋衣,服装,服装服装,9750.89,3,29252.67,2024/06/26,华北,支付宝,completed,63,女
ORD008903,人类简史,图书,图书图书,5646.69,2,11293.38,2024/07/30,东北,信用卡,pending,55,
ORD008904,人类简史,图书,图书图书,4422.79,6,26536.74,2024/07/18,华南,微信支付,completed,22,
ORD008905,Python编程从入门到实践,图书,图书图书,7818.65,6,46911.9,2024/12/09,华中,银行卡,completed,60,
ORD008906,百威啤酒,食品,食品食品,638.23,8,5105.84,2024/11/20,华东,信用卡,completed,45,男
ORD008907,小米台灯,家居,家居家居,9307.17,1,9307.17,2025/03/19,西南,信用卡,cancelled,49,
ORD008908,小米台灯,家居,家居家居,5576.35,9,50187.15,2024/11/16,华南,信用卡,completed,36,女
ORD008909,茅台酒,食品,食品食品,5364.93,8,42919.44,2025/02/05,西北,微信支付,pending,44,
ORD008910,小熊加湿器,家居,家居家居,2501.52,8,20012.16,2025/05/31,华东,银行卡,completed,63,女
ORD008911,美的电饭煲,家居,家居家居,2457.48,4,9829.92,2025/05/01,东北,银行卡,pending,20,女
ORD008912,Adidas Ultraboost,服装,服装服装,1083.38,2,2166.76,2024/12/16,华中,信用卡,completed,50,
ORD008913,茅台酒,食品,食品食品,4226.59,7,29586.13,2024/11/25,西北,微信支付,completed,63,
ORD008914,九阳豆浆机,家居,家居家居,2665.74,5,13328.7,2024/10/06,西北,支付宝,completed,54,
ORD008915,算法导论,图书,图书图书,4798.82,2,9597.64,2025/04/02,华北,信用卡,completed,54,女
ORD008916,北面冲锋衣,服装,服装服装,8386.6,4,33546.4,2024/12/10,华东,银行卡,completed,35,男
ORD008917,Kindle Paperwhite,电子产品,电子产品,5807.06,6,34842.36,2024/03/12,东北,微信支付,pending,35,男
ORD008918,Levi's 501,服装,服装服装,6600.29,9,59402.61,2024/09/16,华南,银行卡,refunded,38,男
ORD008919,iPhone 15,电子产品,电子产品,6179.62,2,12359.24,2024/12/27,华北,微信支付,completed,59,女
ORD008920,iPad Air,电子产品,电子产品,6922.92,1,6922.92,2024/04/05,华北,微信支付,completed,27,男
ORD008921,原则,图书,图书图书,1051.37,2,2102.74,2024/08/09,华东,信用卡,refunded,58,女
ORD008922,MacBook Air,电子产品,电子产品,4304.4,10,43044.0,2024/07/29,华中,银行卡,completed,51,
ORD008923,星巴克咖啡豆,食品,食品食品,4841.04,8,38728.32,2024/12/09,华中,支付宝,completed,45,
ORD008924,New Balance 574,服装,服装服装,867.09,3,2601.27,2025/05/30,西南,支付宝,cancelled,30,
ORD008925,人类简史,图书,图书图书,6176.92,6,37061.52,2024/07/28,西南,微信支付,pending,50,男
ORD008926,人类简史,图书,图书图书,7777.27,3,23331.81,2025/03/31,华东,支付宝,completed,41,
ORD008927,三只松鼠坚果礼盒,食品,食品食品,5102.01,3,15306.03,2024/02/29,华东,银行卡,cancelled,54,女
ORD008928,H&M 连衣裙,服装,服装服装,1306.4,6,7838.4,2025/02/03,东北,支付宝,completed,48,
ORD008929,Kindle Paperwhite,电子产品,电子产品,8552.49,10,85524.9,2024/04/22,东北,支付宝,completed,36,女
ORD008930,三体全集,图书,图书图书,8411.33,4,33645.32,2024/06/22,华南,银行卡,completed,38,
ORD008931,农夫山泉,食品,食品食品,9840.69,7,68884.83,2024/12/13,华东,微信支付,cancelled,37,女
ORD008932,戴森吸尘器,家居,家居家居,8533.95,1,8533.95,2024/08/22,华中,银行卡,completed,40,
ORD008933,小熊加湿器,家居,家居家居,1947.41,8,15579.28,2024/08/30,东北,银行卡,completed,52,女
ORD008934,北面冲锋衣,服装,服装服装,2084.75,10,20847.5,2025/01/24,华东,银行卡,completed,39,
ORD008935,人类简史,图书,图书图书,4246.75,10,42467.5,2024/07/28,华东,银行卡,pending,22,女
ORD008936,思考快与慢,图书,图书图书,3178.3,8,25426.4,2025/01/28,华中,支付宝,cancelled,31,
ORD008937,Nike Air Max,服装,服装服装,5427.89,9,48851.01,2024/03/13,华北,微信支付,pending,65,女
ORD008938,网易严选床垫,家居,家居家居,4774.02,5,23870.1,2024/11/26,西南,信用卡,completed,39,
ORD008939,小米台灯,家居,家居家居,2257.63,3,6772.89,2024/10/09,华北,银行卡,refunded,47,男
ORD008940,宜家书架,家居,家居家居,4341.96,7,30393.72,2024/06/05,华南,支付宝,completed,25,女
ORD008941,Adidas Ultraboost,服装,服装服装,9057.53,7,63402.71,2024/07/04,华南,银行卡,completed,56,
ORD008942,原则,图书,图书图书,5579.88,1,5579.88,2024/04/03,西南,支付宝,completed,61,
ORD008943,Nike Air Max,服装,服装服装,7050.5,6,42303.0,2025/02/19,华南,银行卡,pending,35,男
ORD008944,深入理解计算机系统,图书,图书图书,2719.88,1,2719.88,2025/04/26,华南,银行卡,cancelled,48,女
ORD008945,Apple Watch,电子产品,电子产品,3029.19,4,12116.76,2025/04/01,华东,银行卡,completed,53,男
ORD008946,罗技 MX Master 3,电子产品,电子产品,263.68,1,263.68,2024/07/25,华东,信用卡,completed,35,女
ORD008947,蒙牛纯牛奶,食品,食品食品,4894.68,8,39157.44,2025/05/31,华北,支付宝,completed,63,女
ORD008948,深入理解计算机系统,图书,图书图书,8192.87,1,8192.87,2024/10/30,西北,信用卡,refunded,30,女
ORD008949,AirPods Pro,电子产品,电子产品,656.06,7,4592.42,2025/03/01,西北,银行卡,completed,58,女
ORD008950,优衣库羽绒服,服装,服装服装,1641.44,4,6565.76,2024/05/03,西北,支付宝,completed,51,
ORD008951,Python编程从入门到实践,图书,图书图书,8096.55,3,24289.65,2024/04/04,东北,支付宝,completed,35,
ORD008952,Samsung Galaxy S24,电子产品,电子产品,2139.05,3,6417.15,2024/04/26,西南,信用卡,completed,61,女
ORD008953,Levi's 501,服装,服装服装,9713.96,3,29141.88,2024/06/28,东北,信用卡,cancelled,40,女
ORD008954,Nike Air Max,服装,服装服装,8626.16,8,69009.28,2024/07/04,西南,微信支付,refunded,37,女
ORD008955,戴森吸尘器,家居,家居家居,3591.88,4,14367.52,2024/05/14,华东,信用卡,cancelled,33,女
ORD008956,戴森吸尘器,家居,家居家居,7138.31,4,28553.24,2025/01/15,华北,银行卡,completed,39,男
ORD008957,New Balance 574,服装,服装服装,1543.58,2,3087.16,2024/11/11,西南,信用卡,completed,26,女
ORD008958,Adidas Ultraboost,服装,服装服装,183.62,9,1652.58,2024/05/16,西北,支付宝,completed,63,
ORD008959,Sony WH-1000XM5,电子产品,电子产品,8047.36,10,80473.6,2024/01/22,华北,信用卡,completed,38,男
ORD008960,百威啤酒,食品,食品食品,9141.43,7,63990.01,2025/02/18,西南,银行卡,completed,62,女
ORD008961,美的电饭煲,家居,家居家居,3374.02,4,13496.08,2024/04/19,华中,支付宝,completed,35,
ORD008962,优衣库羽绒服,服装,服装服装,211.94,5,1059.7,2024/09/18,西南,信用卡,completed,25,女
ORD008963,MacBook Air,电子产品,电子产品,1955.19,7,13686.33,2025/04/07,华东,微信支付,cancelled,29,女
ORD008964,三只松鼠坚果礼盒,食品,食品食品,2101.84,6,12611.04,2024/03/25,东北,银行卡,cancelled,44,男
ORD008965,德芙巧克力,食品,食品食品,8385.92,8,67087.36,2024/04/18,华南,微信支付,completed,63,男
ORD008966,Python编程从入门到实践,图书,图书图书,5033.63,7,35235.41,2024/12/18,西北,银行卡,pending,63,男
ORD008967,茅台酒,食品,食品食品,5151.65,1,5151.65,2025/02/05,华北,银行卡,cancelled,45,女
ORD008968,思考快与慢,图书,图书图书,9298.97,6,55793.82,2025/04/22,华南,银行卡,completed,60,男
ORD008969,人类简史,图书,图书图书,6247.13,10,62471.3,2024/10/18,东北,银行卡,completed,44,
ORD008970,戴森吸尘器,家居,家居家居,7880.89,5,39404.45,2024/09/17,华东,支付宝,cancelled,25,男
ORD008971,美的电饭煲,家居,家居家居,9491.38,7,66439.66,2025/05/25,华北,支付宝,completed,47,女
ORD008972,深入理解计算机系统,图书,图书图书,9354.92,10,93549.2,2024/07/14,华南,银行卡,pending,45,女
ORD008973,算法导论,图书,图书图书,341.3,1,341.3,2025/01/01,华南,微信支付,completed,62,女
ORD008974,农夫山泉,食品,食品食品,5476.58,10,54765.8,2024/01/31,华中,信用卡,completed,58,女
ORD008975,Zara 西装外套,服装,服装服装,8660.72,3,25982.16,2024/02/06,华东,银行卡,completed,24,男
ORD008976,星巴克咖啡豆,食品,食品食品,7747.2,8,61977.6,2024/01/20,华东,信用卡,completed,51,女
ORD008977,小米台灯,家居,家居家居,6156.57,5,30782.85,2024/02/09,华北,信用卡,completed,64,男
ORD008978,农夫山泉,食品,食品食品,3079.22,8,24633.76,2025/02/10,西南,信用卡,completed,27,女
ORD008979,人类简史,图书,图书图书,6132.37,2,12264.74,2024/09/04,华中,微信支付,completed,25,女
ORD008980,Nike Air Max,服装,服装服装,8079.2,5,40396.0,2024/06/10,西北,信用卡,completed,55,
ORD008981,人类简史,图书,图书图书,7843.95,4,31375.8,2024/01/28,华北,银行卡,completed,26,男
ORD008982,三只松鼠坚果礼盒,食品,食品食品,3978.06,4,15912.24,2024/06/28,东北,信用卡,completed,32,
ORD008983,Kindle Paperwhite,电子产品,电子产品,2408.85,3,7226.55,2025/03/22,华北,银行卡,completed,33,
ORD008984,人类简史,图书,图书图书,3122.32,10,31223.2,2025/01/21,西北,银行卡,refunded,25,
ORD008985,三只松鼠坚果礼盒,食品,食品食品,2670.09,9,24030.81,2025/05/14,华东,微信支付,pending,58,女
ORD008986,优衣库羽绒服,服装,服装服装,3159.94,6,18959.64,2024/06/27,华中,支付宝,pending,46,
ORD008987,Dell XPS 15,电子产品,电子产品,8787.39,5,43936.95,2025/04/08,华东,微信支付,cancelled,32,男
ORD008988,Zara 西装外套,服装,服装服装,9598.15,6,57588.9,2024/03/16,西北,微信支付,completed,24,
ORD008989,Zara 西装外套,服装,服装服装,7389.15,5,36945.75,2024/10/24,西北,支付宝,pending,35,
ORD008990,小熊加湿器,家居,家居家居,7915.13,6,47490.78,2025/01/13,华北,银行卡,cancelled,18,女
ORD008991,小熊加湿器,家居,家居家居,813.83,9,7324.47,2025/05/04,华南,支付宝,completed,18,
ORD008992,戴森吸尘器,家居,家居家居,3995.62,9,35960.58,2025/03/30,华中,银行卡,completed,61,
ORD008993,三体全集,图书,图书图书,9615.52,9,86539.68,2024/09/17,华南,微信支付,refunded,19,男
ORD008994,iPhone 15,电子产品,电子产品,1990.27,10,19902.7,2025/01/03,华东,银行卡,refunded,50,
ORD008995,Samsung Galaxy S24,电子产品,电子产品,6041.99,8,48335.92,2024/04/18,西南,微信支付,pending,48,
ORD008996,Python编程从入门到实践,图书,图书图书,1671.43,4,6685.72,2024/01/27,东北,微信支付,completed,25,
ORD008997,人类简史,图书,图书图书,-4704.88,6,-28229.28,2024/03/10,东北,信用卡,completed,57,
ORD008998,三只松鼠坚果礼盒,食品,食品食品,9315.76,4,37263.04,2024/04/20,东北,银行卡,completed,41,女
ORD008999,Zara 西装外套,服装,服装服装,9380.53,9,84424.77,2025/01/25,华中,支付宝,pending,45,男
ORD009000,茅台酒,食品,食品食品,985.3,7,6897.1,2025/04/20,西北,信用卡,completed,58,男
ORD009001,美的电饭煲,家居,家居家居,4816.26,8,38530.08,2025/04/25,西南,银行卡,completed,61,
ORD009002,小米台灯,家居,家居家居,2273.61,9,20462.49,2024/08/02,华南,信用卡,completed,54,女
ORD009003,Zara 西装外套,服装,服装服装,6683.09,9,60147.81,2024/01/21,华南,银行卡,pending,35,女
ORD009004,Adidas Ultraboost,服装,服装服装,1788.36,3,5365.08,2024/12/18,华东,微信支付,completed,35,女
ORD009005,MacBook Air,电子产品,电子产品,5909.58,3,17728.74,2024/02/28,华北,信用卡,completed,47,男
ORD009006,Samsung Galaxy S24,电子产品,电子产品,1883.31,3,5649.93,2024/12/11,东北,支付宝,completed,24,
ORD009007,Python编程从入门到实践,图书,图书图书,2426.37,2,4852.74,2024/12/28,华东,支付宝,pending,64,男
ORD009008,iPad Air,电子产品,电子产品,8790.54,5,43952.7,2024/06/25,华中,银行卡,completed,42,
ORD009009,北面冲锋衣,服装,服装服装,9958.25,1,9958.25,2024/10/05,东北,信用卡,cancelled,50,男
ORD009010,Adidas Ultraboost,服装,服装服装,2698.48,2,5396.96,2024/04/01,西南,银行卡,completed,26,男
ORD009011,星巴克咖啡豆,食品,食品食品,9534.85,10,95348.5,2024/03/16,华北,银行卡,completed,56,女
ORD009012,百威啤酒,食品,食品食品,1854.16,6,11124.96,2025/05/28,华北,支付宝,pending,59,女
ORD009013,AirPods Pro,电子产品,电子产品,50.84,3,152.52,2024/02/10,东北,支付宝,pending,33,女
ORD009014,原则,图书,图书图书,4750.89,3,14252.67,2024/04/28,华北,信用卡,completed,52,女
ORD009015,三体全集,图书,图书图书,5290.78,7,37035.46,2025/01/04,华中,银行卡,completed,22,女
ORD009016,New Balance 574,服装,服装服装,9829.87,8,78638.96,2024/07/19,东北,微信支付,pending,34,男
ORD009017,算法导论,图书,图书图书,5370.14,9,48331.26,2024/04/14,华南,信用卡,pending,46,
ORD009018,深入理解计算机系统,图书,图书图书,5426.31,3,16278.93,2025/04/04,华南,微信支付,cancelled,40,
ORD009019,戴森吸尘器,家居,家居家居,4674.86,3,14024.58,2024/06/23,华北,信用卡,completed,36,女
ORD009020,MacBook Air,电子产品,电子产品,8108.92,2,16217.84,2024/07/09,华南,信用卡,completed,42,男
ORD009021,Kindle Paperwhite,电子产品,电子产品,5085.46,10,50854.6,2024/03/12,东北,信用卡,completed,25,男
ORD009022,宜家书架,家居,家居家居,7676.2,10,76762.0,2024/11/08,华东,银行卡,completed,47,男
ORD009023,星巴克咖啡豆,食品,食品食品,4028.36,9,36255.24,2024/05/02,东北,银行卡,completed,19,男
ORD009024,蒙牛纯牛奶,食品,食品食品,2276.01,4,9104.04,2025/02/08,西南,信用卡,refunded,35,男
ORD009025,农夫山泉,食品,食品食品,7990.18,5,39950.9,2025/03/24,西北,信用卡,pending,36,
ORD009026,Zara 西装外套,服装,服装服装,9381.49,1,9381.49,2025/06/01,西南,微信支付,completed,58,
ORD009027,Python编程从入门到实践,图书,图书图书,1342.67,6,8056.02,2024/09/08,华东,银行卡,pending,46,女
ORD009028,原则,图书,图书图书,2786.1,9,25074.9,2025/05/05,华南,微信支付,completed,21,
ORD009029,美的电饭煲,家居,家居家居,4742.49,5,23712.45,2024/05/29,东北,信用卡,completed,31,男
ORD009030,深入理解计算机系统,图书,图书图书,9167.56,9,82508.04,2024/09/20,华南,信用卡,pending,27,女
ORD009031,Python编程从入门到实践,图书,图书图书,7516.53,6,45099.18,2025/04/11,华南,银行卡,completed,59,
ORD009032,戴森吸尘器,家居,家居家居,9779.91,8,78239.28,2024/08/03,西北,银行卡,pending,44,
ORD009033,宜家书架,家居,家居家居,7629.62,1,7629.62,2024/06/01,华南,信用卡,refunded,64,男
ORD009034,原则,图书,图书图书,413.92,5,2069.6,2025/01/23,华中,支付宝,completed,49,
ORD009035,MacBook Air,电子产品,电子产品,3637.43,7,25462.01,2024/05/29,西南,微信支付,completed,47,女
ORD009036,MacBook Air,电子产品,电子产品,3494.89,10,34948.9,2024/04/16,华北,银行卡,completed,19,男
ORD009037,New Balance 574,服装,服装服装,8767.08,1,8767.08,2025/04/02,西北,银行卡,refunded,37,
ORD009038,百威啤酒,食品,食品食品,3799.2,5,18996.0,2025/05/16,华南,信用卡,completed,53,
ORD009039,九阳豆浆机,家居,家居家居,7757.82,10,77578.2,2025/02/05,华中,微信支付,completed,33,
ORD009040,iPad Air,电子产品,电子产品,4195.05,7,29365.35,2024/11/16,东北,支付宝,completed,19,男
ORD009041,Python编程从入门到实践,图书,图书图书,4907.0,6,29442.0,2024/02/10,西北,支付宝,completed,56,
ORD009042,网易严选床垫,家居,家居家居,4598.89,4,18395.56,2025/04/30,华中,微信支付,completed,27,
ORD009043,三体全集,图书,图书图书,964.64,4,3858.56,2025/05/21,华南,支付宝,completed,37,
ORD009044,Levi's 501,服装,服装服装,2496.86,2,4993.72,2024/06/21,西北,银行卡,refunded,37,女
ORD009045,三体全集,图书,图书图书,9475.02,7,66325.14,2024/10/05,华南,微信支付,completed,58,女
ORD009046,蒙牛纯牛奶,食品,食品食品,8474.32,3,25422.96,2024/08/21,华东,银行卡,completed,52,
ORD009047,戴森吸尘器,家居,家居家居,1681.4,1,1681.4,2025/05/04,华中,支付宝,completed,49,女
ORD009048,九阳豆浆机,家居,家居家居,1477.32,10,14773.2,2024/06/18,华中,信用卡,refunded,60,女
ORD009049,小熊加湿器,家居,家居家居,1490.75,8,11926.0,2025/02/15,华东,银行卡,pending,65,
ORD009050,Zara 西装外套,服装,服装服装,9447.98,5,47239.9,2024/06/17,东北,银行卡,completed,29,男
ORD009051,德芙巧克力,食品,食品食品,8631.95,8,69055.6,2024/03/08,东北,支付宝,completed,54,
ORD009052,iPhone 15,电子产品,电子产品,7925.68,2,15851.36,2025/02/07,华中,信用卡,completed,44,
ORD009053,深入理解计算机系统,图书,图书图书,7979.85,8,63838.8,2025/05/04,华北,银行卡,pending,45,男
ORD009054,思考快与慢,图书,图书图书,8541.51,8,68332.08,2024/12/05,西南,银行卡,completed,46,
ORD009055,北面冲锋衣,服装,服装服装,9442.11,1,9442.11,2024/01/15,华东,信用卡,pending,39,
ORD009056,Apple Watch,电子产品,电子产品,9619.02,8,76952.16,2024/01/08,西南,微信支付,completed,39,女
ORD009057,三体全集,图书,图书图书,2836.94,10,28369.4,2025/05/10,西南,支付宝,refunded,31,男
ORD009058,三只松鼠坚果礼盒,食品,食品食品,5270.6,4,21082.4,2025/05/05,华中,微信支付,completed,56,男
ORD009059,思考快与慢,图书,图书图书,4532.58,9,40793.22,2024/05/06,华北,支付宝,refunded,36,女
ORD009060,Zara 西装外套,服装,服装服装,204.63,7,1432.41,2024/01/03,西北,银行卡,pending,33,女
ORD009061,小米台灯,家居,家居家居,8988.44,7,62919.08,2024/06/13,华东,银行卡,completed,27,
ORD009062,北面冲锋衣,服装,服装服装,1663.54,5,8317.7,2024/04/11,华中,银行卡,pending,32,男
ORD009063,人类简史,图书,图书图书,9078.93,7,63552.51,2025/03/31,华东,信用卡,pending,63,女
ORD009064,Nike Air Max,服装,服装服装,7269.32,8,58154.56,2025/05/23,东北,信用卡,completed,41,男
ORD009065,优衣库羽绒服,服装,服装服装,9178.95,5,45894.75,2025/02/05,华东,信用卡,completed,55,
ORD009066,iPad Air,电子产品,电子产品,2794.38,6,16766.28,2024/12/20,西南,支付宝,completed,58,男
ORD009067,北面冲锋衣,服装,服装服装,688.8,7,4821.6,2024/01/15,华东,微信支付,pending,52,
ORD009068,小熊加湿器,家居,家居家居,1276.87,10,12768.7,2024/01/28,华南,银行卡,pending,59,
ORD009069,Apple Watch,电子产品,电子产品,6574.79,8,52598.32,2024/01/17,华东,微信支付,completed,52,男
ORD009070,算法导论,图书,图书图书,3323.29,9,29909.61,2025/03/28,西北,微信支付,pending,53,
ORD009071,宜家书架,家居,家居家居,9948.54,4,39794.16,2024/02/04,西北,信用卡,refunded,24,女
ORD009072,Zara 西装外套,服装,服装服装,7410.01,9,66690.09,2024/11/26,华东,信用卡,pending,60,女
ORD009073,iPad Air,电子产品,电子产品,4452.83,1,4452.83,2024/10/10,华南,信用卡,completed,54,女
ORD009074,AirPods Pro,电子产品,电子产品,6671.57,7,46700.99,2024/01/12,华南,信用卡,completed,34,男
ORD009075,深入理解计算机系统,图书,图书图书,735.71,3,2207.13,2025/01/07,西南,微信支付,pending,34,女
ORD009076,Adidas Ultraboost,服装,服装服装,5032.03,7,35224.21,2024/06/02,华中,信用卡,completed,43,男
ORD009077,罗技 MX Master 3,电子产品,电子产品,1733.81,8,13870.48,2024/11/04,西北,银行卡,completed,37,女
ORD009078,Levi's 501,服装,服装服装,771.5,5,3857.5,2025/02/07,西北,银行卡,completed,25,女
ORD009079,三体全集,图书,图书图书,6820.88,7,47746.16,2024/01/04,华南,微信支付,pending,25,男
ORD009080,戴森吸尘器,家居,家居家居,8569.47,10,85694.7,2024/04/11,西南,支付宝,completed,43,
ORD009081,原则,图书,图书图书,8031.7,3,24095.1,2024/11/20,西北,微信支付,completed,40,女
ORD009082,Sony WH-1000XM5,电子产品,电子产品,9533.07,2,19066.14,2025/04/14,西南,信用卡,pending,55,
ORD009083,AirPods Pro,电子产品,电子产品,5925.59,8,47404.72,2025/05/10,华南,信用卡,completed,39,女
ORD009084,深入理解计算机系统,图书,图书图书,8689.37,10,86893.7,2025/04/03,华中,信用卡,completed,46,
ORD009085,戴森吸尘器,家居,家居家居,3078.95,4,12315.8,2025/03/02,华南,微信支付,completed,61,
ORD009086,三只松鼠坚果礼盒,食品,食品食品,5890.59,2,11781.18,2024/07/20,华北,信用卡,pending,53,
ORD009087,网易严选床垫,家居,家居家居,4636.94,2,9273.88,2024/03/31,东北,银行卡,completed,30,
ORD009088,茅台酒,食品,食品食品,2162.3,3,6486.9,2024/12/04,西北,微信支付,completed,33,女
ORD009089,Samsung Galaxy S24,电子产品,电子产品,9071.29,10,90712.9,2024/07/09,华东,银行卡,completed,41,
ORD009090,Dell XPS 15,电子产品,电子产品,8344.76,1,8344.76,2024/10/04,华南,银行卡,pending,33,女
ORD009091,美的电饭煲,家居,家居家居,2997.93,7,20985.51,2025/04/19,华中,信用卡,cancelled,55,
ORD009092,罗技 MX Master 3,电子产品,电子产品,9595.73,3,28787.19,2024/10/21,华北,支付宝,completed,25,
ORD009093,宜家书架,家居,家居家居,7578.91,8,60631.28,2024/04/07,华中,信用卡,completed,50,男
ORD009094,Dell XPS 15,电子产品,电子产品,649.64,1,649.64,2025/05/27,华南,信用卡,pending,34,女
ORD009095,优衣库羽绒服,服装,服装服装,1080.0,10,10800.0,2025/01/08,华北,信用卡,completed,41,
ORD009096,Dell XPS 15,电子产品,电子产品,9334.25,1,9334.25,2024/01/13,华中,微信支付,cancelled,44,女
ORD009097,美的电饭煲,家居,家居家居,6407.99,2,12815.98,2024/07/27,华中,微信支付,completed,57,男
ORD009098,原则,图书,图书图书,5617.93,1,5617.93,2024/08/26,华东,银行卡,completed,46,女
ORD009099,良品铺子零食包,食品,食品食品,5419.47,4,21677.88,2024/01/12,华南,支付宝,completed,34,女
ORD009100,九阳豆浆机,家居,家居家居,6669.03,4,26676.12,2024/01/03,西南,支付宝,completed,43,
ORD009101,H&M 连衣裙,服装,服装服装,1058.63,2,2117.26,2025/01/28,华北,微信支付,completed,45,男
ORD009102,New Balance 574,服装,服装服装,2250.78,6,13504.68,2024/10/06,东北,信用卡,completed,52,男
ORD009103,人类简史,图书,图书图书,7072.71,1,7072.71,2024/10/20,华北,银行卡,completed,40,男
ORD009104,iPhone 15,电子产品,电子产品,2791.76,5,13958.8,2024/06/04,西南,信用卡,completed,34,
ORD009105,北面冲锋衣,服装,服装服装,544.94,1,544.94,2024/06/21,华中,微信支付,completed,31,男
ORD009106,AirPods Pro,电子产品,电子产品,6059.83,7,42418.81,2024/01/13,华东,微信支付,completed,48,
ORD009107,H&M 连衣裙,服装,服装服装,551.77,4,2207.08,2024/01/30,西北,支付宝,completed,23,女
ORD009108,九阳豆浆机,家居,家居家居,2582.81,2,5165.62,2025/05/17,华中,支付宝,pending,27,男
ORD009109,Nike Air Max,服装,服装服装,4990.71,8,39925.68,2025/01/04,东北,信用卡,completed,63,女
ORD009110,人类简史,图书,图书图书,2546.01,7,17822.07,2024/11/17,华东,微信支付,pending,54,男
ORD009111,Python编程从入门到实践,图书,图书图书,9357.23,4,37428.92,2024/01/11,华北,信用卡,refunded,46,女
ORD009112,人类简史,图书,图书图书,6864.33,4,27457.32,2024/05/20,西南,银行卡,completed,36,
ORD009113,Nike Air Max,服装,服装服装,7525.97,4,30103.88,2025/02/23,西北,支付宝,completed,27,男
ORD009114,深入理解计算机系统,图书,图书图书,8559.44,6,51356.64,2025/01/23,华南,银行卡,completed,60,
ORD009115,三体全集,图书,图书图书,1680.76,3,5042.28,2025/05/31,华中,银行卡,completed,63,
ORD009116,Apple Watch,电子产品,电子产品,4839.04,5,24195.2,2024/07/20,华中,微信支付,completed,39,
ORD009117,Dell XPS 15,电子产品,电子产品,7936.1,3,23808.3,2025/01/13,东北,微信支付,pending,40,女
ORD009118,茅台酒,食品,食品食品,7661.77,6,45970.62,2024/03/19,西南,微信支付,completed,22,
ORD009119,思考快与慢,图书,图书图书,8982.15,6,53892.9,2024/07/04,华南,银行卡,pending,48,女
ORD009120,Samsung Galaxy S24,电子产品,电子产品,2214.1,4,8856.4,2025/01/27,华北,信用卡,cancelled,38,
ORD009121,原则,图书,图书图书,4895.24,10,48952.4,2024/04/22,华东,信用卡,completed,25,男
ORD009122,Nike Air Max,服装,服装服装,3370.62,9,30335.58,2024/01/24,东北,信用卡,completed,31,男
ORD009123,三体全集,图书,图书图书,6759.73,7,47318.11,2025/02/28,华北,支付宝,cancelled,65,
ORD009124,百威啤酒,食品,食品食品,6949.48,4,27797.92,2024/06/08,西北,银行卡,cancelled,38,女
ORD009125,H&M 连衣裙,服装,服装服装,3000.67,6,18004.02,2025/03/06,华北,银行卡,completed,53,
ORD009126,网易严选床垫,家居,家居家居,9027.62,9,81248.58,2024/06/18,华北,支付宝,refunded,31,女
ORD009127,小米台灯,家居,家居家居,8109.58,10,81095.8,2024/10/12,西南,银行卡,refunded,44,男
ORD009128,Adidas Ultraboost,服装,服装服装,4458.14,4,17832.56,2024/09/13,华中,银行卡,completed,60,女
ORD009129,宜家书架,家居,家居家居,2551.2,5,12756.0,2024/07/02,西北,支付宝,cancelled,30,女
ORD009130,三只松鼠坚果礼盒,食品,食品食品,3521.81,9,31696.29,2024/12/01,华东,银行卡,completed,61,女
ORD009131,iPad Air,电子产品,电子产品,1172.14,4,4688.56,2024/12/26,华中,银行卡,cancelled,57,
ORD009132,人类简史,图书,图书图书,5140.92,9,46268.28,2024/01/12,西南,微信支付,pending,46,
ORD009133,AirPods Pro,电子产品,电子产品,446.82,10,4468.2,2025/01/05,华南,信用卡,completed,32,男
ORD009134,Nike Air Max,服装,服装服装,8321.85,7,58252.95,2025/04/22,华东,支付宝,completed,51,
ORD009135,思考快与慢,图书,图书图书,1133.07,6,6798.42,2025/03/16,华中,信用卡,pending,36,女
ORD009136,网易严选床垫,家居,家居家居,7633.72,6,45802.32,2025/04/11,西南,微信支付,pending,57,
ORD009137,深入理解计算机系统,图书,图书图书,4951.58,7,34661.06,2024/04/20,西南,信用卡,completed,28,女
ORD009138,优衣库羽绒服,服装,服装服装,5304.93,2,10609.86,2024/09/20,华东,信用卡,completed,45,
ORD009139,三只松鼠坚果礼盒,食品,食品食品,4988.36,7,34918.52,2024/11/07,西北,银行卡,completed,54,女
ORD009140,美的电饭煲,家居,家居家居,2747.95,7,19235.65,2024/08/22,华北,信用卡,pending,23,女
ORD009141,Samsung Galaxy S24,电子产品,电子产品,1480.98,2,2961.96,2024/07/16,华中,银行卡,pending,36,男
ORD009142,Kindle Paperwhite,电子产品,电子产品,5318.52,6,31911.12,2024/11/29,西北,支付宝,completed,58,男
ORD009143,小熊加湿器,家居,家居家居,6153.9,5,30769.5,2024/06/09,华东,信用卡,refunded,26,女
ORD009144,星巴克咖啡豆,食品,食品食品,4433.99,7,31037.93,2024/06/17,东北,支付宝,completed,28,女
ORD009145,小米台灯,家居,家居家居,8236.35,2,16472.7,2024/01/01,华北,微信支付,completed,45,
ORD009146,原则,图书,图书图书,2115.16,4,8460.64,2024/09/18,华中,微信支付,pending,38,
ORD009147,德芙巧克力,食品,食品食品,9428.67,2,18857.34,2024/04/27,西北,信用卡,completed,46,
ORD009148,思考快与慢,图书,图书图书,2315.59,5,11577.95,2024/06/09,华中,信用卡,pending,40,男
ORD009149,iPad Air,电子产品,电子产品,1838.89,7,12872.23,2025/05/23,西南,信用卡,completed,62,
ORD009150,宜家书架,家居,家居家居,9208.89,5,46044.45,2025/02/06,华中,支付宝,completed,58,
ORD009151,人类简史,图书,图书图书,5480.56,2,10961.12,2024/06/18,华中,微信支付,completed,33,男
ORD009152,星巴克咖啡豆,食品,食品食品,8163.29,3,24489.87,2025/01/08,华中,支付宝,completed,55,
ORD009153,人类简史,图书,图书图书,870.88,6,5225.28,2024/05/04,东北,微信支付,cancelled,54,男
ORD009154,H&M 连衣裙,服装,服装服装,1147.18,10,11471.8,2024/01/03,西北,支付宝,completed,24,男
ORD009155,MacBook Air,电子产品,电子产品,8888.31,6,53329.86,2024/01/04,华南,支付宝,completed,34,男
ORD009156,小熊加湿器,家居,家居家居,4385.19,10,43851.9,2024/10/02,华南,支付宝,refunded,34,男
ORD009157,深入理解计算机系统,图书,图书图书,8152.13,5,40760.65,2024/02/19,华北,支付宝,completed,43,女
ORD009158,思考快与慢,图书,图书图书,6233.67,4,24934.68,2025/03/06,西北,微信支付,refunded,57,男
ORD009159,Python编程从入门到实践,图书,图书图书,2744.02,7,19208.14,2025/02/12,西南,信用卡,completed,48,女
ORD009160,良品铺子零食包,食品,食品食品,9538.8,4,38155.2,2024/01/01,华北,信用卡,cancelled,28,
ORD009161,AirPods Pro,电子产品,电子产品,3695.77,7,25870.39,2024/09/22,华东,信用卡,completed,55,
ORD009162,H&M 连衣裙,服装,服装服装,9609.84,8,76878.72,2024/01/09,西南,信用卡,pending,47,男
ORD009163,美的电饭煲,家居,家居家居,3915.64,6,23493.84,2024/08/23,西北,支付宝,completed,41,男
ORD009164,罗技 MX Master 3,电子产品,电子产品,8951.11,2,17902.22,2024/10/04,西南,支付宝,completed,23,
ORD009165,农夫山泉,食品,食品食品,9965.5,4,39862.0,2024/10/13,西南,银行卡,pending,27,男
ORD009166,Apple Watch,电子产品,电子产品,1771.37,3,5314.11,2025/01/14,西南,信用卡,completed,54,男
ORD009167,算法导论,图书,图书图书,9543.47,10,95434.7,2025/02/26,西南,信用卡,cancelled,23,
ORD009168,美的电饭煲,家居,家居家居,1239.12,5,6195.6,2024/10/14,西北,支付宝,completed,54,女
ORD009169,九阳豆浆机,家居,家居家居,8521.18,9,76690.62,2024/06/05,西北,微信支付,cancelled,41,男
ORD009170,iPhone 15,电子产品,电子产品,5784.44,8,46275.52,2025/05/07,东北,支付宝,pending,57,
ORD009171,小熊加湿器,家居,家居家居,9220.51,6,55323.06,2025/01/21,华北,微信支付,completed,36,女
ORD009172,网易严选床垫,家居,家居家居,9257.99,10,92579.9,2024/11/09,华北,支付宝,completed,20,男
ORD009173,Adidas Ultraboost,服装,服装服装,1220.34,1,1220.34,2024/02/01,华东,支付宝,completed,59,
ORD009174,罗技 MX Master 3,电子产品,电子产品,7483.43,6,44900.58,2024/12/15,华东,支付宝,pending,26,
ORD009175,星巴克咖啡豆,食品,食品食品,1161.05,8,9288.4,2024/08/02,西南,银行卡,completed,22,男
ORD009176,Nike Air Max,服装,服装服装,4508.89,1,4508.89,2025/03/14,西北,银行卡,completed,29,
ORD009177,农夫山泉,食品,食品食品,3703.44,8,29627.52,2024/10/25,华北,微信支付,cancelled,58,女
ORD009178,美的电饭煲,家居,家居家居,4534.03,5,22670.15,2025/03/04,华南,支付宝,cancelled,65,女
ORD009179,Kindle Paperwhite,电子产品,电子产品,458.41,6,2750.46,2024/09/26,东北,银行卡,refunded,52,男
ORD009180,小熊加湿器,家居,家居家居,4825.58,3,14476.74,2024/12/15,西北,微信支付,cancelled,19,女
ORD009181,宜家书架,家居,家居家居,626.3,4,2505.2,2024/07/30,西南,银行卡,cancelled,63,女
ORD009182,算法导论,图书,图书图书,5719.83,4,22879.32,2025/03/22,华东,银行卡,completed,25,女
ORD009183,茅台酒,食品,食品食品,8245.59,9,74210.31,2024/01/21,华中,支付宝,completed,48,男
ORD009184,小米台灯,家居,家居家居,3985.62,8,31884.96,2025/03/15,西南,支付宝,completed,36,
ORD009185,戴森吸尘器,家居,家居家居,3958.4,8,31667.2,2025/01/04,西北,银行卡,completed,26,
ORD009186,iPhone 15,电子产品,电子产品,2915.41,2,5830.82,2025/03/29,华南,银行卡,completed,20,
ORD009187,Python编程从入门到实践,图书,图书图书,675.33,5,3376.65,2024/08/13,华北,信用卡,cancelled,56,女
ORD009188,MacBook Air,电子产品,电子产品,2318.47,9,20866.23,2024/04/12,东北,微信支付,completed,65,
ORD009189,思考快与慢,图书,图书图书,9326.8,5,46634.0,2025/02/25,东北,银行卡,completed,20,男
ORD009190,Nike Air Max,服装,服装服装,2717.59,8,21740.72,2024/05/25,华南,支付宝,pending,34,男
ORD009191,iPhone 15,电子产品,电子产品,1899.39,2,3798.78,2025/04/29,西北,支付宝,completed,52,女
ORD009192,MacBook Air,电子产品,电子产品,3606.74,5,18033.7,2024/11/11,华东,支付宝,completed,61,
ORD009193,算法导论,图书,图书图书,8642.27,10,86422.7,2024/04/16,华中,银行卡,completed,60,
ORD009194,北面冲锋衣,服装,服装服装,5782.18,8,46257.44,2025/05/28,华中,微信支付,pending,51,女
ORD009195,良品铺子零食包,食品,食品食品,9474.28,9,85268.52,2024/03/09,华北,信用卡,completed,47,男
ORD009196,iPad Air,电子产品,电子产品,4104.57,9,36941.13,2024/04/03,东北,微信支付,pending,57,女
ORD009197,星巴克咖啡豆,食品,食品食品,2615.78,3,7847.34,2024/02/03,西北,支付宝,completed,47,女
ORD009198,H&M 连衣裙,服装,服装服装,7618.37,4,30473.48,2024/04/17,西南,微信支付,cancelled,48,男
ORD009199,网易严选床垫,家居,家居家居,3240.79,5,16203.95,2024/10/24,西北,微信支付,pending,54,男
ORD009200,三只松鼠坚果礼盒,食品,食品食品,9651.62,7,67561.34,2024/12/04,华南,信用卡,completed,37,男
ORD009201,Samsung Galaxy S24,电子产品,电子产品,6091.92,3,18275.76,2024/12/08,华南,支付宝,completed,29,
ORD009202,深入理解计算机系统,图书,图书图书,-4751.85,2,-9503.7,2024/11/16,华南,信用卡,pending,27,
ORD009203,思考快与慢,图书,图书图书,8392.52,1,8392.52,2024/11/28,华东,微信支付,completed,51,女
ORD009204,农夫山泉,食品,食品食品,9409.88,2,18819.76,2024/07/29,华中,银行卡,completed,43,女
ORD009205,Nike Air Max,服装,服装服装,145.85,7,1020.95,2024/05/16,西北,银行卡,completed,25,女
ORD009206,戴森吸尘器,家居,家居家居,153.96,5,769.8,2024/05/31,东北,信用卡,pending,36,男
ORD009207,百威啤酒,食品,食品食品,3988.98,2,7977.96,2024/10/12,华东,微信支付,cancelled,26,女
ORD009208,德芙巧克力,食品,食品食品,4815.9,8,38527.2,2025/02/16,西南,支付宝,refunded,60,
ORD009209,iPhone 15,电子产品,电子产品,2780.85,2,5561.7,2024/07/08,华中,信用卡,completed,32,女
ORD009210,美的电饭煲,家居,家居家居,9496.42,6,56978.52,2025/05/29,西北,银行卡,cancelled,50,
ORD009211,罗技 MX Master 3,电子产品,电子产品,6769.39,10,67693.9,2024/02/24,华中,微信支付,completed,31,
ORD009212,小米台灯,家居,家居家居,6383.16,6,38298.96,2025/06/01,华南,微信支付,completed,33,
ORD009213,农夫山泉,食品,食品食品,6680.42,6,40082.52,2024/04/08,华中,银行卡,completed,22,女
ORD009214,H&M 连衣裙,服装,服装服装,4162.58,2,8325.16,2024/03/30,华南,支付宝,refunded,52,女
ORD009215,蒙牛纯牛奶,食品,食品食品,6540.77,8,52326.16,2024/08/23,华东,银行卡,completed,56,男
ORD009216,三体全集,图书,图书图书,3486.16,3,10458.48,2024/10/10,华北,支付宝,pending,64,男
ORD009217,H&M 连衣裙,服装,服装服装,2097.04,8,16776.32,2024/09/03,西北,信用卡,cancelled,38,
ORD009218,百威啤酒,食品,食品食品,9398.08,5,46990.4,2024/12/26,东北,微信支付,completed,22,女
ORD009219,德芙巧克力,食品,食品食品,6256.52,2,12513.04,2024/01/01,华中,信用卡,completed,65,
ORD009220,北面冲锋衣,服装,服装服装,909.08,7,6363.56,2024/05/17,华南,银行卡,pending,56,女
ORD009221,美的电饭煲,家居,家居家居,8011.18,7,56078.26,2024/01/26,华北,信用卡,completed,41,女
ORD009222,美的电饭煲,家居,家居家居,1872.42,8,14979.36,2024/12/25,西北,微信支付,pending,36,女
ORD009223,北面冲锋衣,服装,服装服装,25.62,5,128.1,2024/06/03,华中,微信支付,cancelled,54,
ORD009224,Dell XPS 15,电子产品,电子产品,1147.84,10,11478.4,2024/06/04,华东,微信支付,pending,59,男
ORD009225,罗技 MX Master 3,电子产品,电子产品,8838.06,9,79542.54,2025/01/06,华北,信用卡,completed,48,
ORD009226,网易严选床垫,家居,家居家居,1846.16,8,14769.28,2025/05/06,华北,银行卡,completed,33,男
ORD009227,iPhone 15,电子产品,电子产品,1258.47,10,12584.7,2024/05/28,西南,信用卡,completed,50,男
ORD009228,深入理解计算机系统,图书,图书图书,1731.89,8,13855.12,2024/01/14,华北,支付宝,completed,18,男
ORD009229,算法导论,图书,图书图书,5934.36,4,23737.44,2024/10/08,西北,微信支付,completed,37,
ORD009230,New Balance 574,服装,服装服装,7346.4,4,29385.6,2025/01/26,西南,支付宝,pending,46,
ORD009231,Samsung Galaxy S24,电子产品,电子产品,1993.0,7,13951.0,2024/06/29,华中,微信支付,refunded,54,女
ORD009232,iPhone 15,电子产品,电子产品,7622.22,2,15244.44,2025/05/15,西北,银行卡,completed,46,男
ORD009233,小米台灯,家居,家居家居,4640.23,8,37121.84,2024/12/02,西北,银行卡,cancelled,58,
ORD009234,H&M 连衣裙,服装,服装服装,1041.41,2,2082.82,2025/01/08,东北,银行卡,completed,30,男
ORD009235,Nike Air Max,服装,服装服装,5044.5,3,15133.5,2024/09/21,华南,信用卡,completed,37,女
ORD009236,MacBook Air,电子产品,电子产品,7121.73,4,28486.92,2024/11/25,华中,支付宝,completed,65,
ORD009237,Sony WH-1000XM5,电子产品,电子产品,678.13,9,6103.17,2024/08/05,华东,支付宝,cancelled,34,女
ORD009238,Levi's 501,服装,服装服装,5605.75,6,33634.5,2025/04/27,东北,微信支付,completed,56,
ORD009239,茅台酒,食品,食品食品,5461.78,3,16385.34,2024/03/18,华中,银行卡,completed,42,男
ORD009240,原则,图书,图书图书,6693.29,9,60239.61,2025/02/23,华南,银行卡,completed,44,男
ORD009241,农夫山泉,食品,食品食品,2872.24,6,17233.44,2024/07/23,华东,信用卡,completed,65,女
ORD009242,H&M 连衣裙,服装,服装服装,6819.18,4,27276.72,2024/11/16,东北,微信支付,refunded,23,女
ORD009243,Dell XPS 15,电子产品,电子产品,4850.51,9,43654.59,2024/03/17,东北,微信支付,completed,52,男
ORD009244,小熊加湿器,家居,家居家居,9901.52,2,19803.04,2024/12/22,华中,微信支付,completed,39,女
ORD009245,宜家书架,家居,家居家居,9511.24,2,19022.48,2024/08/11,华东,支付宝,pending,30,女
ORD009246,美的电饭煲,家居,家居家居,2801.44,9,25212.96,2024/04/09,西南,支付宝,completed,53,
ORD009247,人类简史,图书,图书图书,9226.81,6,55360.86,2024/04/28,东北,银行卡,refunded,41,女
ORD009248,小米台灯,家居,家居家居,6999.68,1,6999.68,2025/03/21,华东,微信支付,completed,38,男
ORD009249,百威啤酒,食品,食品食品,635.78,3,1907.34,2025/02/10,华中,银行卡,completed,19,男
ORD009250,原则,图书,图书图书,7741.15,7,54188.05,2024/10/14,西南,银行卡,cancelled,53,
ORD009251,三只松鼠坚果礼盒,食品,食品食品,5225.62,6,31353.72,2025/01/11,华南,银行卡,completed,48,女
ORD009252,茅台酒,食品,食品食品,5066.82,4,20267.28,2024/03/04,华北,支付宝,cancelled,19,男
ORD009253,Kindle Paperwhite,电子产品,电子产品,5510.45,8,44083.6,2024/03/21,华北,银行卡,completed,55,男
ORD009254,美的电饭煲,家居,家居家居,5019.16,6,30114.96,2025/05/03,东北,微信支付,pending,41,男
ORD009255,小熊加湿器,家居,家居家居,8350.98,9,75158.82,2024/03/27,东北,信用卡,completed,54,女
ORD009256,人类简史,图书,图书图书,9989.14,7,69923.98,2024/11/11,东北,支付宝,completed,30,
ORD009257,优衣库羽绒服,服装,服装服装,6618.21,10,66182.1,2024/12/25,华东,信用卡,completed,20,女
ORD009258,三只松鼠坚果礼盒,食品,食品食品,7057.57,5,35287.85,2024/02/15,华南,信用卡,completed,62,男
ORD009259,百威啤酒,食品,食品食品,3531.54,10,35315.4,2024/04/24,华北,支付宝,pending,28,男
ORD009260,New Balance 574,服装,服装服装,79.93,7,559.51,2024/05/18,东北,支付宝,cancelled,40,
ORD009261,H&M 连衣裙,服装,服装服装,6139.94,2,12279.88,2024/02/16,华北,信用卡,completed,29,
ORD009262,德芙巧克力,食品,食品食品,5002.56,7,35017.92,2024/10/07,西北,微信支付,completed,57,女
ORD009263,MacBook Air,电子产品,电子产品,1448.37,8,11586.96,2024/06/24,华中,银行卡,completed,44,
ORD009264,宜家书架,家居,家居家居,5472.28,8,43778.24,2025/01/17,东北,银行卡,completed,27,女
ORD009265,Kindle Paperwhite,电子产品,电子产品,3170.99,1,3170.99,2024/02/21,东北,微信支付,refunded,47,男
ORD009266,iPhone 15,电子产品,电子产品,2720.57,5,13602.85,2024/07/10,华北,微信支付,completed,19,
ORD009267,New Balance 574,服装,服装服装,3627.04,3,10881.12,2024/07/17,华南,支付宝,completed,48,
ORD009268,三只松鼠坚果礼盒,食品,食品食品,8911.9,5,44559.5,2024/02/08,华北,信用卡,completed,36,男
ORD009269,思考快与慢,图书,图书图书,8175.67,5,40878.35,2024/12/07,西南,银行卡,completed,52,男
ORD009270,Apple Watch,电子产品,电子产品,8538.37,1,8538.37,2025/01/26,西北,微信支付,pending,58,男
ORD009271,小熊加湿器,家居,家居家居,8718.7,3,26156.1,2024/01/15,东北,银行卡,refunded,27,女
ORD009272,Dell XPS 15,电子产品,电子产品,6440.59,10,64405.9,2024/08/06,华北,支付宝,completed,19,女
ORD009273,戴森吸尘器,家居,家居家居,4355.88,8,34847.04,2025/01/20,西北,支付宝,refunded,52,
ORD009274,小熊加湿器,家居,家居家居,4319.93,10,43199.3,2024/11/20,华东,信用卡,completed,31,
ORD009275,iPhone 15,电子产品,电子产品,1242.4,8,9939.2,2024/09/14,华南,微信支付,completed,23,男
ORD009276,iPhone 15,电子产品,电子产品,9620.61,8,76964.88,2025/03/08,华北,微信支付,completed,41,男
ORD009277,茅台酒,食品,食品食品,205.2,10,2052.0,2024/11/20,东北,微信支付,pending,44,女
ORD009278,算法导论,图书,图书图书,7459.22,7,52214.54,2024/08/25,西南,银行卡,cancelled,39,女
ORD009279,德芙巧克力,食品,食品食品,8794.04,10,87940.4,2024/10/06,华东,信用卡,pending,35,女
ORD009280,思考快与慢,图书,图书图书,3649.32,2,7298.64,2025/01/16,华南,支付宝,completed,32,男
ORD009281,农夫山泉,食品,食品食品,5637.57,2,11275.14,2025/04/23,华中,支付宝,cancelled,59,
ORD009282,Zara 西装外套,服装,服装服装,3484.42,6,20906.52,2025/02/19,华南,信用卡,pending,43,女
ORD009283,Python编程从入门到实践,图书,图书图书,745.63,1,745.63,2025/03/13,华北,支付宝,completed,25,男
ORD009284,New Balance 574,服装,服装服装,7725.79,8,61806.32,2024/09/10,华北,支付宝,completed,25,
ORD009285,良品铺子零食包,食品,食品食品,6762.31,5,33811.55,2024/06/04,东北,银行卡,cancelled,57,
ORD009286,New Balance 574,服装,服装服装,4641.69,1,4641.69,2024/04/23,华东,信用卡,cancelled,58,女
ORD009287,百威啤酒,食品,食品食品,9049.83,4,36199.32,2024/02/03,西南,银行卡,cancelled,65,
ORD009288,Apple Watch,电子产品,电子产品,4882.51,3,14647.53,2024/04/03,华南,银行卡,refunded,65,
ORD009289,Kindle Paperwhite,电子产品,电子产品,9058.49,3,27175.47,2024/02/12,华北,微信支付,completed,62,
ORD009290,Levi's 501,服装,服装服装,5013.26,9,45119.34,2024/05/21,华北,微信支付,completed,38,
ORD009291,算法导论,图书,图书图书,5091.79,1,5091.79,2024/02/28,西北,信用卡,completed,28,
ORD009292,优衣库羽绒服,服装,服装服装,1293.82,5,6469.1,2024/04/29,华南,信用卡,pending,40,女
ORD009293,美的电饭煲,家居,家居家居,3428.13,1,3428.13,2024/05/07,东北,支付宝,pending,45,男
ORD009294,Samsung Galaxy S24,电子产品,电子产品,6433.53,1,6433.53,2024/06/08,东北,微信支付,pending,28,
ORD009295,美的电饭煲,家居,家居家居,9666.11,10,96661.1,2024/11/28,华东,微信支付,completed,41,
ORD009296,九阳豆浆机,家居,家居家居,7673.86,8,61390.88,2024/08/24,华南,信用卡,completed,59,男
ORD009297,Nike Air Max,服装,服装服装,5261.14,2,10522.28,2024/05/11,华北,银行卡,pending,33,
ORD009298,罗技 MX Master 3,电子产品,电子产品,2406.9,3,7220.7,2025/04/16,华南,支付宝,completed,29,
ORD009299,优衣库羽绒服,服装,服装服装,4525.32,4,18101.28,2024/07/02,华南,微信支付,completed,19,
ORD009300,New Balance 574,服装,服装服装,6801.64,7,47611.48,2024/03/23,西南,支付宝,cancelled,63,男
ORD009301,算法导论,图书,图书图书,6543.62,5,32718.1,2024/07/13,西南,信用卡,completed,60,
ORD009302,深入理解计算机系统,图书,图书图书,723.78,7,5066.46,2025/01/03,西南,微信支付,pending,20,女
ORD009303,三体全集,图书,图书图书,2579.74,8,20637.92,2024/07/20,西北,支付宝,completed,64,女
ORD009304,AirPods Pro,电子产品,电子产品,3739.15,7,26174.05,2024/02/22,华北,微信支付,pending,38,女
ORD009305,三只松鼠坚果礼盒,食品,食品食品,9489.38,7,66425.66,2024/09/30,东北,支付宝,completed,33,女
ORD009306,Levi's 501,服装,服装服装,9896.96,9,89072.64,2024/08/27,西南,支付宝,completed,25,男
ORD009307,宜家书架,家居,家居家居,6873.72,4,27494.88,2025/03/08,华东,支付宝,completed,27,
ORD009308,Adidas Ultraboost,服装,服装服装,7359.63,6,44157.78,2024/02/17,西南,支付宝,completed,53,男
ORD009309,九阳豆浆机,家居,家居家居,1373.15,6,8238.9,2024/03/06,华南,微信支付,pending,31,女
ORD009310,三只松鼠坚果礼盒,食品,食品食品,8934.32,1,8934.32,2024/12/13,西南,信用卡,completed,20,男
ORD009311,良品铺子零食包,食品,食品食品,9287.41,8,74299.28,2025/02/23,西北,支付宝,pending,27,
ORD009312,九阳豆浆机,家居,家居家居,8662.66,10,86626.6,2024/09/06,华中,支付宝,completed,58,女
ORD009313,戴森吸尘器,家居,家居家居,7207.21,4,28828.84,2024/01/04,华南,信用卡,completed,53,
ORD009314,Kindle Paperwhite,电子产品,电子产品,8651.34,4,34605.36,2024/12/14,西南,信用卡,completed,51,
ORD009315,New Balance 574,服装,服装服装,3987.67,1,3987.67,2024/10/27,西南,支付宝,completed,65,男
ORD009316,思考快与慢,图书,图书图书,893.39,5,4466.95,2024/05/24,西北,微信支付,completed,23,男
ORD009317,良品铺子零食包,食品,食品食品,8798.86,6,52793.16,2024/05/25,华南,支付宝,completed,31,男
ORD009318,原则,图书,图书图书,9709.2,5,48546.0,2024/04/19,华南,微信支付,completed,54,女
ORD009319,北面冲锋衣,服装,服装服装,8509.73,2,17019.46,2024/03/04,西北,微信支付,pending,19,女
ORD009320,Adidas Ultraboost,服装,服装服装,3885.95,2,7771.9,2024/01/16,华东,信用卡,pending,33,
ORD009321,茅台酒,食品,食品食品,5515.48,6,33092.88,2024/12/05,东北,支付宝,completed,32,男
ORD009322,蒙牛纯牛奶,食品,食品食品,1360.91,8,10887.28,2024/07/31,华中,信用卡,completed,23,女
ORD009323,Kindle Paperwhite,电子产品,电子产品,9340.14,2,18680.28,2024/02/10,东北,信用卡,completed,34,女
ORD009324,星巴克咖啡豆,食品,食品食品,7334.67,4,29338.68,2025/04/29,华东,微信支付,refunded,41,
ORD009325,Levi's 501,服装,服装服装,9726.48,2,19452.96,2025/01/06,华中,微信支付,completed,54,女
ORD009326,三体全集,图书,图书图书,4995.12,6,29970.72,2024/09/22,华东,银行卡,completed,47,男
ORD009327,Apple Watch,电子产品,电子产品,8587.97,9,77291.73,2024/07/21,华东,银行卡,pending,46,男
ORD009328,九阳豆浆机,家居,家居家居,6909.15,10,69091.5,2025/02/22,西南,信用卡,completed,59,女
ORD009329,小米台灯,家居,家居家居,259.29,6,1555.74,2024/09/15,华东,信用卡,completed,34,
ORD009330,MacBook Air,电子产品,电子产品,7904.0,8,63232.0,2024/08/26,华南,微信支付,completed,35,女
ORD009331,罗技 MX Master 3,电子产品,电子产品,4006.89,9,36062.01,2024/12/29,华中,微信支付,cancelled,42,女
ORD009332,百威啤酒,食品,食品食品,1184.27,10,11842.7,2024/11/07,华中,信用卡,pending,38,
ORD009333,原则,图书,图书图书,7767.99,5,38839.95,2024/08/09,东北,支付宝,pending,40,男
ORD009334,iPhone 15,电子产品,电子产品,3976.15,5,19880.75,2024/03/08,西北,微信支付,pending,63,女
ORD009335,宜家书架,家居,家居家居,4839.29,2,9678.58,2024/11/03,西南,信用卡,cancelled,52,女
ORD009336,iPhone 15,电子产品,电子产品,1735.66,9,15620.94,2025/03/07,东北,信用卡,completed,38,男
ORD009337,Dell XPS 15,电子产品,电子产品,6277.59,4,25110.36,2025/01/24,东北,微信支付,completed,54,男
ORD009338,Nike Air Max,服装,服装服装,4496.06,4,17984.24,2024/03/11,西南,微信支付,completed,64,
ORD009339,小熊加湿器,家居,家居家居,5987.17,10,59871.7,2024/01/10,华南,信用卡,completed,30,男
ORD009340,Samsung Galaxy S24,电子产品,电子产品,4584.65,6,27507.9,2024/02/24,华中,银行卡,completed,32,
ORD009341,人类简史,图书,图书图书,4875.53,7,34128.71,2024/08/11,华中,银行卡,completed,63,女
ORD009342,美的电饭煲,家居,家居家居,5648.14,9,50833.26,2024/04/08,华中,信用卡,pending,52,
ORD009343,九阳豆浆机,家居,家居家居,7960.26,10,79602.6,2024/09/15,东北,微信支付,completed,46,女
ORD009344,农夫山泉,食品,食品食品,6156.7,2,12313.4,2024/01/22,华北,微信支付,pending,33,女
ORD009345,Kindle Paperwhite,电子产品,电子产品,2253.15,4,9012.6,2025/01/15,西南,微信支付,pending,54,
ORD009346,MacBook Air,电子产品,电子产品,240.43,4,961.72,2024/04/02,华中,银行卡,pending,39,女
ORD009347,Apple Watch,电子产品,电子产品,6174.79,7,43223.53,2025/03/31,西南,信用卡,pending,52,女
ORD009348,算法导论,图书,图书图书,5494.99,2,10989.98,2024/11/11,东北,支付宝,completed,44,女
ORD009349,Nike Air Max,服装,服装服装,3329.85,5,16649.25,2025/01/24,西南,支付宝,completed,24,
ORD009350,农夫山泉,食品,食品食品,2028.17,3,6084.51,2024/07/01,华南,微信支付,refunded,28,女
ORD009351,美的电饭煲,家居,家居家居,4576.01,1,4576.01,2025/05/22,华东,支付宝,pending,27,女
ORD009352,德芙巧克力,食品,食品食品,899.79,8,7198.32,2025/02/22,东北,银行卡,pending,44,
ORD009353,小米台灯,家居,家居家居,927.06,3,2781.18,2024/02/19,华北,微信支付,pending,50,男
ORD009354,Apple Watch,电子产品,电子产品,6486.08,2,12972.16,2024/05/31,东北,微信支付,completed,32,男
ORD009355,戴森吸尘器,家居,家居家居,3753.11,2,7506.22,2024/04/10,西南,微信支付,pending,56,男
ORD009356,三体全集,图书,图书图书,6438.59,8,51508.72,2025/05/30,东北,银行卡,completed,25,女
ORD009357,德芙巧克力,食品,食品食品,899.37,10,8993.7,2024/02/23,华北,银行卡,completed,43,女
ORD009358,良品铺子零食包,食品,食品食品,8849.22,8,70793.76,2024/09/13,华东,微信支付,completed,59,女
ORD009359,星巴克咖啡豆,食品,食品食品,3756.81,2,7513.62,2024/11/06,华东,银行卡,completed,64,女
ORD009360,Kindle Paperwhite,电子产品,电子产品,3707.37,7,25951.59,2024/01/26,华中,支付宝,completed,26,男
ORD009361,算法导论,图书,图书图书,9981.71,2,19963.42,2025/05/03,华中,信用卡,completed,58,男
ORD009362,深入理解计算机系统,图书,图书图书,8612.5,7,60287.5,2024/12/07,东北,支付宝,pending,25,男
ORD009363,小米台灯,家居,家居家居,191.06,10,1910.6,2025/05/20,华东,银行卡,completed,41,男
ORD009364,三只松鼠坚果礼盒,食品,食品食品,1851.7,8,14813.6,2024/10/13,华北,微信支付,completed,25,男
ORD009365,宜家书架,家居,家居家居,6946.39,1,6946.39,2025/03/09,华中,银行卡,pending,34,男
ORD009366,Nike Air Max,服装,服装服装,3903.87,7,27327.09,2024/10/08,华北,银行卡,refunded,33,女
ORD009367,Python编程从入门到实践,图书,图书图书,4459.0,2,8918.0,2024/12/29,华南,支付宝,cancelled,63,男
ORD009368,网易严选床垫,家居,家居家居,6536.74,2,13073.48,2024/12/19,华中,银行卡,completed,21,
ORD009369,百威啤酒,食品,食品食品,1621.24,10,16212.4,2024/02/14,华东,微信支付,completed,61,男
ORD009370,九阳豆浆机,家居,家居家居,7146.67,7,50026.69,2024/11/08,西北,银行卡,completed,23,男
ORD009371,罗技 MX Master 3,电子产品,电子产品,7108.32,7,49758.24,2024/03/13,华北,信用卡,cancelled,39,男
ORD009372,戴森吸尘器,家居,家居家居,7601.08,2,15202.16,2024/07/14,东北,信用卡,completed,26,
ORD009373,H&M 连衣裙,服装,服装服装,9109.42,6,54656.52,2024/09/19,华东,微信支付,completed,33,
ORD009374,良品铺子零食包,食品,食品食品,5222.98,10,52229.8,2024/04/15,华中,信用卡,completed,43,男
ORD009375,九阳豆浆机,家居,家居家居,8358.52,10,83585.2,2025/02/20,华北,支付宝,completed,40,女
ORD009376,iPad Air,电子产品,电子产品,7519.33,7,52635.31,2025/01/20,西南,信用卡,completed,38,
ORD009377,New Balance 574,服装,服装服装,3646.2,9,32815.8,2024/07/01,华东,银行卡,completed,54,女
ORD009378,H&M 连衣裙,服装,服装服装,6551.92,1,6551.92,2024/09/19,华南,支付宝,pending,49,
ORD009379,宜家书架,家居,家居家居,9803.55,2,19607.1,2024/08/08,华东,支付宝,completed,39,女
ORD009380,星巴克咖啡豆,食品,食品食品,6976.4,2,13952.8,2025/03/04,东北,银行卡,completed,51,男
ORD009381,小熊加湿器,家居,家居家居,7146.24,1,7146.24,2025/05/22,华中,微信支付,completed,43,
ORD009382,Levi's 501,服装,服装服装,8987.22,6,53923.32,2024/02/10,西南,支付宝,pending,46,男
ORD009383,德芙巧克力,食品,食品食品,9514.92,9,85634.28,2024/02/09,西南,银行卡,refunded,54,男
ORD009384,Levi's 501,服装,服装服装,320.35,9,2883.15,2024/06/12,西北,支付宝,completed,24,男
ORD009385,美的电饭煲,家居,家居家居,5833.56,7,40834.92,2025/02/23,西北,微信支付,completed,52,
ORD009386,百威啤酒,食品,食品食品,5716.51,8,45732.08,2025/01/07,西南,微信支付,pending,36,女
ORD009387,三体全集,图书,图书图书,9673.44,3,29020.32,2024/12/26,西南,银行卡,pending,52,男
ORD009388,H&M 连衣裙,服装,服装服装,7249.86,8,57998.88,2025/03/10,西南,信用卡,pending,44,男
ORD009389,MacBook Air,电子产品,电子产品,6039.36,9,54354.24,2024/11/11,华北,信用卡,completed,37,女
ORD009390,算法导论,图书,图书图书,9963.19,8,79705.52,2025/05/28,华北,信用卡,refunded,38,女
ORD009391,蒙牛纯牛奶,食品,食品食品,9344.43,8,74755.44,2025/02/11,华北,银行卡,pending,61,女
ORD009392,AirPods Pro,电子产品,电子产品,9432.8,6,56596.8,2024/12/30,华南,支付宝,completed,53,
ORD009393,思考快与慢,图书,图书图书,5961.87,9,53656.83,2025/04/21,西南,支付宝,completed,54,女
ORD009394,Adidas Ultraboost,服装,服装服装,7701.35,9,69312.15,2025/02/11,东北,信用卡,completed,18,
ORD009395,Kindle Paperwhite,电子产品,电子产品,1841.62,5,9208.1,2025/05/04,华南,支付宝,completed,63,男
ORD009396,算法导论,图书,图书图书,8162.79,8,65302.32,2025/05/05,华东,支付宝,cancelled,31,男
ORD009397,星巴克咖啡豆,食品,食品食品,8999.88,3,26999.64,2024/09/12,西南,支付宝,completed,18,男
ORD009398,思考快与慢,图书,图书图书,7161.09,3,21483.27,2024/08/15,东北,支付宝,completed,25,男
ORD009399,美的电饭煲,家居,家居家居,5886.39,8,47091.12,2024/07/09,华东,银行卡,refunded,38,女
ORD009400,Levi's 501,服装,服装服装,4513.96,10,45139.6,2024/10/26,东北,银行卡,completed,22,男
ORD009401,百威啤酒,食品,食品食品,7837.24,7,54860.68,2024/05/05,西北,信用卡,refunded,49,女
ORD009402,Python编程从入门到实践,图书,图书图书,9579.74,9,86217.66,2025/02/05,西北,支付宝,cancelled,24,女
ORD009403,九阳豆浆机,家居,家居家居,6360.49,6,38162.94,2024/03/22,西南,银行卡,completed,38,女
ORD009404,德芙巧克力,食品,食品食品,6101.84,6,36611.04,2024/01/03,华南,银行卡,refunded,61,女
ORD009405,三体全集,图书,图书图书,2993.79,8,23950.32,2025/04/04,华东,微信支付,refunded,28,男
ORD009406,小米台灯,家居,家居家居,9634.63,1,9634.63,2024/12/25,华东,微信支付,completed,27,
ORD009407,New Balance 574,服装,服装服装,6225.38,1,6225.38,2025/03/24,东北,信用卡,cancelled,39,
ORD009408,Python编程从入门到实践,图书,图书图书,4478.08,9,40302.72,2024/10/05,西南,信用卡,completed,36,男
ORD009409,美的电饭煲,家居,家居家居,9726.44,8,77811.52,2025/02/12,华北,微信支付,pending,54,女
ORD009410,德芙巧克力,食品,食品食品,1649.48,1,1649.48,2025/05/09,东北,支付宝,pending,23,
ORD009411,思考快与慢,图书,图书图书,4401.01,8,35208.08,2024/10/18,华东,支付宝,refunded,18,
ORD009412,Adidas Ultraboost,服装,服装服装,1952.93,7,13670.51,2024/05/22,华北,微信支付,completed,53,
ORD009413,美的电饭煲,家居,家居家居,4420.52,5,22102.6,2024/12/15,华南,信用卡,cancelled,18,男
ORD009414,戴森吸尘器,家居,家居家居,8643.83,5,43219.15,2024/04/12,西南,支付宝,refunded,32,女
ORD009415,Samsung Galaxy S24,电子产品,电子产品,5884.15,8,47073.2,2024/12/15,华东,微信支付,completed,46,
ORD009416,Sony WH-1000XM5,电子产品,电子产品,168.07,8,1344.56,2024/09/07,华南,支付宝,refunded,35,男
ORD009417,蒙牛纯牛奶,食品,食品食品,225.54,4,902.16,2025/01/18,华北,微信支付,cancelled,50,女
ORD009418,宜家书架,家居,家居家居,8680.39,3,26041.17,2024/03/08,东北,支付宝,cancelled,47,男
ORD009419,北面冲锋衣,服装,服装服装,3987.55,9,35887.95,2025/02/06,西北,银行卡,completed,32,男
ORD009420,Zara 西装外套,服装,服装服装,8103.2,8,64825.6,2025/01/02,华东,银行卡,completed,20,男
ORD009421,德芙巧克力,食品,食品食品,39.25,4,157.0,2024/07/26,西北,信用卡,completed,26,男
ORD009422,小熊加湿器,家居,家居家居,2560.86,5,12804.3,2024/08/23,华东,支付宝,completed,60,
ORD009423,人类简史,图书,图书图书,800.19,3,2400.57,2025/04/14,西南,微信支付,completed,29,
ORD009424,小米台灯,家居,家居家居,5866.92,4,23467.68,2024/01/09,东北,支付宝,completed,53,
ORD009425,Zara 西装外套,服装,服装服装,5226.31,2,10452.62,2025/01/12,华北,银行卡,completed,34,女
ORD009426,农夫山泉,食品,食品食品,1779.83,3,5339.49,2025/04/05,西北,支付宝,pending,39,
ORD009427,New Balance 574,服装,服装服装,6001.49,5,30007.45,2024/03/05,华中,支付宝,pending,43,
ORD009428,思考快与慢,图书,图书图书,8366.54,8,66932.32,2024/09/20,华东,微信支付,cancelled,36,
ORD009429,原则,图书,图书图书,7780.14,6,46680.84,2024/06/11,华东,微信支付,cancelled,20,
ORD009430,九阳豆浆机,家居,家居家居,6939.31,4,27757.24,2024/12/12,西北,信用卡,completed,27,女
ORD009431,网易严选床垫,家居,家居家居,7784.06,7,54488.42,2024/12/18,华北,微信支付,completed,31,女
ORD009432,小米台灯,家居,家居家居,4241.53,2,8483.06,2024/04/18,西南,微信支付,completed,36,女
ORD009433,茅台酒,食品,食品食品,4485.44,10,44854.4,2025/04/17,东北,微信支付,completed,33,
ORD009434,人类简史,图书,图书图书,7719.21,2,15438.42,2024/09/22,华北,支付宝,completed,34,
ORD009435,Apple Watch,电子产品,电子产品,4670.49,10,46704.9,2024/07/13,华中,信用卡,completed,42,女
ORD009436,小米台灯,家居,家居家居,4382.54,5,21912.7,2024/04/03,华北,信用卡,completed,55,男
ORD009437,H&M 连衣裙,服装,服装服装,9898.17,7,69287.19,2024/01/23,华东,银行卡,completed,55,女
ORD009438,Python编程从入门到实践,图书,图书图书,6007.62,9,54068.58,2024/08/29,华中,银行卡,completed,30,
ORD009439,戴森吸尘器,家居,家居家居,7891.48,1,7891.48,2025/01/18,华东,支付宝,completed,25,男
ORD009440,Samsung Galaxy S24,电子产品,电子产品,3951.6,10,39516.0,2024/01/01,东北,支付宝,completed,60,女
ORD009441,New Balance 574,服装,服装服装,1244.37,8,9954.96,2024/12/16,华南,银行卡,completed,55,女
ORD009442,Kindle Paperwhite,电子产品,电子产品,2156.64,8,17253.12,2025/01/31,西南,银行卡,pending,22,男
ORD009443,优衣库羽绒服,服装,服装服装,7512.88,7,52590.16,2024/03/06,华东,支付宝,completed,43,女
ORD009444,蒙牛纯牛奶,食品,食品食品,2024.35,9,18219.15,2024/09/26,东北,银行卡,pending,62,
ORD009445,九阳豆浆机,家居,家居家居,3052.11,3,9156.33,2024/11/06,华南,支付宝,completed,22,
ORD009446,小熊加湿器,家居,家居家居,3442.43,1,3442.43,2024/09/11,东北,支付宝,pending,24,男
ORD009447,宜家书架,家居,家居家居,2825.84,9,25432.56,2024/08/02,华中,微信支付,pending,22,男
ORD009448,德芙巧克力,食品,食品食品,5804.06,8,46432.48,2024/06/16,华南,信用卡,refunded,47,男
ORD009449,AirPods Pro,电子产品,电子产品,1356.32,6,8137.92,2025/04/01,华南,信用卡,pending,32,女
ORD009450,蒙牛纯牛奶,食品,食品食品,2763.9,10,27639.0,2025/01/08,华东,微信支付,completed,64,男
ORD009451,深入理解计算机系统,图书,图书图书,7172.64,7,50208.48,2025/03/25,东北,微信支付,pending,35,女
ORD009452,Adidas Ultraboost,服装,服装服装,6681.41,9,60132.69,2024/08/18,西南,信用卡,completed,35,男
ORD009453,宜家书架,家居,家居家居,9193.35,7,64353.45,2025/01/17,西南,信用卡,completed,38,女
ORD009454,思考快与慢,图书,图书图书,4086.89,3,12260.67,2025/02/08,华南,信用卡,completed,49,男
ORD009455,百威啤酒,食品,食品食品,2343.19,1,2343.19,2024/12/03,华东,支付宝,completed,62,女
ORD009456,戴森吸尘器,家居,家居家居,6307.58,3,18922.74,2024/11/07,华北,支付宝,cancelled,39,女
ORD009457,Sony WH-1000XM5,电子产品,电子产品,3442.78,1,3442.78,2024/10/07,华东,微信支付,completed,41,女
ORD009458,Sony WH-1000XM5,电子产品,电子产品,7507.6,1,7507.6,2024/01/14,华南,信用卡,pending,18,
ORD009459,Sony WH-1000XM5,电子产品,电子产品,8582.64,9,77243.76,2025/04/29,华东,支付宝,completed,41,男
ORD009460,New Balance 574,服装,服装服装,1269.32,5,6346.6,2024/01/26,西南,银行卡,completed,31,女
ORD009461,iPad Air,电子产品,电子产品,4366.46,3,13099.38,2024/03/10,华北,支付宝,refunded,51,男
ORD009462,小米台灯,家居,家居家居,4757.79,6,28546.74,2024/05/27,西南,银行卡,cancelled,64,
ORD009463,星巴克咖啡豆,食品,食品食品,5105.22,5,25526.1,2025/04/20,东北,信用卡,pending,32,男
ORD009464,网易严选床垫,家居,家居家居,3097.82,5,15489.1,2024/02/13,华东,微信支付,pending,36,男
ORD009465,AirPods Pro,电子产品,电子产品,4272.46,6,25634.76,2024/01/25,华南,银行卡,pending,24,女
ORD009466,Sony WH-1000XM5,电子产品,电子产品,3946.77,3,11840.31,2024/07/14,东北,信用卡,pending,31,
ORD009467,Nike Air Max,服装,服装服装,8243.32,6,49459.92,2024/10/16,华中,信用卡,pending,54,
ORD009468,Python编程从入门到实践,图书,图书图书,4458.97,3,13376.91,2024/08/21,西北,微信支付,cancelled,38,女
ORD009469,iPad Air,电子产品,电子产品,4979.42,6,29876.52,2025/03/29,华南,银行卡,completed,61,
ORD009470,德芙巧克力,食品,食品食品,6803.65,9,61232.85,2025/04/04,华东,支付宝,pending,41,男
ORD009471,百威啤酒,食品,食品食品,7148.05,10,71480.5,2025/04/04,华中,微信支付,cancelled,50,女
ORD009472,三只松鼠坚果礼盒,食品,食品食品,5977.76,6,35866.56,2024/04/26,西南,信用卡,cancelled,63,女
ORD009473,小米台灯,家居,家居家居,8784.3,1,8784.3,2024/12/23,华北,信用卡,pending,27,女
ORD009474,小熊加湿器,家居,家居家居,7028.01,2,14056.02,2024/03/25,西北,信用卡,refunded,56,女
ORD009475,人类简史,图书,图书图书,369.83,7,2588.81,2025/01/29,西北,银行卡,completed,37,
ORD009476,Sony WH-1000XM5,电子产品,电子产品,6111.68,10,61116.8,2024/04/04,东北,支付宝,completed,32,
ORD009477,九阳豆浆机,家居,家居家居,408.98,7,2862.86,2025/02/03,西南,微信支付,completed,31,男
ORD009478,蒙牛纯牛奶,食品,食品食品,5971.25,8,47770.0,2024/02/17,华北,微信支付,completed,28,女
ORD009479,H&M 连衣裙,服装,服装服装,1923.38,2,3846.76,2024/02/06,东北,银行卡,completed,54,
ORD009480,小米台灯,家居,家居家居,8906.22,6,53437.32,2025/05/17,华东,信用卡,pending,39,女
ORD009481,New Balance 574,服装,服装服装,1174.88,5,5874.4,2024/02/05,华南,微信支付,completed,50,男
ORD009482,戴森吸尘器,家居,家居家居,2667.96,5,13339.8,2025/01/29,西南,银行卡,completed,52,女
ORD009483,小熊加湿器,家居,家居家居,1948.42,2,3896.84,2024/06/01,东北,银行卡,completed,65,
ORD009484,美的电饭煲,家居,家居家居,1608.9,3,4826.7,2024/06/23,华东,信用卡,pending,64,
ORD009485,Adidas Ultraboost,服装,服装服装,3540.72,3,10622.16,2024/01/30,华中,支付宝,completed,50,
ORD009486,Python编程从入门到实践,图书,图书图书,4383.66,2,8767.32,2024/08/10,华北,信用卡,completed,43,男
ORD009487,良品铺子零食包,食品,食品食品,1878.51,3,5635.53,2025/03/03,东北,支付宝,completed,57,男
ORD009488,Dell XPS 15,电子产品,电子产品,6477.39,3,19432.17,2025/03/30,华中,微信支付,completed,47,
ORD009489,小熊加湿器,家居,家居家居,8894.39,8,71155.12,2024/08/09,西南,银行卡,pending,47,
ORD009490,Sony WH-1000XM5,电子产品,电子产品,7108.44,7,49759.08,2024/01/30,华中,微信支付,completed,44,女
ORD009491,德芙巧克力,食品,食品食品,1999.14,2,3998.28,2024/02/12,西南,银行卡,completed,40,男
ORD009492,德芙巧克力,食品,食品食品,1207.26,3,3621.78,2025/05/15,西南,信用卡,completed,19,女
ORD009493,Samsung Galaxy S24,电子产品,电子产品,3813.03,8,30504.24,2024/04/23,西南,银行卡,pending,57,男
ORD009494,Zara 西装外套,服装,服装服装,6805.52,1,6805.52,2024/11/17,东北,支付宝,pending,42,女
ORD009495,网易严选床垫,家居,家居家居,5069.81,6,30418.86,2024/09/29,西北,信用卡,completed,29,
ORD009496,Dell XPS 15,电子产品,电子产品,6061.47,8,48491.76,2024/02/21,西南,信用卡,completed,58,
ORD009497,三体全集,图书,图书图书,9280.32,10,92803.2,2024/06/10,华中,银行卡,completed,61,女
ORD009498,Kindle Paperwhite,电子产品,电子产品,3152.08,4,12608.32,2025/02/03,西北,信用卡,completed,48,男
ORD009499,人类简史,图书,图书图书,4013.02,7,28091.14,2024/04/11,西南,银行卡,completed,34,女
ORD009500,Kindle Paperwhite,电子产品,电子产品,7778.33,4,31113.32,2024/10/24,华东,微信支付,completed,26,女
ORD009501,Apple Watch,电子产品,电子产品,8600.66,1,8600.66,2025/02/01,东北,信用卡,completed,54,男
ORD009502,iPhone 15,电子产品,电子产品,7666.27,9,68996.43,2024/11/02,西北,银行卡,completed,32,
ORD009503,网易严选床垫,家居,家居家居,208.74,6,1252.44,2024/09/02,西南,支付宝,completed,56,男
ORD009504,百威啤酒,食品,食品食品,4016.8,1,4016.8,2024/02/02,华东,信用卡,cancelled,64,
ORD009505,北面冲锋衣,服装,服装服装,1514.07,2,3028.14,2025/01/24,华北,信用卡,refunded,42,
ORD009506,小米台灯,家居,家居家居,1146.61,2,2293.22,2024/04/11,华中,信用卡,pending,64,女
ORD009507,Kindle Paperwhite,电子产品,电子产品,3646.46,2,7292.92,2025/01/09,东北,支付宝,pending,46,
ORD009508,iPad Air,电子产品,电子产品,4101.8,1,4101.8,2024/07/31,华中,微信支付,pending,44,女
ORD009509,九阳豆浆机,家居,家居家居,6359.66,5,31798.3,2024/07/01,西北,银行卡,pending,43,女
ORD009510,网易严选床垫,家居,家居家居,4052.0,1,4052.0,2024/03/09,华东,微信支付,pending,43,女
ORD009511,iPad Air,电子产品,电子产品,3194.31,4,12777.24,2024/08/25,华南,银行卡,completed,47,男
ORD009512,小米台灯,家居,家居家居,6515.02,10,65150.2,2024/01/01,华北,信用卡,completed,24,女
ORD009513,良品铺子零食包,食品,食品食品,5576.18,4,22304.72,2024/09/10,西南,微信支付,completed,40,男
ORD009514,百威啤酒,食品,食品食品,5671.68,10,56716.8,2024/07/02,华东,信用卡,completed,62,
ORD009515,原则,图书,图书图书,4446.82,10,44468.2,2024/04/10,东北,支付宝,pending,26,女
ORD009516,小米台灯,家居,家居家居,1918.03,5,9590.15,2024/12/24,华中,信用卡,completed,58,男
ORD009517,Dell XPS 15,电子产品,电子产品,7690.75,9,69216.75,2024/08/31,华南,银行卡,completed,38,男
ORD009518,蒙牛纯牛奶,食品,食品食品,8391.7,1,8391.7,2024/11/24,东北,银行卡,pending,57,男
ORD009519,Nike Air Max,服装,服装服装,7828.65,3,23485.95,2024/08/31,华北,信用卡,completed,63,
ORD009520,九阳豆浆机,家居,家居家居,1698.53,2,3397.06,2025/04/06,西南,银行卡,completed,43,
ORD009521,九阳豆浆机,家居,家居家居,2708.31,8,21666.48,2024/06/12,华中,支付宝,refunded,63,女
ORD009522,Python编程从入门到实践,图书,图书图书,4418.15,7,30927.05,2025/03/14,华南,银行卡,completed,53,女
ORD009523,Levi's 501,服装,服装服装,9529.02,9,85761.18,2025/03/09,西南,信用卡,completed,35,女
ORD009524,农夫山泉,食品,食品食品,7362.88,10,73628.8,2024/09/23,华南,银行卡,cancelled,52,男
ORD009525,人类简史,图书,图书图书,4011.04,1,4011.04,2024/04/13,华南,银行卡,pending,60,女
ORD009526,美的电饭煲,家居,家居家居,5885.68,3,17657.04,2024/08/21,华北,信用卡,completed,53,
ORD009527,美的电饭煲,家居,家居家居,6402.44,7,44817.08,2024/05/01,华南,信用卡,completed,53,男
ORD009528,宜家书架,家居,家居家居,1683.09,4,6732.36,2024/06/15,华北,信用卡,pending,19,男
ORD009529,人类简史,图书,图书图书,5623.7,1,5623.7,2025/01/13,华东,银行卡,completed,23,女
ORD009530,网易严选床垫,家居,家居家居,5234.57,1,5234.57,2024/03/24,西南,银行卡,completed,65,男
ORD009531,农夫山泉,食品,食品食品,5704.74,7,39933.18,2025/05/29,华中,信用卡,completed,57,
ORD009532,算法导论,图书,图书图书,8808.94,9,79280.46,2025/03/07,东北,银行卡,completed,53,
ORD009533,北面冲锋衣,服装,服装服装,6080.86,4,24323.44,2025/05/02,华北,支付宝,refunded,29,
ORD009534,三只松鼠坚果礼盒,食品,食品食品,698.06,1,698.06,2024/05/24,西南,信用卡,refunded,28,女
ORD009535,美的电饭煲,家居,家居家居,9159.11,10,91591.1,2024/04/01,华中,信用卡,completed,63,
ORD009536,九阳豆浆机,家居,家居家居,3032.51,10,30325.1,2025/01/23,华南,微信支付,completed,29,
ORD009537,Zara 西装外套,服装,服装服装,8742.6,1,8742.6,2024/12/17,华北,银行卡,pending,42,男
ORD009538,Kindle Paperwhite,电子产品,电子产品,6342.13,6,38052.78,2024/06/29,西北,银行卡,completed,55,女
ORD009539,iPhone 15,电子产品,电子产品,3078.7,5,15393.5,2024/01/07,华中,信用卡,pending,26,男
ORD009540,人类简史,图书,图书图书,5222.84,10,52228.4,2024/03/17,东北,信用卡,completed,39,
ORD009541,小熊加湿器,家居,家居家居,1492.17,8,11937.36,2025/02/15,华南,信用卡,completed,60,女
ORD009542,Sony WH-1000XM5,电子产品,电子产品,8863.58,7,62045.06,2025/06/01,东北,微信支付,completed,28,女
ORD009543,Adidas Ultraboost,服装,服装服装,7468.66,4,29874.64,2024/09/07,华北,信用卡,completed,34,男
ORD009544,百威啤酒,食品,食品食品,1585.33,10,15853.3,2025/05/23,西南,信用卡,completed,62,女
ORD009545,戴森吸尘器,家居,家居家居,2575.47,7,18028.29,2024/07/17,华南,信用卡,completed,44,男
ORD009546,百威啤酒,食品,食品食品,9014.68,8,72117.44,2024/07/19,西北,信用卡,pending,30,女
ORD009547,算法导论,图书,图书图书,546.12,3,1638.36,2025/05/06,西南,银行卡,completed,19,男
ORD009548,iPhone 15,电子产品,电子产品,1931.84,8,15454.72,2024/10/11,西北,银行卡,cancelled,50,男
ORD009549,小熊加湿器,家居,家居家居,3828.38,7,26798.66,2025/05/28,华南,支付宝,completed,28,男
ORD009550,小熊加湿器,家居,家居家居,3125.56,2,6251.12,2024/10/17,华东,微信支付,completed,37,男
ORD009551,Zara 西装外套,服装,服装服装,5368.76,5,26843.8,2025/02/12,东北,信用卡,completed,48,男
ORD009552,Kindle Paperwhite,电子产品,电子产品,3175.18,3,9525.54,2024/07/17,华中,微信支付,refunded,45,女
ORD009553,农夫山泉,食品,食品食品,389.67,6,2338.02,2024/04/07,华南,信用卡,completed,20,男
ORD009554,小米台灯,家居,家居家居,3749.94,5,18749.7,2024/03/15,华东,支付宝,completed,36,女
ORD009555,思考快与慢,图书,图书图书,5163.69,4,20654.76,2024/07/11,华北,微信支付,completed,47,
ORD009556,戴森吸尘器,家居,家居家居,3382.16,3,10146.48,2024/08/07,华东,支付宝,pending,39,女
ORD009557,AirPods Pro,电子产品,电子产品,1785.62,2,3571.24,2025/05/12,华东,银行卡,pending,53,男
ORD009558,小熊加湿器,家居,家居家居,4714.19,4,18856.76,2024/09/16,西南,信用卡,completed,25,女
ORD009559,人类简史,图书,图书图书,5087.66,8,40701.28,2025/04/21,西南,支付宝,cancelled,19,
ORD009560,原则,图书,图书图书,6820.13,7,47740.91,2024/03/08,西南,银行卡,pending,63,男
ORD009561,人类简史,图书,图书图书,5312.52,8,42500.16,2024/09/23,华南,银行卡,cancelled,38,
ORD009562,New Balance 574,服装,服装服装,4206.57,10,42065.7,2024/10/23,东北,银行卡,completed,18,
ORD009563,农夫山泉,食品,食品食品,2411.92,9,21707.28,2025/03/10,华中,信用卡,completed,42,女
ORD009564,AirPods Pro,电子产品,电子产品,3937.32,2,7874.64,2024/05/22,西南,支付宝,completed,56,
ORD009565,良品铺子零食包,食品,食品食品,9987.13,6,59922.78,2024/11/05,华北,支付宝,completed,44,男
ORD009566,Sony WH-1000XM5,电子产品,电子产品,8900.82,3,26702.46,2025/04/05,华东,微信支付,completed,33,
ORD009567,小熊加湿器,家居,家居家居,1965.01,2,3930.02,2025/02/22,东北,支付宝,completed,59,女
ORD009568,原则,图书,图书图书,2084.29,5,10421.45,2024/09/23,西北,支付宝,refunded,52,女
ORD009569,三只松鼠坚果礼盒,食品,食品食品,6931.26,8,55450.08,2024/02/28,华中,银行卡,cancelled,61,女
ORD009570,农夫山泉,食品,食品食品,4044.8,4,16179.2,2024/11/23,东北,微信支付,completed,46,男
ORD009571,Adidas Ultraboost,服装,服装服装,3462.63,3,10387.89,2024/08/01,华东,支付宝,pending,58,女
ORD009572,MacBook Air,电子产品,电子产品,4413.46,6,26480.76,2025/02/16,华中,支付宝,refunded,28,男
ORD009573,茅台酒,食品,食品食品,9137.5,6,54825.0,2024/02/09,西北,信用卡,pending,20,男
ORD009574,Nike Air Max,服装,服装服装,1573.17,7,11012.19,2025/04/30,西南,支付宝,refunded,33,男
ORD009575,Levi's 501,服装,服装服装,4801.75,7,33612.25,2024/02/21,华中,银行卡,completed,51,男
ORD009576,Levi's 501,服装,服装服装,9716.22,7,68013.54,2024/09/27,西南,支付宝,cancelled,28,女
ORD009577,算法导论,图书,图书图书,5853.27,1,5853.27,2024/03/17,华北,信用卡,completed,24,女
ORD009578,原则,图书,图书图书,120.18,4,480.72,2025/04/14,华东,微信支付,completed,39,
ORD009579,Python编程从入门到实践,图书,图书图书,3032.92,6,18197.52,2024/06/10,华南,微信支付,completed,24,
ORD009580,Zara 西装外套,服装,服装服装,9963.38,9,89670.42,2024/03/16,东北,信用卡,completed,23,男
ORD009581,蒙牛纯牛奶,食品,食品食品,895.48,5,4477.4,2025/02/24,西南,信用卡,completed,52,男
ORD009582,Apple Watch,电子产品,电子产品,1662.95,10,16629.5,2024/05/01,华东,银行卡,refunded,49,男
ORD009583,良品铺子零食包,食品,食品食品,2620.75,8,20966.0,2024/06/16,西北,支付宝,completed,41,女
ORD009584,Levi's 501,服装,服装服装,8328.17,2,16656.34,2024/05/19,华中,信用卡,cancelled,28,女
ORD009585,星巴克咖啡豆,食品,食品食品,730.02,6,4380.12,2025/05/04,东北,信用卡,completed,52,
ORD009586,九阳豆浆机,家居,家居家居,8708.57,3,26125.71,2025/04/10,西南,银行卡,pending,46,男
ORD009587,原则,图书,图书图书,4787.02,4,19148.08,2025/01/28,华东,信用卡,completed,40,女
ORD009588,Levi's 501,服装,服装服装,6733.66,2,13467.32,2025/02/13,华中,微信支付,completed,61,
ORD009589,Dell XPS 15,电子产品,电子产品,4764.63,6,28587.78,2025/01/03,西北,银行卡,refunded,33,女
ORD009590,深入理解计算机系统,图书,图书图书,9808.71,10,98087.1,2024/07/02,西南,微信支付,pending,44,男
ORD009591,三只松鼠坚果礼盒,食品,食品食品,9565.07,7,66955.49,2024/09/10,华中,微信支付,completed,35,女
ORD009592,Python编程从入门到实践,图书,图书图书,1892.12,9,17029.08,2024/04/10,东北,信用卡,completed,30,男
ORD009593,Samsung Galaxy S24,电子产品,电子产品,8957.83,7,62704.81,2025/03/01,华南,信用卡,pending,34,
ORD009594,Sony WH-1000XM5,电子产品,电子产品,963.03,9,8667.27,2025/02/18,西南,信用卡,completed,23,男
ORD009595,网易严选床垫,家居,家居家居,4398.73,2,8797.46,2024/01/16,西北,微信支付,completed,26,男
ORD009596,茅台酒,食品,食品食品,6395.05,8,51160.4,2025/02/03,西北,银行卡,completed,19,
ORD009597,Adidas Ultraboost,服装,服装服装,858.9,2,1717.8,2024/08/11,东北,微信支付,completed,52,女
ORD009598,罗技 MX Master 3,电子产品,电子产品,2612.51,1,2612.51,2025/05/24,华北,银行卡,cancelled,31,
ORD009599,Samsung Galaxy S24,电子产品,电子产品,4869.6,8,38956.8,2024/01/12,华北,银行卡,completed,51,女
ORD009600,MacBook Air,电子产品,电子产品,8780.06,7,61460.42,2024/08/22,华东,信用卡,pending,23,女
ORD009601,优衣库羽绒服,服装,服装服装,2039.3,5,10196.5,2024/07/19,华南,银行卡,completed,39,女
ORD009602,MacBook Air,电子产品,电子产品,1042.2,2,2084.4,2024/02/29,西北,微信支付,pending,50,女
ORD009603,九阳豆浆机,家居,家居家居,71.93,1,71.93,2024/10/13,东北,信用卡,cancelled,39,女
ORD009604,iPhone 15,电子产品,电子产品,6381.94,5,31909.7,2024/12/19,华中,微信支付,completed,41,
ORD009605,Dell XPS 15,电子产品,电子产品,1395.64,5,6978.2,2024/10/23,西南,微信支付,pending,34,
ORD009606,H&M 连衣裙,服装,服装服装,745.31,6,4471.86,2025/02/24,华南,支付宝,cancelled,42,男
ORD009607,Nike Air Max,服装,服装服装,4904.02,2,9808.04,2024/05/22,西南,信用卡,completed,64,男
ORD009608,戴森吸尘器,家居,家居家居,191.41,1,191.41,2025/04/26,东北,微信支付,refunded,53,
ORD009609,星巴克咖啡豆,食品,食品食品,2050.74,2,4101.48,2024/07/04,东北,微信支付,completed,30,女
ORD009610,Samsung Galaxy S24,电子产品,电子产品,4892.59,10,48925.9,2025/02/14,东北,银行卡,pending,44,男
ORD009611,九阳豆浆机,家居,家居家居,3380.53,6,20283.18,2024/06/22,东北,银行卡,pending,64,女
ORD009612,小米台灯,家居,家居家居,5488.52,7,38419.64,2024/04/23,华东,支付宝,pending,60,
ORD009613,优衣库羽绒服,服装,服装服装,4018.15,3,12054.45,2024/12/31,西南,微信支付,completed,19,女
ORD009614,三体全集,图书,图书图书,4764.08,8,38112.64,2025/04/17,东北,信用卡,completed,36,
ORD009615,New Balance 574,服装,服装服装,9171.36,7,64199.52,2025/04/08,西南,信用卡,refunded,30,
ORD009616,Levi's 501,服装,服装服装,8291.38,10,82913.8,2024/04/27,西南,支付宝,completed,19,男
ORD009617,农夫山泉,食品,食品食品,1251.44,7,8760.08,2024/03/02,华北,微信支付,pending,56,
ORD009618,星巴克咖啡豆,食品,食品食品,4436.16,1,4436.16,2025/01/25,华南,微信支付,cancelled,49,女
ORD009619,九阳豆浆机,家居,家居家居,9411.88,1,9411.88,2025/01/27,东北,微信支付,completed,28,
ORD009620,Kindle Paperwhite,电子产品,电子产品,262.42,2,524.84,2024/08/13,西北,信用卡,completed,44,男
ORD009621,良品铺子零食包,食品,食品食品,5330.65,4,21322.6,2024/03/29,华中,银行卡,pending,29,男
ORD009622,网易严选床垫,家居,家居家居,6834.09,3,20502.27,2025/01/01,西南,微信支付,completed,31,男
ORD009623,星巴克咖啡豆,食品,食品食品,447.26,2,894.52,2024/06/28,西南,微信支付,completed,18,
ORD009624,Dell XPS 15,电子产品,电子产品,7727.66,2,15455.32,2024/09/01,华北,微信支付,pending,43,
ORD009625,农夫山泉,食品,食品食品,9157.45,9,82417.05,2024/08/29,西南,支付宝,completed,29,女
ORD009626,蒙牛纯牛奶,食品,食品食品,7865.08,9,70785.72,2024/05/22,西北,微信支付,completed,19,男
ORD009627,Python编程从入门到实践,图书,图书图书,821.85,3,2465.55,2024/04/15,西南,信用卡,completed,20,男
ORD009628,蒙牛纯牛奶,食品,食品食品,902.63,2,1805.26,2024/12/16,西北,银行卡,completed,65,男
ORD009629,美的电饭煲,家居,家居家居,4298.13,9,38683.17,2024/11/03,西南,信用卡,refunded,39,女
ORD009630,人类简史,图书,图书图书,4393.21,10,43932.1,2024/05/11,东北,支付宝,completed,21,女
ORD009631,Python编程从入门到实践,图书,图书图书,5037.8,4,20151.2,2025/04/03,华中,信用卡,completed,47,
ORD009632,Adidas Ultraboost,服装,服装服装,1327.34,7,9291.38,2024/06/18,华中,支付宝,completed,55,女
ORD009633,Levi's 501,服装,服装服装,7610.22,9,68491.98,2025/04/13,华中,信用卡,completed,30,女
ORD009634,深入理解计算机系统,图书,图书图书,7964.72,6,47788.32,2024/02/26,东北,银行卡,completed,26,男
ORD009635,Kindle Paperwhite,电子产品,电子产品,5964.88,6,35789.28,2024/09/29,华东,支付宝,completed,32,
ORD009636,Zara 西装外套,服装,服装服装,8653.41,1,8653.41,2025/01/04,西南,信用卡,pending,36,男
ORD009637,网易严选床垫,家居,家居家居,5550.45,3,16651.35,2024/10/04,华东,信用卡,completed,52,男
ORD009638,三只松鼠坚果礼盒,食品,食品食品,8532.18,1,8532.18,2025/04/19,华中,银行卡,refunded,26,
ORD009639,德芙巧克力,食品,食品食品,6347.88,1,6347.88,2025/02/23,东北,银行卡,completed,33,女
ORD009640,德芙巧克力,食品,食品食品,6454.87,7,45184.09,2025/05/19,东北,支付宝,completed,44,
ORD009641,深入理解计算机系统,图书,图书图书,934.11,10,9341.1,2024/11/20,华东,信用卡,completed,34,女
ORD009642,Kindle Paperwhite,电子产品,电子产品,6822.02,1,6822.02,2024/03/23,华东,支付宝,completed,18,男
ORD009643,Sony WH-1000XM5,电子产品,电子产品,4022.55,3,12067.65,2024/02/24,华北,银行卡,completed,33,女
ORD009644,思考快与慢,图书,图书图书,4968.21,10,49682.1,2025/03/15,华东,银行卡,completed,30,
ORD009645,优衣库羽绒服,服装,服装服装,8202.33,1,8202.33,2024/06/05,华南,微信支付,refunded,33,
ORD009646,小熊加湿器,家居,家居家居,1489.11,4,5956.44,2024/01/08,西南,支付宝,pending,31,男
ORD009647,百威啤酒,食品,食品食品,4571.47,3,13714.41,2025/01/15,华北,支付宝,completed,24,女
ORD009648,德芙巧克力,食品,食品食品,3828.93,1,3828.93,2024/11/20,华东,微信支付,completed,25,男
ORD009649,Levi's 501,服装,服装服装,99.22,2,198.44,2025/03/27,东北,支付宝,cancelled,26,女
ORD009650,Nike Air Max,服装,服装服装,8847.43,1,8847.43,2024/05/29,西南,银行卡,completed,27,
ORD009651,优衣库羽绒服,服装,服装服装,239.26,10,2392.6,2024/11/13,华中,支付宝,pending,34,男
ORD009652,AirPods Pro,电子产品,电子产品,6716.6,10,67166.0,2024/09/25,华东,信用卡,completed,48,
ORD009653,德芙巧克力,食品,食品食品,2056.68,10,20566.8,2025/01/19,华北,银行卡,completed,42,男
ORD009654,H&M 连衣裙,服装,服装服装,1196.59,3,3589.77,2024/12/05,东北,微信支付,pending,61,
ORD009655,百威啤酒,食品,食品食品,2095.77,4,8383.08,2024/12/12,华中,微信支付,pending,59,男
ORD009656,思考快与慢,图书,图书图书,8076.25,2,16152.5,2025/05/22,华南,银行卡,cancelled,22,女
ORD009657,百威啤酒,食品,食品食品,5903.77,1,5903.77,2025/05/06,西南,信用卡,completed,42,
ORD009658,良品铺子零食包,食品,食品食品,2654.2,7,18579.4,2024/08/19,华中,银行卡,pending,44,
ORD009659,茅台酒,食品,食品食品,1260.23,5,6301.15,2024/03/24,西北,银行卡,completed,35,男
ORD009660,良品铺子零食包,食品,食品食品,1584.22,2,3168.44,2024/05/02,华南,银行卡,completed,62,男
ORD009661,美的电饭煲,家居,家居家居,3093.96,5,15469.8,2025/02/07,华东,信用卡,completed,36,男
ORD009662,Levi's 501,服装,服装服装,3421.52,7,23950.64,2024/06/13,东北,微信支付,pending,38,女
ORD009663,优衣库羽绒服,服装,服装服装,1058.1,7,7406.7,2025/05/05,华南,支付宝,cancelled,45,男
ORD009664,北面冲锋衣,服装,服装服装,8826.97,10,88269.7,2025/05/01,华南,微信支付,completed,31,女
ORD009665,小熊加湿器,家居,家居家居,3392.81,8,27142.48,2024/06/09,东北,微信支付,completed,62,
ORD009666,原则,图书,图书图书,2231.96,4,8927.84,2024/07/31,华南,银行卡,completed,62,女
ORD009667,蒙牛纯牛奶,食品,食品食品,3049.55,3,9148.65,2025/01/27,华中,信用卡,pending,46,
ORD009668,iPad Air,电子产品,电子产品,8907.39,6,53444.34,2024/10/14,西南,支付宝,cancelled,37,
ORD009669,优衣库羽绒服,服装,服装服装,6291.33,6,37747.98,2025/01/24,西北,支付宝,refunded,44,
ORD009670,深入理解计算机系统,图书,图书图书,8068.97,1,8068.97,2024/07/23,东北,信用卡,completed,52,男
ORD009671,人类简史,图书,图书图书,6737.91,6,40427.46,2024/02/24,华中,信用卡,completed,33,男
ORD009672,原则,图书,图书图书,3601.16,3,10803.48,2024/06/15,华南,信用卡,completed,32,女
ORD009673,Apple Watch,电子产品,电子产品,8835.23,10,88352.3,2024/12/13,华中,信用卡,refunded,39,
ORD009674,Adidas Ultraboost,服装,服装服装,5170.06,4,20680.24,2024/04/08,西南,银行卡,completed,24,
ORD009675,小熊加湿器,家居,家居家居,261.24,10,2612.4,2025/02/19,西南,支付宝,completed,54,男
ORD009676,MacBook Air,电子产品,电子产品,720.07,6,4320.42,2024/02/17,华北,微信支付,pending,28,
ORD009677,网易严选床垫,家居,家居家居,4345.64,3,13036.92,2024/07/03,东北,微信支付,refunded,29,女
ORD009678,德芙巧克力,食品,食品食品,1228.66,10,12286.6,2025/03/02,西北,信用卡,completed,20,女
ORD009679,MacBook Air,电子产品,电子产品,2651.74,5,13258.7,2024/07/27,华中,银行卡,refunded,64,女
ORD009680,MacBook Air,电子产品,电子产品,6065.84,2,12131.68,2024/11/12,西北,支付宝,completed,50,男
ORD009681,Apple Watch,电子产品,电子产品,2986.73,4,11946.92,2024/04/08,华北,信用卡,completed,40,女
ORD009682,小米台灯,家居,家居家居,8187.95,10,81879.5,2024/08/17,西北,信用卡,refunded,46,
ORD009683,三体全集,图书,图书图书,6047.68,10,60476.8,2024/01/26,华北,支付宝,refunded,29,男
ORD009684,优衣库羽绒服,服装,服装服装,8401.35,6,50408.1,2024/10/29,华中,支付宝,completed,59,女
ORD009685,网易严选床垫,家居,家居家居,2348.8,2,4697.6,2024/10/11,华东,银行卡,pending,65,女
ORD009686,网易严选床垫,家居,家居家居,1395.5,5,6977.5,2024/06/30,华东,微信支付,completed,22,
ORD009687,Zara 西装外套,服装,服装服装,7389.36,4,29557.44,2024/06/05,华东,银行卡,pending,57,男
ORD009688,三体全集,图书,图书图书,7548.07,2,15096.14,2024/12/24,华南,支付宝,pending,50,
ORD009689,Python编程从入门到实践,图书,图书图书,7747.09,6,46482.54,2024/12/13,西北,支付宝,refunded,62,女
ORD009690,Levi's 501,服装,服装服装,3686.28,9,33176.52,2024/02/08,西南,支付宝,cancelled,56,女
ORD009691,蒙牛纯牛奶,食品,食品食品,1540.92,6,9245.52,2024/11/17,西北,微信支付,completed,49,
ORD009692,宜家书架,家居,家居家居,2846.04,7,19922.28,2024/07/13,东北,支付宝,pending,63,女
ORD009693,MacBook Air,电子产品,电子产品,1815.98,8,14527.84,2024/10/06,华北,银行卡,completed,21,女
ORD009694,AirPods Pro,电子产品,电子产品,3230.16,2,6460.32,2024/09/27,西南,微信支付,completed,45,男
ORD009695,美的电饭煲,家居,家居家居,5748.73,5,28743.65,2024/07/15,西北,支付宝,completed,26,女
ORD009696,小熊加湿器,家居,家居家居,7070.56,3,21211.68,2024/06/28,西南,银行卡,refunded,20,女
ORD009697,百威啤酒,食品,食品食品,4711.94,10,47119.4,2024/12/26,华中,微信支付,completed,59,
ORD009698,茅台酒,食品,食品食品,7261.44,10,72614.4,2025/02/04,华东,信用卡,completed,53,女
ORD009699,原则,图书,图书图书,2813.98,4,11255.92,2024/10/28,华北,信用卡,cancelled,19,女
ORD009700,戴森吸尘器,家居,家居家居,1663.16,1,1663.16,2024/06/10,华南,微信支付,cancelled,29,
ORD009701,戴森吸尘器,家居,家居家居,6156.58,6,36939.48,2024/03/17,华北,支付宝,pending,23,女
ORD009702,Apple Watch,电子产品,电子产品,3981.24,5,19906.2,2024/10/16,东北,信用卡,completed,29,
ORD009703,九阳豆浆机,家居,家居家居,4317.2,10,43172.0,2024/05/30,华中,支付宝,pending,50,女
ORD009704,优衣库羽绒服,服装,服装服装,9857.15,4,39428.6,2024/01/03,西南,信用卡,completed,46,
ORD009705,iPad Air,电子产品,电子产品,8406.0,7,58842.0,2024/08/03,东北,支付宝,completed,62,男
ORD009706,深入理解计算机系统,图书,图书图书,3867.4,6,23204.4,2025/01/20,东北,银行卡,pending,43,女
ORD009707,戴森吸尘器,家居,家居家居,4573.6,5,22868.0,2024/08/27,东北,支付宝,completed,43,
ORD009708,原则,图书,图书图书,6957.5,8,55660.0,2024/02/18,华中,银行卡,completed,39,
ORD009709,星巴克咖啡豆,食品,食品食品,4073.88,2,8147.76,2024/02/08,西北,微信支付,completed,46,女
ORD009710,三体全集,图书,图书图书,1766.58,2,3533.16,2024/04/08,西南,微信支付,completed,60,
ORD009711,Levi's 501,服装,服装服装,5610.18,3,16830.54,2024/06/13,西南,微信支付,completed,27,
ORD009712,北面冲锋衣,服装,服装服装,8421.53,3,25264.59,2024/02/18,华东,支付宝,refunded,32,男
ORD009713,三体全集,图书,图书图书,3942.0,4,15768.0,2024/12/01,华南,信用卡,cancelled,37,男
ORD009714,蒙牛纯牛奶,食品,食品食品,7856.94,2,15713.88,2024/05/02,东北,支付宝,completed,32,
ORD009715,H&M 连衣裙,服装,服装服装,4847.07,1,4847.07,2024/09/15,西北,支付宝,completed,32,女
ORD009716,New Balance 574,服装,服装服装,9533.35,3,28600.05,2024/01/20,华南,信用卡,completed,20,女
ORD009717,良品铺子零食包,食品,食品食品,9424.4,5,47122.0,2024/02/19,华中,支付宝,completed,23,男
ORD009718,良品铺子零食包,食品,食品食品,4284.72,5,21423.6,2025/05/30,东北,信用卡,completed,38,男
ORD009719,优衣库羽绒服,服装,服装服装,431.27,5,2156.35,2024/07/28,西北,银行卡,completed,40,男
ORD009720,人类简史,图书,图书图书,9657.55,1,9657.55,2025/05/07,西北,支付宝,pending,28,男
ORD009721,Adidas Ultraboost,服装,服装服装,2253.89,7,15777.23,2024/12/18,华南,微信支付,cancelled,45,男
ORD009722,人类简史,图书,图书图书,3903.58,10,39035.8,2025/06/01,华东,微信支付,completed,65,
ORD009723,算法导论,图书,图书图书,2313.61,7,16195.27,2024/04/17,华东,微信支付,completed,56,
ORD009724,算法导论,图书,图书图书,9422.03,6,56532.18,2024/08/16,华南,银行卡,pending,32,男
ORD009725,宜家书架,家居,家居家居,1243.85,6,7463.1,2025/05/31,华东,信用卡,refunded,59,
ORD009726,罗技 MX Master 3,电子产品,电子产品,5904.77,7,41333.39,2025/05/09,西南,银行卡,completed,32,男
ORD009727,九阳豆浆机,家居,家居家居,6652.59,4,26610.36,2025/05/30,华北,微信支付,completed,46,
ORD009728,思考快与慢,图书,图书图书,9863.11,2,19726.22,2024/08/16,华中,微信支付,refunded,43,
ORD009729,戴森吸尘器,家居,家居家居,9769.86,7,68389.02,2024/03/17,西南,支付宝,completed,62,
ORD009730,九阳豆浆机,家居,家居家居,4241.44,6,25448.64,2024/09/23,西南,银行卡,pending,33,
ORD009731,北面冲锋衣,服装,服装服装,6110.21,6,36661.26,2025/04/30,华东,支付宝,completed,22,男
ORD009732,优衣库羽绒服,服装,服装服装,5568.9,10,55689.0,2025/01/22,华北,微信支付,completed,54,
ORD009733,北面冲锋衣,服装,服装服装,9437.61,7,66063.27,2025/01/03,东北,支付宝,cancelled,39,女
ORD009734,New Balance 574,服装,服装服装,2632.96,2,5265.92,2024/09/05,东北,微信支付,refunded,21,
ORD009735,思考快与慢,图书,图书图书,9378.01,10,93780.1,2024/11/10,东北,信用卡,completed,30,
ORD009736,Nike Air Max,服装,服装服装,9465.92,1,9465.92,2024/05/09,西北,信用卡,completed,37,女
ORD009737,戴森吸尘器,家居,家居家居,2235.71,6,13414.26,2024/03/14,西北,信用卡,completed,21,
ORD009738,Adidas Ultraboost,服装,服装服装,434.19,5,2170.95,2024/04/06,华中,微信支付,cancelled,43,男
ORD009739,Zara 西装外套,服装,服装服装,713.58,4,2854.32,2024/12/14,华东,银行卡,pending,40,女
ORD009740,农夫山泉,食品,食品食品,4825.46,6,28952.76,2024/12/05,西南,信用卡,pending,61,
ORD009741,Nike Air Max,服装,服装服装,1085.0,9,9765.0,2025/04/20,西南,银行卡,pending,35,
ORD009742,北面冲锋衣,服装,服装服装,2313.78,4,9255.12,2025/05/17,华北,信用卡,refunded,35,女
ORD009743,三只松鼠坚果礼盒,食品,食品食品,736.03,8,5888.24,2024/04/26,华北,信用卡,completed,51,男
ORD009744,德芙巧克力,食品,食品食品,8555.72,5,42778.6,2024/02/10,华北,微信支付,completed,46,男
ORD009745,小熊加湿器,家居,家居家居,2059.1,9,18531.9,2024/05/15,西北,信用卡,completed,46,男
ORD009746,Levi's 501,服装,服装服装,5084.85,9,45763.65,2024/11/30,华中,银行卡,completed,35,
ORD009747,优衣库羽绒服,服装,服装服装,2451.72,9,22065.48,2025/02/25,华东,银行卡,refunded,21,男
ORD009748,德芙巧克力,食品,食品食品,6640.68,9,59766.12,2025/01/29,华南,支付宝,pending,30,女
ORD009749,小米台灯,家居,家居家居,6973.37,4,27893.48,2025/03/12,西南,信用卡,pending,60,女
ORD009750,茅台酒,食品,食品食品,3114.31,5,15571.55,2025/03/28,华北,银行卡,completed,35,
ORD009751,三只松鼠坚果礼盒,食品,食品食品,8879.24,6,53275.44,2024/07/08,东北,微信支付,completed,35,
ORD009752,星巴克咖啡豆,食品,食品食品,595.48,8,4763.84,2025/05/01,西南,支付宝,pending,62,男
ORD009753,小熊加湿器,家居,家居家居,5937.15,1,5937.15,2025/01/25,华中,银行卡,refunded,44,
ORD009754,Levi's 501,服装,服装服装,1795.74,5,8978.7,2025/02/28,东北,微信支付,pending,33,
ORD009755,三体全集,图书,图书图书,5907.68,4,23630.72,2024/10/23,东北,信用卡,completed,60,
ORD009756,Adidas Ultraboost,服装,服装服装,6031.46,3,18094.38,2025/01/01,华南,银行卡,completed,42,
ORD009757,原则,图书,图书图书,5595.12,2,11190.24,2025/01/20,东北,银行卡,completed,25,
ORD009758,宜家书架,家居,家居家居,6637.15,1,6637.15,2024/11/25,华北,银行卡,completed,51,男
ORD009759,MacBook Air,电子产品,电子产品,2403.82,2,4807.64,2025/04/15,华东,银行卡,completed,18,
ORD009760,茅台酒,食品,食品食品,6055.41,3,18166.23,2024/01/02,东北,微信支付,refunded,25,
ORD009761,优衣库羽绒服,服装,服装服装,4562.4,6,27374.4,2024/06/08,华东,支付宝,completed,37,女
ORD009762,原则,图书,图书图书,6146.85,7,43027.95,2025/05/12,华北,信用卡,completed,22,
ORD009763,优衣库羽绒服,服装,服装服装,2255.32,8,18042.56,2024/01/12,华中,微信支付,completed,37,
ORD009764,美的电饭煲,家居,家居家居,6727.43,5,33637.15,2025/01/05,华北,支付宝,completed,33,女
ORD009765,良品铺子零食包,食品,食品食品,9321.1,7,65247.7,2025/04/03,华南,微信支付,pending,47,
ORD009766,深入理解计算机系统,图书,图书图书,4888.54,4,19554.16,2025/04/13,东北,信用卡,completed,20,女
ORD009767,New Balance 574,服装,服装服装,690.29,7,4832.03,2024/11/16,西北,银行卡,pending,42,女
ORD009768,深入理解计算机系统,图书,图书图书,2976.41,10,29764.1,2024/09/18,西北,信用卡,completed,23,女
ORD009769,茅台酒,食品,食品食品,5128.31,8,41026.48,2024/02/18,西北,微信支付,refunded,41,
ORD009770,三体全集,图书,图书图书,3672.97,9,33056.73,2024/10/27,华东,信用卡,completed,25,女
ORD009771,Kindle Paperwhite,电子产品,电子产品,8916.23,5,44581.15,2025/01/20,西北,微信支付,completed,47,
ORD009772,美的电饭煲,家居,家居家居,8838.9,9,79550.1,2025/04/21,西南,银行卡,completed,57,女
ORD009773,Apple Watch,电子产品,电子产品,9602.57,7,67217.99,2024/05/14,华中,微信支付,pending,39,女
ORD009774,星巴克咖啡豆,食品,食品食品,1681.4,4,6725.6,2025/05/26,西南,信用卡,refunded,24,男
ORD009775,Nike Air Max,服装,服装服装,5453.46,6,32720.76,2024/11/01,华北,银行卡,completed,28,女
ORD009776,深入理解计算机系统,图书,图书图书,9933.8,4,39735.2,2024/04/13,华中,支付宝,completed,61,男
ORD009777,三体全集,图书,图书图书,7212.58,4,28850.32,2025/04/27,华南,银行卡,completed,38,女
ORD009778,原则,图书,图书图书,2425.14,8,19401.12,2024/10/26,东北,信用卡,completed,63,男
ORD009779,Samsung Galaxy S24,电子产品,电子产品,9847.3,6,59083.8,2024/04/24,华北,微信支付,completed,45,女
ORD009780,思考快与慢,图书,图书图书,8562.2,1,8562.2,2024/09/22,华南,支付宝,pending,65,
ORD009781,原则,图书,图书图书,7447.64,6,44685.84,2025/01/03,华南,信用卡,completed,20,女
ORD009782,H&M 连衣裙,服装,服装服装,2199.38,10,21993.8,2024/05/10,华东,银行卡,refunded,25,
ORD009783,思考快与慢,图书,图书图书,1263.31,2,2526.62,2025/03/10,西北,信用卡,completed,27,
ORD009784,星巴克咖啡豆,食品,食品食品,9209.7,4,36838.8,2024/08/27,西北,支付宝,completed,53,男
ORD009785,人类简史,图书,图书图书,2040.36,5,10201.8,2024/06/15,华北,支付宝,cancelled,60,
ORD009786,德芙巧克力,食品,食品食品,7517.37,10,75173.7,2024/09/29,华中,信用卡,pending,42,
ORD009787,Dell XPS 15,电子产品,电子产品,5392.56,2,10785.12,2024/04/04,西北,支付宝,completed,44,
ORD009788,优衣库羽绒服,服装,服装服装,5501.11,8,44008.88,2024/08/23,东北,支付宝,refunded,59,
ORD009789,人类简史,图书,图书图书,1759.99,5,8799.95,2025/04/03,华北,信用卡,completed,62,女
ORD009790,Kindle Paperwhite,电子产品,电子产品,6929.88,2,13859.76,2024/11/13,华南,微信支付,completed,29,男
ORD009791,良品铺子零食包,食品,食品食品,5682.06,5,28410.3,2024/05/29,华东,微信支付,completed,47,
ORD009792,Dell XPS 15,电子产品,电子产品,5911.49,3,17734.47,2025/01/15,华北,信用卡,completed,54,男
ORD009793,深入理解计算机系统,图书,图书图书,4014.25,2,8028.5,2025/04/09,华北,微信支付,completed,29,
ORD009794,优衣库羽绒服,服装,服装服装,7717.53,8,61740.24,2024/05/06,华南,微信支付,cancelled,45,男
ORD009795,九阳豆浆机,家居,家居家居,5720.69,8,45765.52,2024/09/16,华中,信用卡,cancelled,23,女
ORD009796,Kindle Paperwhite,电子产品,电子产品,3109.14,8,24873.12,2024/10/12,西南,微信支付,completed,46,
ORD009797,iPad Air,电子产品,电子产品,3889.16,5,19445.8,2025/02/21,华北,信用卡,completed,39,
ORD009798,Kindle Paperwhite,电子产品,电子产品,3507.52,7,24552.64,2024/07/12,华北,信用卡,pending,40,
ORD009799,网易严选床垫,家居,家居家居,5620.97,7,39346.79,2024/10/10,西北,信用卡,refunded,61,男
ORD009800,Sony WH-1000XM5,电子产品,电子产品,8441.98,4,33767.92,2024/03/05,华东,微信支付,cancelled,56,
ORD009801,Python编程从入门到实践,图书,图书图书,8114.22,7,56799.54,2024/05/01,西北,银行卡,cancelled,26,男
ORD009802,Levi's 501,服装,服装服装,9734.49,6,58406.94,2024/08/23,西北,银行卡,completed,39,
ORD009803,三只松鼠坚果礼盒,食品,食品食品,8908.04,5,44540.2,2024/03/05,东北,支付宝,completed,32,男
ORD009804,戴森吸尘器,家居,家居家居,4660.89,8,37287.12,2024/05/17,华南,信用卡,completed,28,男
ORD009805,德芙巧克力,食品,食品食品,2514.19,8,20113.52,2024/03/03,华中,支付宝,pending,38,
ORD009806,思考快与慢,图书,图书图书,520.0,5,2600.0,2025/05/25,华南,银行卡,completed,56,
ORD009807,原则,图书,图书图书,4669.59,8,37356.72,2024/08/04,西南,微信支付,pending,62,男
ORD009808,小熊加湿器,家居,家居家居,8407.54,8,67260.32,2024/05/22,东北,银行卡,completed,59,
ORD009809,美的电饭煲,家居,家居家居,1048.56,3,3145.68,2024/11/11,西北,支付宝,completed,54,男
ORD009810,百威啤酒,食品,食品食品,5390.58,3,16171.74,2024/11/21,西北,银行卡,cancelled,30,女
ORD009811,北面冲锋衣,服装,服装服装,9487.82,1,9487.82,2025/05/13,东北,支付宝,completed,61,女
ORD009812,iPhone 15,电子产品,电子产品,4012.13,8,32097.04,2024/06/25,华北,支付宝,pending,36,女
ORD009813,戴森吸尘器,家居,家居家居,5555.04,2,11110.08,2024/12/28,华中,微信支付,completed,22,男
ORD009814,Sony WH-1000XM5,电子产品,电子产品,1371.68,8,10973.44,2025/06/01,华东,银行卡,completed,33,男
ORD009815,星巴克咖啡豆,食品,食品食品,4371.85,1,4371.85,2025/05/09,西南,银行卡,pending,52,男
ORD009816,Adidas Ultraboost,服装,服装服装,2888.62,3,8665.86,2024/12/23,华东,银行卡,completed,53,男
ORD009817,Levi's 501,服装,服装服装,4884.47,1,4884.47,2024/11/07,西北,信用卡,cancelled,63,女
ORD009818,Apple Watch,电子产品,电子产品,6625.14,8,53001.12,2024/06/18,西南,信用卡,completed,41,女
ORD009819,良品铺子零食包,食品,食品食品,3973.05,4,15892.2,2024/06/26,西北,银行卡,completed,20,女
ORD009820,Levi's 501,服装,服装服装,258.79,7,1811.53,2024/02/11,华北,信用卡,completed,30,
ORD009821,小米台灯,家居,家居家居,2269.33,5,11346.65,2024/02/05,西北,支付宝,completed,55,女
ORD009822,小米台灯,家居,家居家居,5754.53,2,11509.06,2024/07/04,华南,支付宝,completed,52,女
ORD009823,Adidas Ultraboost,服装,服装服装,4605.33,10,46053.3,2024/11/30,东北,银行卡,completed,28,女
ORD009824,德芙巧克力,食品,食品食品,8767.0,5,43835.0,2024/11/10,西北,支付宝,completed,52,
ORD009825,九阳豆浆机,家居,家居家居,7519.91,5,37599.55,2025/01/30,华北,信用卡,cancelled,25,
ORD009826,优衣库羽绒服,服装,服装服装,8746.17,4,34984.68,2025/03/19,西南,银行卡,completed,55,
ORD009827,iPad Air,电子产品,电子产品,7848.36,7,54938.52,2024/01/24,华北,微信支付,completed,61,
ORD009828,Nike Air Max,服装,服装服装,7478.84,1,7478.84,2024/09/30,华南,信用卡,cancelled,45,男
ORD009829,美的电饭煲,家居,家居家居,6639.87,2,13279.74,2024/11/14,西北,微信支付,completed,34,
ORD009830,iPad Air,电子产品,电子产品,2120.54,8,16964.32,2024/06/14,华中,银行卡,completed,56,男
ORD009831,Python编程从入门到实践,图书,图书图书,4247.98,6,25487.88,2024/04/22,华中,支付宝,completed,58,女
ORD009832,H&M 连衣裙,服装,服装服装,8292.45,10,82924.5,2025/03/05,华北,银行卡,completed,37,男
ORD009833,AirPods Pro,电子产品,电子产品,8467.32,10,84673.2,2025/03/06,华东,银行卡,completed,35,女
ORD009834,蒙牛纯牛奶,食品,食品食品,3273.57,8,26188.56,2024/04/06,西北,银行卡,completed,49,
ORD009835,人类简史,图书,图书图书,6898.21,3,20694.63,2024/11/08,华南,银行卡,completed,52,
ORD009836,人类简史,图书,图书图书,943.55,9,8491.95,2024/04/17,东北,银行卡,completed,40,女
ORD009837,蒙牛纯牛奶,食品,食品食品,8640.01,2,17280.02,2024/03/23,西南,银行卡,pending,55,女
ORD009838,iPad Air,电子产品,电子产品,8164.13,3,24492.39,2024/05/12,华南,银行卡,completed,56,
ORD009839,星巴克咖啡豆,食品,食品食品,3589.05,7,25123.35,2025/02/15,华东,微信支付,pending,64,男
ORD009840,人类简史,图书,图书图书,4480.67,6,26884.02,2025/01/26,东北,微信支付,cancelled,53,男
ORD009841,三只松鼠坚果礼盒,食品,食品食品,7733.97,7,54137.79,2024/12/06,西北,信用卡,completed,65,
ORD009842,Sony WH-1000XM5,电子产品,电子产品,8498.24,9,76484.16,2024/11/12,西北,信用卡,refunded,31,
ORD009843,AirPods Pro,电子产品,电子产品,3352.47,3,10057.41,2024/03/03,华东,微信支付,pending,50,
ORD009844,宜家书架,家居,家居家居,6967.36,1,6967.36,2025/05/08,华南,信用卡,completed,64,女
ORD009845,New Balance 574,服装,服装服装,4183.02,7,29281.14,2025/03/29,华中,支付宝,pending,62,男
ORD009846,良品铺子零食包,食品,食品食品,9704.04,2,19408.08,2024/12/03,华东,微信支付,completed,40,
ORD009847,Zara 西装外套,服装,服装服装,1954.33,9,17588.97,2024/11/30,华中,微信支付,completed,53,女
ORD009848,思考快与慢,图书,图书图书,1684.56,8,13476.48,2024/09/02,华南,支付宝,refunded,64,女
ORD009849,H&M 连衣裙,服装,服装服装,8735.15,4,34940.6,2024/04/17,华南,支付宝,completed,22,
ORD009850,Python编程从入门到实践,图书,图书图书,6814.23,10,68142.3,2024/12/29,西北,信用卡,completed,20,女
ORD009851,蒙牛纯牛奶,食品,食品食品,2279.64,6,13677.84,2025/01/29,东北,支付宝,completed,45,
ORD009852,德芙巧克力,食品,食品食品,1366.1,6,8196.6,2025/02/26,华中,信用卡,cancelled,50,
ORD009853,原则,图书,图书图书,8435.57,1,8435.57,2025/03/25,西南,支付宝,completed,19,女
ORD009854,思考快与慢,图书,图书图书,3712.95,10,37129.5,2024/10/30,西南,银行卡,pending,59,女
ORD009855,Sony WH-1000XM5,电子产品,电子产品,1839.84,9,16558.56,2025/03/27,东北,银行卡,completed,37,女
ORD009856,小熊加湿器,家居,家居家居,5087.0,6,30522.0,2025/01/01,西南,支付宝,cancelled,60,男
ORD009857,农夫山泉,食品,食品食品,3596.31,10,35963.1,2024/08/08,华中,信用卡,completed,33,
ORD009858,iPad Air,电子产品,电子产品,5378.45,6,32270.7,2024/12/21,华东,银行卡,completed,41,
ORD009859,Adidas Ultraboost,服装,服装服装,8396.05,2,16792.1,2024/04/14,华东,微信支付,completed,23,男
ORD009860,iPad Air,电子产品,电子产品,1974.53,10,19745.3,2024/01/24,东北,微信支付,completed,45,女
ORD009861,算法导论,图书,图书图书,7224.04,3,21672.12,2024/11/05,华南,信用卡,pending,25,
ORD009862,良品铺子零食包,食品,食品食品,7093.89,3,21281.67,2025/02/21,华东,微信支付,completed,51,
ORD009863,星巴克咖啡豆,食品,食品食品,7117.75,7,49824.25,2024/07/17,华中,支付宝,refunded,51,女
ORD009864,星巴克咖啡豆,食品,食品食品,6601.39,6,39608.34,2024/10/12,华东,微信支付,refunded,30,男
ORD009865,Kindle Paperwhite,电子产品,电子产品,5281.88,9,47536.92,2025/01/15,华东,银行卡,pending,42,男
ORD009866,宜家书架,家居,家居家居,4342.06,3,13026.18,2025/03/12,华中,银行卡,refunded,56,女
ORD009867,iPhone 15,电子产品,电子产品,3908.47,10,39084.7,2025/01/13,东北,信用卡,completed,51,男
ORD009868,AirPods Pro,电子产品,电子产品,9744.27,1,9744.27,2024/08/17,华北,信用卡,completed,28,
ORD009869,宜家书架,家居,家居家居,5580.78,1,5580.78,2025/03/16,华东,信用卡,completed,40,男
ORD009870,思考快与慢,图书,图书图书,2276.29,10,22762.9,2024/04/24,西北,信用卡,pending,52,
ORD009871,Zara 西装外套,服装,服装服装,2235.66,3,6706.98,2024/05/27,华中,微信支付,completed,24,
ORD009872,Samsung Galaxy S24,电子产品,电子产品,8534.97,1,8534.97,2025/05/30,西南,微信支付,completed,33,女
ORD009873,Python编程从入门到实践,图书,图书图书,6035.5,2,12071.0,2024/04/03,西北,银行卡,completed,29,女
ORD009874,星巴克咖啡豆,食品,食品食品,9510.85,6,57065.1,2025/05/23,西北,微信支付,completed,44,
ORD009875,人类简史,图书,图书图书,2193.09,1,2193.09,2024/03/31,西南,微信支付,completed,31,
ORD009876,茅台酒,食品,食品食品,1325.06,2,2650.12,2024/09/02,华北,信用卡,pending,29,男
ORD009877,思考快与慢,图书,图书图书,9801.47,5,49007.35,2025/05/25,东北,信用卡,completed,34,女
ORD009878,蒙牛纯牛奶,食品,食品食品,2073.72,3,6221.16,2024/06/23,华中,信用卡,completed,43,男
ORD009879,三体全集,图书,图书图书,2691.7,9,24225.3,2024/07/10,西南,银行卡,completed,26,女
ORD009880,北面冲锋衣,服装,服装服装,8449.05,1,8449.05,2024/10/14,华东,信用卡,pending,44,
ORD009881,Adidas Ultraboost,服装,服装服装,658.87,2,1317.74,2024/06/26,西南,微信支付,refunded,41,男
ORD009882,星巴克咖啡豆,食品,食品食品,3722.1,4,14888.4,2024/04/18,华北,微信支付,completed,26,男
ORD009883,Apple Watch,电子产品,电子产品,5939.87,2,11879.74,2025/05/20,东北,银行卡,completed,22,男
ORD009884,Python编程从入门到实践,图书,图书图书,4498.75,4,17995.0,2025/02/22,华南,信用卡,completed,27,男
ORD009885,百威啤酒,食品,食品食品,4125.81,8,33006.48,2024/11/17,华北,支付宝,completed,37,女
ORD009886,蒙牛纯牛奶,食品,食品食品,6251.15,4,25004.6,2024/11/19,华中,信用卡,completed,37,女
ORD009887,九阳豆浆机,家居,家居家居,5383.39,8,43067.12,2025/01/03,东北,支付宝,pending,23,女
ORD009888,小熊加湿器,家居,家居家居,8974.82,9,80773.38,2024/05/09,华南,支付宝,completed,24,
ORD009889,优衣库羽绒服,服装,服装服装,8779.53,7,61456.71,2025/03/06,华南,支付宝,pending,26,男
ORD009890,New Balance 574,服装,服装服装,240.57,3,721.71,2025/05/14,华南,银行卡,completed,50,女
ORD009891,New Balance 574,服装,服装服装,4662.58,9,41963.22,2025/02/05,华南,微信支付,completed,26,
ORD009892,戴森吸尘器,家居,家居家居,9726.17,5,48630.85,2024/03/27,东北,微信支付,completed,45,男
ORD009893,iPad Air,电子产品,电子产品,5677.03,2,11354.06,2024/02/12,西南,银行卡,cancelled,46,男
ORD009894,小熊加湿器,家居,家居家居,3953.58,5,19767.9,2024/08/11,华中,微信支付,completed,24,女
ORD009895,戴森吸尘器,家居,家居家居,8671.73,5,43358.65,2024/08/25,华中,信用卡,pending,37,男
ORD009896,iPad Air,电子产品,电子产品,4303.39,1,4303.39,2025/02/23,华南,微信支付,completed,50,女
ORD009897,New Balance 574,服装,服装服装,5562.88,9,50065.92,2024/03/25,西北,信用卡,completed,33,男
ORD009898,AirPods Pro,电子产品,电子产品,2860.32,8,22882.56,2024/03/15,华南,银行卡,pending,41,女
ORD009899,Kindle Paperwhite,电子产品,电子产品,9548.32,10,95483.2,2024/11/20,华东,银行卡,completed,65,女
ORD009900,小米台灯,家居,家居家居,4105.72,3,12317.16,2025/03/05,华东,银行卡,completed,24,
ORD009901,小熊加湿器,家居,家居家居,1145.87,5,5729.35,2024/11/17,华东,微信支付,cancelled,59,
ORD009902,iPhone 15,电子产品,电子产品,7896.34,6,47378.04,2025/01/23,西北,支付宝,completed,19,女
ORD009903,Nike Air Max,服装,服装服装,7395.19,1,7395.19,2024/10/17,华东,银行卡,completed,37,女
ORD009904,Python编程从入门到实践,图书,图书图书,2521.8,6,15130.8,2025/05/29,华中,微信支付,cancelled,50,男
ORD009905,良品铺子零食包,食品,食品食品,2640.83,7,18485.81,2025/05/06,东北,支付宝,completed,43,女
ORD009906,Python编程从入门到实践,图书,图书图书,7677.26,1,7677.26,2024/08/21,东北,支付宝,completed,58,男
ORD009907,茅台酒,食品,食品食品,4373.98,2,8747.96,2025/01/22,东北,微信支付,cancelled,21,男
ORD009908,百威啤酒,食品,食品食品,9878.18,4,39512.72,2024/10/05,华南,支付宝,refunded,52,女
ORD009909,美的电饭煲,家居,家居家居,560.3,1,560.3,2024/02/09,华东,信用卡,refunded,24,
ORD009910,百威啤酒,食品,食品食品,9919.25,9,89273.25,2024/07/04,华中,支付宝,completed,21,
ORD009911,网易严选床垫,家居,家居家居,9334.77,2,18669.54,2024/11/10,华东,信用卡,refunded,43,男
ORD009912,农夫山泉,食品,食品食品,5519.66,9,49676.94,2024/10/27,华北,银行卡,completed,22,男
ORD009913,算法导论,图书,图书图书,3459.26,10,34592.6,2024/04/01,华东,信用卡,cancelled,33,女
ORD009914,原则,图书,图书图书,7879.77,10,78797.7,2024/10/27,华南,信用卡,completed,46,男
ORD009915,Kindle Paperwhite,电子产品,电子产品,5435.24,8,43481.92,2025/04/07,华南,信用卡,pending,27,女
ORD009916,蒙牛纯牛奶,食品,食品食品,3780.28,7,26461.96,2024/05/18,东北,银行卡,pending,54,女
ORD009917,蒙牛纯牛奶,食品,食品食品,6424.16,4,25696.64,2025/02/08,西北,银行卡,completed,64,
ORD009918,人类简史,图书,图书图书,9011.43,3,27034.29,2024/09/12,西南,信用卡,completed,63,
ORD009919,Kindle Paperwhite,电子产品,电子产品,9567.72,10,95677.2,2025/01/31,华北,支付宝,completed,53,
ORD009920,茅台酒,食品,食品食品,6793.23,9,61139.07,2024/11/28,华中,银行卡,refunded,29,
ORD009921,北面冲锋衣,服装,服装服装,4376.11,1,4376.11,2024/11/05,华中,银行卡,pending,54,女
ORD009922,九阳豆浆机,家居,家居家居,3240.76,2,6481.52,2024/05/29,东北,信用卡,completed,61,男
ORD009923,深入理解计算机系统,图书,图书图书,1241.68,2,2483.36,2025/02/20,华南,微信支付,completed,61,男
ORD009924,茅台酒,食品,食品食品,901.41,3,2704.23,2024/05/07,西南,银行卡,completed,63,男
ORD009925,北面冲锋衣,服装,服装服装,9614.48,10,96144.8,2024/04/03,华北,支付宝,pending,59,男
ORD009926,算法导论,图书,图书图书,4893.76,9,44043.84,2025/01/17,华北,银行卡,completed,39,
ORD009927,农夫山泉,食品,食品食品,2543.1,4,10172.4,2024/12/16,西南,微信支付,completed,43,男
ORD009928,Samsung Galaxy S24,电子产品,电子产品,1206.42,8,9651.36,2025/03/03,华南,微信支付,pending,23,男
ORD009929,网易严选床垫,家居,家居家居,7071.84,6,42431.04,2024/12/19,华南,银行卡,completed,24,男
ORD009930,百威啤酒,食品,食品食品,1937.74,4,7750.96,2024/03/26,华南,微信支付,completed,21,
ORD009931,深入理解计算机系统,图书,图书图书,1112.34,6,6674.04,2024/03/23,西南,支付宝,refunded,32,女
ORD009932,New Balance 574,服装,服装服装,4617.85,9,41560.65,2024/05/21,东北,信用卡,pending,53,
ORD009933,三体全集,图书,图书图书,363.35,7,2543.45,2025/04/12,华东,信用卡,pending,38,
ORD009934,三只松鼠坚果礼盒,食品,食品食品,9804.0,7,68628.0,2024/11/16,西北,微信支付,completed,50,男
ORD009935,算法导论,图书,图书图书,3175.19,10,31751.9,2025/04/19,华南,银行卡,pending,61,男
ORD009936,百威啤酒,食品,食品食品,3668.69,4,14674.76,2024/04/27,东北,信用卡,pending,61,
ORD009937,AirPods Pro,电子产品,电子产品,5386.12,10,53861.2,2024/11/27,西北,信用卡,pending,54,
ORD009938,宜家书架,家居,家居家居,4088.51,9,36796.59,2024/11/06,西北,银行卡,refunded,31,
ORD009939,New Balance 574,服装,服装服装,4765.68,7,33359.76,2024/03/02,华东,微信支付,completed,20,女
ORD009940,小米台灯,家居,家居家居,4195.51,2,8391.02,2024/09/14,东北,微信支付,refunded,57,男
ORD009941,三只松鼠坚果礼盒,食品,食品食品,7473.97,6,44843.82,2024/02/04,华东,微信支付,refunded,21,女
ORD009942,思考快与慢,图书,图书图书,1376.19,4,5504.76,2024/10/10,西北,微信支付,completed,27,女
ORD009943,原则,图书,图书图书,4580.62,4,18322.48,2024/09/27,西北,银行卡,completed,54,男
ORD009944,iPhone 15,电子产品,电子产品,8353.38,4,33413.52,2024/02/11,华北,银行卡,completed,48,女
ORD009945,Samsung Galaxy S24,电子产品,电子产品,9521.02,9,85689.18,2025/02/11,西南,支付宝,refunded,42,男
ORD009946,New Balance 574,服装,服装服装,5250.94,5,26254.7,2025/01/06,华东,信用卡,pending,29,男
ORD009947,美的电饭煲,家居,家居家居,8629.49,5,43147.45,2024/06/26,华南,支付宝,completed,38,女
ORD009948,iPad Air,电子产品,电子产品,4509.83,6,27058.98,2025/01/04,东北,信用卡,completed,61,
ORD009949,Kindle Paperwhite,电子产品,电子产品,8947.67,9,80529.03,2024/09/29,华东,支付宝,completed,35,
ORD009950,Nike Air Max,服装,服装服装,377.88,1,377.88,2025/03/01,西北,支付宝,completed,57,女
ORD009951,Samsung Galaxy S24,电子产品,电子产品,386.59,5,1932.95,2024/06/20,华中,微信支付,completed,37,女
ORD009952,三体全集,图书,图书图书,7089.51,3,21268.53,2025/03/31,华中,支付宝,completed,63,男
ORD009953,小米台灯,家居,家居家居,7632.32,1,7632.32,2024/10/18,华南,银行卡,cancelled,46,
ORD009954,Python编程从入门到实践,图书,图书图书,725.44,9,6528.96,2024/12/23,西南,支付宝,completed,30,女
ORD009955,算法导论,图书,图书图书,4635.58,2,9271.16,2024/10/14,西南,信用卡,pending,43,男
ORD009956,Sony WH-1000XM5,电子产品,电子产品,9970.78,9,89737.02,2024/04/18,华东,支付宝,cancelled,38,
ORD009957,Apple Watch,电子产品,电子产品,6638.46,10,66384.6,2024/07/27,华北,信用卡,pending,58,女
ORD009958,原则,图书,图书图书,9651.2,2,19302.4,2025/01/14,西北,信用卡,pending,28,男
ORD009959,Dell XPS 15,电子产品,电子产品,7546.64,5,37733.2,2024/12/15,华中,信用卡,completed,48,
ORD009960,Sony WH-1000XM5,电子产品,电子产品,8543.76,10,85437.6,2025/05/22,华中,支付宝,completed,65,男
ORD009961,茅台酒,食品,食品食品,2395.79,2,4791.58,2025/03/05,东北,微信支付,cancelled,42,
ORD009962,优衣库羽绒服,服装,服装服装,9981.43,2,19962.86,2024/10/07,东北,信用卡,completed,29,女
ORD009963,良品铺子零食包,食品,食品食品,6585.18,1,6585.18,2024/09/11,华东,银行卡,pending,36,
ORD009964,三体全集,图书,图书图书,3082.85,5,15414.25,2025/05/17,西南,支付宝,completed,56,男
ORD009965,人类简史,图书,图书图书,3935.5,4,15742.0,2025/03/08,华中,银行卡,completed,52,女
ORD009966,深入理解计算机系统,图书,图书图书,9265.12,3,27795.36,2024/12/23,华东,信用卡,cancelled,56,女
ORD009967,H&M 连衣裙,服装,服装服装,7580.14,2,15160.28,2025/02/17,华北,信用卡,cancelled,23,男
ORD009968,算法导论,图书,图书图书,9320.52,10,93205.2,2024/08/10,东北,信用卡,completed,28,男
ORD009969,算法导论,图书,图书图书,3424.36,8,27394.88,2024/09/17,东北,微信支付,completed,19,
ORD009970,人类简史,图书,图书图书,6193.44,8,49547.52,2025/02/06,东北,信用卡,completed,44,男
ORD009971,星巴克咖啡豆,食品,食品食品,363.67,8,2909.36,2024/03/15,西南,微信支付,cancelled,22,女
ORD009972,Adidas Ultraboost,服装,服装服装,8642.28,4,34569.12,2024/09/09,华中,微信支付,completed,51,女
ORD009973,New Balance 574,服装,服装服装,5521.39,10,55213.9,2024/05/20,西南,支付宝,refunded,21,
ORD009974,iPhone 15,电子产品,电子产品,7274.92,9,65474.28,2024/03/16,华北,微信支付,completed,43,
ORD009975,原则,图书,图书图书,9910.45,4,39641.8,2025/02/02,西南,信用卡,completed,55,
ORD009976,优衣库羽绒服,服装,服装服装,8957.02,5,44785.1,2024/02/09,华东,银行卡,pending,24,
ORD009977,iPhone 15,电子产品,电子产品,75.71,3,227.13,2024/01/04,华东,银行卡,refunded,23,女
ORD009978,iPad Air,电子产品,电子产品,4897.46,4,19589.84,2024/06/09,西南,银行卡,pending,41,男
ORD009979,三体全集,图书,图书图书,4124.08,3,12372.24,2024/04/24,华北,银行卡,completed,27,
ORD009980,蒙牛纯牛奶,食品,食品食品,1910.16,9,17191.44,2024/12/08,东北,微信支付,pending,50,
ORD009981,iPhone 15,电子产品,电子产品,1112.07,9,10008.63,2024/08/23,西南,支付宝,completed,53,
ORD009982,罗技 MX Master 3,电子产品,电子产品,5209.47,6,31256.82,2025/01/28,西南,微信支付,cancelled,41,女
ORD009983,罗技 MX Master 3,电子产品,电子产品,4318.85,5,21594.25,2024/03/24,华北,银行卡,cancelled,60,女
ORD009984,优衣库羽绒服,服装,服装服装,5189.07,1,5189.07,2024/04/16,西南,银行卡,completed,51,女
ORD009985,算法导论,图书,图书图书,4095.98,7,28671.86,2024/10/03,华北,支付宝,pending,60,
ORD009986,农夫山泉,食品,食品食品,6567.34,4,26269.36,2025/05/13,华北,微信支付,pending,50,男
ORD009987,算法导论,图书,图书图书,8208.02,7,57456.14,2025/03/01,华中,信用卡,pending,28,女
ORD009988,蒙牛纯牛奶,食品,食品食品,3372.49,8,26979.92,2024/01/10,西北,微信支付,pending,33,
ORD009989,MacBook Air,电子产品,电子产品,1547.48,10,15474.8,2024/03/17,东北,信用卡,completed,40,女
ORD009990,Samsung Galaxy S24,电子产品,电子产品,5290.29,8,42322.32,2024/04/12,西南,支付宝,completed,53,男
ORD009991,iPhone 15,电子产品,电子产品,1121.85,8,8974.8,2025/03/13,华东,银行卡,completed,20,女
ORD009992,宜家书架,家居,家居家居,1196.77,5,5983.85,2025/05/31,华东,微信支付,completed,36,男
ORD009993,Sony WH-1000XM5,电子产品,电子产品,5656.47,1,5656.47,2024/05/14,华北,支付宝,completed,27,男
ORD009994,Sony WH-1000XM5,电子产品,电子产品,2898.04,6,17388.24,2024/03/23,西北,微信支付,pending,47,男
ORD009995,思考快与慢,图书,图书图书,6233.7,9,56103.3,2024/03/02,华中,支付宝,pending,61,男
ORD009996,人类简史,图书,图书图书,3138.16,2,6276.32,2025/04/25,华北,支付宝,completed,18,女
ORD009997,iPad Air,电子产品,电子产品,92.85,8,742.8,2025/02/06,东北,微信支付,pending,24,
ORD009998,Levi's 501,服装,服装服装,4917.99,3,14753.97,2025/01/19,华中,信用卡,cancelled,25,男
ORD009999,九阳豆浆机,家居,家居家居,1063.41,10,10634.1,2024/06/30,西南,银行卡,completed,65,
